,company,date,title,salary,All_Sectors,Accounting & Finance Jobs,Admin Jobs,Consultancy Jobs,Customer Services Jobs,Domestic help & Cleaning Jobs,"Energy, Oil & Gas Jobs",Engineering Jobs,HR & Recruitment Jobs,Healthcare & Nursing Jobs,Hospitality & Catering Jobs,IT Jobs,Legal Jobs,Logistics & Warehouse Jobs,Maintenance Jobs,Manufacturing Jobs,Other/General Jobs,"PR, Advertising & Marketing Jobs",Property Jobs,Retail Jobs,Sales Jobs,Scientific & QA Jobs,Teaching Jobs,Trade & Construction Jobs,Unknown
0,Select Source International,2018-01-01,Engineer Degreed II,0,Unknown,0,0,0,0,0,0,0,0,0,0,0,0,0,0,0,0,0,0,0,0,0,0,0,1
1,Select Source International,2018-01-01,Complaint Investigations Tech,0,Unknown,0,0,0,0,0,0,0,0,0,0,0,0,0,0,0,0,0,0,0,0,0,0,0,1
3,Select Source International,2018-01-01,CRA,0,Unknown,0,0,0,0,0,0,0,0,0,0,0,0,0,0,0,0,0,0,0,0,0,0,0,1
4,Select Source International,2018-01-01,Engineer - Degreed II,0,Unknown,0,0,0,0,0,0,0,0,0,0,0,0,0,0,0,0,0,0,0,0,0,0,0,1
6,Select Source International,2018-01-01,Associate Scientist I,0,Unknown,0,0,0,0,0,0,0,0,0,0,0,0,0,0,0,0,0,0,0,0,0,0,0,1
7,Select Source International,2018-01-01,Import/ Export Analyst - D,0,Unknown,0,0,0,0,0,0,0,0,0,0,0,0,0,0,0,0,0,0,0,0,0,0,0,1
11,Heartland Express,2018-02-01,Class A CDL Truck Driver,0,Unknown,0,0,0,0,0,0,0,0,0,0,0,0,0,0,0,0,0,0,0,0,0,0,0,1
12,Heartland Express,2018-02-01,CDL-A Truck Driver - Great Pay and Routes,0,Unknown,0,0,0,0,0,0,0,0,0,0,0,0,0,0,0,0,0,0,0,0,0,0,0,1
13,Select Source International,2018-03-01,Project Coordinator,0,Unknown,0,0,0,0,0,0,0,0,0,0,0,0,0,0,0,0,0,0,0,0,0,0,0,1
14,Select Source International,2018-03-01,Quality Assurance Specialist,0,Unknown,0,0,0,0,0,0,0,0,0,0,0,0,0,0,0,0,0,0,0,0,0,0,0,1
15,Select Source International,2018-05-01,Clinical Research Associate (CRA),0,Unknown,0,0,0,0,0,0,0,0,0,0,0,0,0,0,0,0,0,0,0,0,0,0,0,1
16,HouseSitter,2018-06-01,"House Sitting Wanted - House And Pet Sitter Over Thanksgiving Week, Seeking House Sitter",0,Domestic help & Cleaning Jobs,0,0,0,0,1,0,0,0,0,0,0,0,0,0,0,0,0,0,0,0,0,0,0,0
17,Penumbra,2018-06-01,Marketing Manager,0,Healthcare & Nursing Jobs,0,0,0,0,0,0,0,0,1,0,0,0,0,0,0,0,0,0,0,0,0,0,0,0
18,Penumbra,2018-06-01,Manufacturing Engineering Manager,0,Healthcare & Nursing Jobs,0,0,0,0,0,0,0,0,1,0,0,0,0,0,0,0,0,0,0,0,0,0,0,0
19,Penumbra,2018-06-01,Senior Revenue Accountant,0,Healthcare & Nursing Jobs,0,0,0,0,0,0,0,0,1,0,0,0,0,0,0,0,0,0,0,0,0,0,0,0
20,Abbott,2018-06-01,"Sr Product Manager, Consumer Access",0,Healthcare & Nursing Jobs,0,0,0,0,0,0,0,0,1,0,0,0,0,0,0,0,0,0,0,0,0,0,0,0
21,Superprof,2018-07-01,"Superprof, the USA’s 1 tutoring network, is offering you the chance to become a private Oral expression - English tutor - Alameda",0,Teaching Jobs,0,0,0,0,0,0,0,0,0,0,0,0,0,0,0,0,0,0,0,0,0,1,0,0
22,Massage Envy,2018-07-01,Massage Therapist,0,Unknown,0,0,0,0,0,0,0,0,0,0,0,0,0,0,0,0,0,0,0,0,0,0,0,1
23,CyberCoders,2018-08-01,Land Dev/Civil Infrastructure Sr. Super: 1B Development (200k),0,Unknown,0,0,0,0,0,0,0,0,0,0,0,0,0,0,0,0,0,0,0,0,0,0,0,1
24,Massage Envy,2018-08-01,Licensed Massage Therapist,0,Unknown,0,0,0,0,0,0,0,0,0,0,0,0,0,0,0,0,0,0,0,0,0,0,0,1
25,Massage Envy,2018-08-01,Massage Technician,0,Unknown,0,0,0,0,0,0,0,0,0,0,0,0,0,0,0,0,0,0,0,0,0,0,0,1
26,CVS Health,2018-08-01,Pharmacy Technician - Target Store,0,Retail Jobs,0,0,0,0,0,0,0,0,0,0,0,0,0,0,0,0,0,0,1,0,0,0,0,0
27,CVS Health,2018-08-01,Pharmacy Technician,0,Retail Jobs,0,0,0,0,0,0,0,0,0,0,0,0,0,0,0,0,0,0,1,0,0,0,0,0
28,CVS Health,2018-08-01,Shift Supervisor Management Trainee,0,Retail Jobs,0,0,0,0,0,0,0,0,0,0,0,0,0,0,0,0,0,0,1,0,0,0,0,0
29,CVS Health,2018-08-01,Retail Store Associate,0,Other/General Jobs,0,0,0,0,0,0,0,0,0,0,0,0,0,0,0,1,0,0,0,0,0,0,0,0
30,Orangetheory Fitness,2018-08-01,Fitness Coach,0,Other/General Jobs,0,0,0,0,0,0,0,0,0,0,0,0,0,0,0,1,0,0,0,0,0,0,0,0
31,Orangetheory Fitness,2018-08-01,Sales Associate,0,Sales Jobs,0,0,0,0,0,0,0,0,0,0,0,0,0,0,0,0,0,0,0,1,0,0,0,0
32,Exelixis,2018-08-01,Senior Clinical Supplies Manager,0,Healthcare & Nursing Jobs,0,0,0,0,0,0,0,0,1,0,0,0,0,0,0,0,0,0,0,0,0,0,0,0
33,Penumbra,2018-08-01,Senior Accountant,0,Healthcare & Nursing Jobs,0,0,0,0,0,0,0,0,1,0,0,0,0,0,0,0,0,0,0,0,0,0,0,0
34,Abbott,2018-08-01,Engineering Director,0,Healthcare & Nursing Jobs,0,0,0,0,0,0,0,0,1,0,0,0,0,0,0,0,0,0,0,0,0,0,0,0
35,Abbott,2018-08-01,"Director of Marketing, ADC CALA Area",0,Healthcare & Nursing Jobs,0,0,0,0,0,0,0,0,1,0,0,0,0,0,0,0,0,0,0,0,0,0,0,0
36,Abbott,2018-08-01,Principal Engineer - Project Management,0,Healthcare & Nursing Jobs,0,0,0,0,0,0,0,0,1,0,0,0,0,0,0,0,0,0,0,0,0,0,0,0
37,Abbott,2018-09-01,Principal Engineer - Failure Analysis,0,Healthcare & Nursing Jobs,0,0,0,0,0,0,0,0,1,0,0,0,0,0,0,0,0,0,0,0,0,0,0,0
38,Telecare,2018-09-01,Senior Vice President/Human Resources - Chief Human Resources Officer,0,Healthcare & Nursing Jobs,0,0,0,0,0,0,0,0,1,0,0,0,0,0,0,0,0,0,0,0,0,0,0,0
39,Healthy Living Network,2018-09-01,Registered Nurse,0,Unknown,0,0,0,0,0,0,0,0,0,0,0,0,0,0,0,0,0,0,0,0,0,0,0,1
40,Wind River,2018-09-01,Treasury Manager,0,IT Jobs,0,0,0,0,0,0,0,0,0,0,1,0,0,0,0,0,0,0,0,0,0,0,0,0
41,Abbott,2018-09-01,Privacy Manager,0,Healthcare & Nursing Jobs,0,0,0,0,0,0,0,0,1,0,0,0,0,0,0,0,0,0,0,0,0,0,0,0
42,Orangetheory Fitness,2018-09-01,Assistant Studio Manager,0,Other/General Jobs,0,0,0,0,0,0,0,0,0,0,0,0,0,0,0,1,0,0,0,0,0,0,0,0
43,Exelixis,2018-09-01,Senior Clinical Trials Specialist,0,Healthcare & Nursing Jobs,0,0,0,0,0,0,0,0,1,0,0,0,0,0,0,0,0,0,0,0,0,0,0,0
44,Abbott,2018-09-01,Senior Team Lead - Mobile Software Engineer,0,Healthcare & Nursing Jobs,0,0,0,0,0,0,0,0,1,0,0,0,0,0,0,0,0,0,0,0,0,0,0,0
45,Telecare,2018-09-01,Senior Software Engineer - Behavioral Health Organization,0,Healthcare & Nursing Jobs,0,0,0,0,0,0,0,0,1,0,0,0,0,0,0,0,0,0,0,0,0,0,0,0
46,Wind River,2018-09-01,Sr. Oracle Applications Developer,0,IT Jobs,0,0,0,0,0,0,0,0,0,0,1,0,0,0,0,0,0,0,0,0,0,0,0,0
47,FCSpsy,2018-09-01,General Psychiatrist,0,Healthcare & Nursing Jobs,0,0,0,0,0,0,0,0,1,0,0,0,0,0,0,0,0,0,0,0,0,0,0,0
48,Abbott,2018-10-01,Manager Compliance,0,Healthcare & Nursing Jobs,0,0,0,0,0,0,0,0,1,0,0,0,0,0,0,0,0,0,0,0,0,0,0,0
49,Abbott,2018-10-01,Marketing Manager,0,Healthcare & Nursing Jobs,0,0,0,0,0,0,0,0,1,0,0,0,0,0,0,0,0,0,0,0,0,0,0,0
50,CVS Pharmacy,2018-10-01,Clerk/Cashier,0,Unknown,0,0,0,0,0,0,0,0,0,0,0,0,0,0,0,0,0,0,0,0,0,0,0,1
51,CVS Caremark,2018-10-01,Store Team Member,0,Unknown,0,0,0,0,0,0,0,0,0,0,0,0,0,0,0,0,0,0,0,0,0,0,0,1
52,CyberCoders,2018-10-01,"Software Engineer - Geospatial, PostGIS, Python",0,IT Jobs,0,0,0,0,0,0,0,0,0,0,1,0,0,0,0,0,0,0,0,0,0,0,0,0
53,Soliant Health,2018-10-01,Speech Language Pathologist,0,Unknown,0,0,0,0,0,0,0,0,0,0,0,0,0,0,0,0,0,0,0,0,0,0,0,1
54,Soliant Health,2018-10-01,School Psychologist Job near Alameda California,0,Unknown,0,0,0,0,0,0,0,0,0,0,0,0,0,0,0,0,0,0,0,0,0,0,0,1
55,Soliant Health,2018-10-01,"Full Time - Occupational Therapist - Alameda, California",0,Unknown,0,0,0,0,0,0,0,0,0,0,0,0,0,0,0,0,0,0,0,0,0,0,0,1
56,Cameron Craig,2018-10-01,Plumbing Project Engineer,0,Unknown,0,0,0,0,0,0,0,0,0,0,0,0,0,0,0,0,0,0,0,0,0,0,0,1
57,Abbott,2018-10-01,CRM Program Manager,0,Healthcare & Nursing Jobs,0,0,0,0,0,0,0,0,1,0,0,0,0,0,0,0,0,0,0,0,0,0,0,0
58,OTJobs.com,2018-10-01,"Full Time - Occupational Therapist - Alameda, California",0,Unknown,0,0,0,0,0,0,0,0,0,0,0,0,0,0,0,0,0,0,0,0,0,0,0,1
59,Select Source International,2018-10-01,Calibration Technician II_SJM,0,Unknown,0,0,0,0,0,0,0,0,0,0,0,0,0,0,0,0,0,0,0,0,0,0,0,1
60,On Demand,2018-10-01,Want To Work From Home? Multiple companies are looking for people like you.,0,Unknown,0,0,0,0,0,0,0,0,0,0,0,0,0,0,0,0,0,0,0,0,0,0,0,1
61,On Demand,2018-10-01,Want To Be Your Own Boss? Multiple companies are looking for people like you.,0,Unknown,0,0,0,0,0,0,0,0,0,0,0,0,0,0,0,0,0,0,0,0,0,0,0,1
62,On Demand,2018-10-01,Searching For A Cashier Job? Multiple companies are looking for people like you.,0,Unknown,0,0,0,0,0,0,0,0,0,0,0,0,0,0,0,0,0,0,0,0,0,0,0,1
63,On Demand,2018-10-01,Have a driver's license and want to earn extra cash?,0,Unknown,0,0,0,0,0,0,0,0,0,0,0,0,0,0,0,0,0,0,0,0,0,0,0,1
64,On Demand,2018-10-01,Searching For A Job At Burger King? Multiple Companes are Looking For People Like You,0,Unknown,0,0,0,0,0,0,0,0,0,0,0,0,0,0,0,0,0,0,0,0,0,0,0,1
65,Exelixis,2018-10-01,"Director, Biostatistics",0,Unknown,0,0,0,0,0,0,0,0,0,0,0,0,0,0,0,0,0,0,0,0,0,0,0,1
66,Exelixis,2018-10-01,Associate CMC Director,0,Unknown,0,0,0,0,0,0,0,0,0,0,0,0,0,0,0,0,0,0,0,0,0,0,0,1
67,Penumbra,2018-10-01,Quality Engineer,0,Engineering Jobs,0,0,0,0,0,0,1,0,0,0,0,0,0,0,0,0,0,0,0,0,0,0,0,0
68,Exelixis,2018-10-01,"Associate Director, Biostatistics",0,Unknown,0,0,0,0,0,0,0,0,0,0,0,0,0,0,0,0,0,0,0,0,0,0,0,1
69,Exelixis,2018-10-01,"Vice President, Scientific Strategy",0,Scientific & QA Jobs,0,0,0,0,0,0,0,0,0,0,0,0,0,0,0,0,0,0,0,0,1,0,0,0
70,Peet's Coffee & Tea,2018-10-01,Process Engineer,0,Engineering Jobs,0,0,0,0,0,0,1,0,0,0,0,0,0,0,0,0,0,0,0,0,0,0,0,0
71,Alameda Health System,2018-10-01,AHD Sr X-Ray Tech,0,Unknown,0,0,0,0,0,0,0,0,0,0,0,0,0,0,0,0,0,0,0,0,0,0,0,1
72,Exelixis,2018-10-01,Temporary Senior Statistical Programmer,0,Engineering Jobs,0,0,0,0,0,0,1,0,0,0,0,0,0,0,0,0,0,0,0,0,0,0,0,0
73,Penumbra,2018-10-01,Senior Statistician,0,Unknown,0,0,0,0,0,0,0,0,0,0,0,0,0,0,0,0,0,0,0,0,0,0,0,1
74,Penumbra,2018-10-01,Senior Quality Engineer,0,Engineering Jobs,0,0,0,0,0,0,1,0,0,0,0,0,0,0,0,0,0,0,0,0,0,0,0,0
75,Abbott,2018-11-01,"Counsel, Commercial Legal",0,Healthcare & Nursing Jobs,0,0,0,0,0,0,0,0,1,0,0,0,0,0,0,0,0,0,0,0,0,0,0,0
76,Abbott,2018-11-01,Medical Outcomes Manager - Remote - East Coast Territory,0,Healthcare & Nursing Jobs,0,0,0,0,0,0,0,0,1,0,0,0,0,0,0,0,0,0,0,0,0,0,0,0
77,Exelixis,2018-11-01,Temporary Senior Clinical Recruiter,0,HR & Recruitment Jobs,0,0,0,0,0,0,0,1,0,0,0,0,0,0,0,0,0,0,0,0,0,0,0,0
78,Exelixis,2018-11-01,Senior Clinical Supplies Manager,0,Healthcare & Nursing Jobs,0,0,0,0,0,0,0,0,1,0,0,0,0,0,0,0,0,0,0,0,0,0,0,0
79,Penumbra,2018-11-01,Senior Regulatory Specialist,0,Unknown,0,0,0,0,0,0,0,0,0,0,0,0,0,0,0,0,0,0,0,0,0,0,0,1
80,Alameda Health System,2018-11-01,AHD Medical Assistant,0,Healthcare & Nursing Jobs,0,0,0,0,0,0,0,0,1,0,0,0,0,0,0,0,0,0,0,0,0,0,0,0
81,Exelixis,2018-11-01,"Director, Translational Medicine (Immunological)",0,Unknown,0,0,0,0,0,0,0,0,0,0,0,0,0,0,0,0,0,0,0,0,0,0,0,1
82,Exelixis,2018-11-01,Senior Clinical Outsourcing Manager,0,Healthcare & Nursing Jobs,0,0,0,0,0,0,0,0,1,0,0,0,0,0,0,0,0,0,0,0,0,0,0,0
83,Exelixis,2018-11-01,Clinical Science Director,0,Unknown,0,0,0,0,0,0,0,0,0,0,0,0,0,0,0,0,0,0,0,0,0,0,0,1
84,Exelixis,2018-11-01,"Associate Director, Regulatory Affairs",0,Unknown,0,0,0,0,0,0,0,0,0,0,0,0,0,0,0,0,0,0,0,0,0,0,0,1
85,Exelixis,2018-11-01,Data Systems and Programming Manager,0,Healthcare & Nursing Jobs,0,0,0,0,0,0,0,0,1,0,0,0,0,0,0,0,0,0,0,0,0,0,0,0
86,Penumbra,2018-11-01,Senior Patent Counsel,0,Unknown,0,0,0,0,0,0,0,0,0,0,0,0,0,0,0,0,0,0,0,0,0,0,0,1
87,Exelixis,2018-11-01,"Senior Medical Director, Clinical Development",0,Unknown,0,0,0,0,0,0,0,0,0,0,0,0,0,0,0,0,0,0,0,0,0,0,0,1
88,Alameda Health System,2018-11-01,Manager of Care Management (Alameda Hospital),0,Retail Jobs,0,0,0,0,0,0,0,0,0,0,0,0,0,0,0,0,0,0,1,0,0,0,0,0
89,Penumbra,2018-11-01,Quality Supervisor,0,Healthcare & Nursing Jobs,0,0,0,0,0,0,0,0,1,0,0,0,0,0,0,0,0,0,0,0,0,0,0,0
90,Penumbra,2018-11-01,IT Infrastructure Manager,0,Healthcare & Nursing Jobs,0,0,0,0,0,0,0,0,1,0,0,0,0,0,0,0,0,0,0,0,0,0,0,0
91,Penumbra,2018-11-01,"Director, Ethics and Compliance",0,Unknown,0,0,0,0,0,0,0,0,0,0,0,0,0,0,0,0,0,0,0,0,0,0,0,1
92,Exelixis,2018-11-01,Trial Master Files (eTMF) Manager,0,Unknown,0,0,0,0,0,0,0,0,0,0,0,0,0,0,0,0,0,0,0,0,0,0,0,1
93,Alameda Unified School District,2018-11-01,Occupational Therapist,0,Healthcare & Nursing Jobs,0,0,0,0,0,0,0,0,1,0,0,0,0,0,0,0,0,0,0,0,0,0,0,0
94,Penumbra,2018-11-01,Regulatory Specialist,0,Unknown,0,0,0,0,0,0,0,0,0,0,0,0,0,0,0,0,0,0,0,0,0,0,0,1
95,Penumbra,2018-11-01,"Development Manager, Enterprise Applications",0,Healthcare & Nursing Jobs,0,0,0,0,0,0,0,0,1,0,0,0,0,0,0,0,0,0,0,0,0,0,0,0
96,Exelixis,2018-11-01,Senior Clinical Trials Manager,0,Healthcare & Nursing Jobs,0,0,0,0,0,0,0,0,1,0,0,0,0,0,0,0,0,0,0,0,0,0,0,0
97,Massage Envy,2018-11-01,Massage Therapist - Alameda California,0,Healthcare & Nursing Jobs,0,0,0,0,0,0,0,0,1,0,0,0,0,0,0,0,0,0,0,0,0,0,0,0
98,Penumbra,2018-11-01,Equipment Engineering Specialist,0,Healthcare & Nursing Jobs,0,0,0,0,0,0,0,0,1,0,0,0,0,0,0,0,0,0,0,0,0,0,0,0
99,Alameda Health System,2018-11-01,AHD Staff Nurse II,0,Unknown,0,0,0,0,0,0,0,0,0,0,0,0,0,0,0,0,0,0,0,0,0,0,0,1
100,Alameda Health System,2018-11-01,Director of Nursing - Park Bridge Rehabilitation & Wellness,0,Unknown,0,0,0,0,0,0,0,0,0,0,0,0,0,0,0,0,0,0,0,0,0,0,0,1
101,Penumbra,2018-11-01,Corporate Counsel,0,Manufacturing Jobs,0,0,0,0,0,0,0,0,0,0,0,0,0,0,1,0,0,0,0,0,0,0,0,0
102,SchoolPsychJobs.com,2018-11-01,"School Psychologist Job in Alameda, CA",0,Unknown,0,0,0,0,0,0,0,0,0,0,0,0,0,0,0,0,0,0,0,0,0,0,0,1
103,SchoolPsychJobs.com,2018-11-01,School Psychologist Job near Alameda California,0,Unknown,0,0,0,0,0,0,0,0,0,0,0,0,0,0,0,0,0,0,0,0,0,0,0,1
104,Penumbra,2018-11-01,Customer Service/Sales Support Associate,0,Sales Jobs,0,0,0,0,0,0,0,0,0,0,0,0,0,0,0,0,0,0,0,1,0,0,0,0
105,Penumbra,2018-11-01,Senior Revenue Accountant,0,Accounting & Finance Jobs,1,0,0,0,0,0,0,0,0,0,0,0,0,0,0,0,0,0,0,0,0,0,0,0
106,Town Sports International Holdings Inc,2018-11-01,Membership Sales Consultant,0,Unknown,0,0,0,0,0,0,0,0,0,0,0,0,0,0,0,0,0,0,0,0,0,0,0,1
107,Exelixis,2018-11-01,Senior Tax Accountant,0,Accounting & Finance Jobs,1,0,0,0,0,0,0,0,0,0,0,0,0,0,0,0,0,0,0,0,0,0,0,0
108,"Union Bank, N.A.",2018-11-01,Term Employee - Administrative Specialist,0,Unknown,0,0,0,0,0,0,0,0,0,0,0,0,0,0,0,0,0,0,0,0,0,0,0,1
109,Wind River,2018-11-01,Treasury Manager,0,Accounting & Finance Jobs,1,0,0,0,0,0,0,0,0,0,0,0,0,0,0,0,0,0,0,0,0,0,0,0
110,Exelixis,2018-11-01,Revenue Manager,0,Retail Jobs,0,0,0,0,0,0,0,0,0,0,0,0,0,0,0,0,0,0,1,0,0,0,0,0
111,Exelixis,2018-11-01,Executive Alliance Management Director,0,Customer Services Jobs,0,0,0,1,0,0,0,0,0,0,0,0,0,0,0,0,0,0,0,0,0,0,0,0
112,Prolim Global,2018-11-01,JPC 1104 - Devops Engineer,0,Consultancy Jobs,0,0,1,0,0,0,0,0,0,0,0,0,0,0,0,0,0,0,0,0,0,0,0,0
113,"AAA Northern California, Nevada and Utah Insurance Exchange",2018-11-01,Insurance Associate - Bilingual Vietnamese,0,Accounting & Finance Jobs,1,0,0,0,0,0,0,0,0,0,0,0,0,0,0,0,0,0,0,0,0,0,0,0
114,Exelixis,2018-11-01,Quality Assurance Director (GCP/PV),0,Scientific & QA Jobs,0,0,0,0,0,0,0,0,0,0,0,0,0,0,0,0,0,0,0,0,1,0,0,0
115,Environmental & Occupational,2018-11-01,Senior Environmental Health & Safety Consultant,0,Consultancy Jobs,0,0,1,0,0,0,0,0,0,0,0,0,0,0,0,0,0,0,0,0,0,0,0,0
116,Penumbra,2018-11-01,Business Systems Analyst: ERP Systems,0,Unknown,0,0,0,0,0,0,0,0,0,0,0,0,0,0,0,0,0,0,0,0,0,0,0,1
117,Exelixis,2018-11-01,"Associate Marketing Director, Key Customer Team",0,"PR, Advertising & Marketing Jobs",0,0,0,0,0,0,0,0,0,0,0,0,0,0,0,0,1,0,0,0,0,0,0,0
118,Wind River,2018-11-01,Sr. Oracle Applications Developer,0,IT Jobs,0,0,0,0,0,0,0,0,0,0,1,0,0,0,0,0,0,0,0,0,0,0,0,0
119,Exelixis,2018-11-01,Senior Network Engineer,0,IT Jobs,0,0,0,0,0,0,0,0,0,0,1,0,0,0,0,0,0,0,0,0,0,0,0,0
120,Penumbra,2018-11-01,Marketing Manager,0,"PR, Advertising & Marketing Jobs",0,0,0,0,0,0,0,0,0,0,0,0,0,0,0,0,1,0,0,0,0,0,0,0
121,Alameda Health System,2018-11-01,AHD Licensed Vocational Nurse - PB,0,Unknown,0,0,0,0,0,0,0,0,0,0,0,0,0,0,0,0,0,0,0,0,0,0,0,1
122,Soliant Health,2018-11-01,"SLP Opening in Alameda, California- Full Time",0,Unknown,0,0,0,0,0,0,0,0,0,0,0,0,0,0,0,0,0,0,0,0,0,0,0,1
123,Penumbra,2018-11-01,FP&A Analyst,0,Accounting & Finance Jobs,1,0,0,0,0,0,0,0,0,0,0,0,0,0,0,0,0,0,0,0,0,0,0,0
124,Penumbra,2018-11-01,FP&A Manager,0,Accounting & Finance Jobs,1,0,0,0,0,0,0,0,0,0,0,0,0,0,0,0,0,0,0,0,0,0,0,0
125,Abbott,2018-11-01,"Division Counsel, Patent & IP",0,Healthcare & Nursing Jobs,0,0,0,0,0,0,0,0,1,0,0,0,0,0,0,0,0,0,0,0,0,0,0,0
126,Abbott,2018-11-01,Quality Systems IT Business Analyst,0,Healthcare & Nursing Jobs,0,0,0,0,0,0,0,0,1,0,0,0,0,0,0,0,0,0,0,0,0,0,0,0
127,Exelixis,2018-11-01,Quality Assurance Manager (GMP),0,Scientific & QA Jobs,0,0,0,0,0,0,0,0,0,0,0,0,0,0,0,0,0,0,0,0,1,0,0,0
128,"AAA Northern California, Nevada and Utah Insurance Exchange",2018-11-01,Member Experience Associate - Bilingual Chinese or Vietnamese,0,Unknown,0,0,0,0,0,0,0,0,0,0,0,0,0,0,0,0,0,0,0,0,0,0,0,1
129,Alameda Health System,2018-11-01,AHD Assistant Nurse Manager,0,Healthcare & Nursing Jobs,0,0,0,0,0,0,0,0,1,0,0,0,0,0,0,0,0,0,0,0,0,0,0,0
130,Alameda Unified School District,2018-11-01,Science - Grades 7-8 (1.0 FTE) Wood MS (REOPENED),0,Unknown,0,0,0,0,0,0,0,0,0,0,0,0,0,0,0,0,0,0,0,0,0,0,0,1
131,SchoolPsychJobs.com,2018-11-01,"Alameda, CA Part-time School Psychologist for Middle and High School Population",0,Unknown,0,0,0,0,0,0,0,0,0,0,0,0,0,0,0,0,0,0,0,0,0,0,0,1
132,Penumbra,2018-11-01,Contracts Manager,0,Retail Jobs,0,0,0,0,0,0,0,0,0,0,0,0,0,0,0,0,0,0,1,0,0,0,0,0
133,The Stepping Stones Group,2018-11-01,Speech-Language Pathologist,0,Teaching Jobs,0,0,0,0,0,0,0,0,0,0,0,0,0,0,0,0,0,0,0,0,0,1,0,0
134,Soliant Health,2018-11-01,"School Physical Therapy - Oakland, CA",0,Unknown,0,0,0,0,0,0,0,0,0,0,0,0,0,0,0,0,0,0,0,0,0,0,0,1
135,Soliant Health,2018-11-01,"PT Opening (Alameda,CA)",0,Unknown,0,0,0,0,0,0,0,0,0,0,0,0,0,0,0,0,0,0,0,0,0,0,0,1
136,Abbott,2018-11-01,"Director of Marketing, Market Access",0,Healthcare & Nursing Jobs,0,0,0,0,0,0,0,0,1,0,0,0,0,0,0,0,0,0,0,0,0,0,0,0
137,Abbott,2018-11-01,"Senior Manager, IT Business Relationship Management, Customer Service",0,Healthcare & Nursing Jobs,0,0,0,0,0,0,0,0,1,0,0,0,0,0,0,0,0,0,0,0,0,0,0,0
138,Abbott,2018-11-01,"Senior Manager, IT Business Relationship Management, Consumer",0,Healthcare & Nursing Jobs,0,0,0,0,0,0,0,0,1,0,0,0,0,0,0,0,0,0,0,0,0,0,0,0
139,Abbott,2018-11-01,Financial Analyst - Commercial Operations,0,Healthcare & Nursing Jobs,0,0,0,0,0,0,0,0,1,0,0,0,0,0,0,0,0,0,0,0,0,0,0,0
140,Abbott,2018-11-01,"Senior Manager, IT Business Relationship Management, Sales Operations",0,Healthcare & Nursing Jobs,0,0,0,0,0,0,0,0,1,0,0,0,0,0,0,0,0,0,0,0,0,0,0,0
141,Massage Envy,2018-11-01,Sales Assocaite,0,Sales Jobs,0,0,0,0,0,0,0,0,0,0,0,0,0,0,0,0,0,0,0,1,0,0,0,0
142,Alameda Health System,2018-11-01,AHD Registered Nurse - Park Bridge,0,Unknown,0,0,0,0,0,0,0,0,0,0,0,0,0,0,0,0,0,0,0,0,0,0,0,1
143,Wind River,2018-11-01,Senior Field Marketing Specialist,0,"PR, Advertising & Marketing Jobs",0,0,0,0,0,0,0,0,0,0,0,0,0,0,0,0,1,0,0,0,0,0,0,0
144,Bank of Marin,2018-11-01,Retail Banker - Sales/New Accounts Experience,0,Sales Jobs,0,0,0,0,0,0,0,0,0,0,0,0,0,0,0,0,0,0,0,1,0,0,0,0
145,Soliant Health,2018-11-01,Part-time Physical Therapist,0,Unknown,0,0,0,0,0,0,0,0,0,0,0,0,0,0,0,0,0,0,0,0,0,0,0,1
146,The North Face,2018-11-01,"Director, Global Strategy",0,Unknown,0,0,0,0,0,0,0,0,0,0,0,0,0,0,0,0,0,0,0,0,0,0,0,1
147,Abbott,2018-11-01,Global Compliance Specialist,0,Healthcare & Nursing Jobs,0,0,0,0,0,0,0,0,1,0,0,0,0,0,0,0,0,0,0,0,0,0,0,0
148,Soliant Health,2018-11-01,"Physical Therapist, Part-time - Alameda, California",0,Unknown,0,0,0,0,0,0,0,0,0,0,0,0,0,0,0,0,0,0,0,0,0,0,0,1
149,Abbott,2018-11-01,Project Lead - Design Control,0,Healthcare & Nursing Jobs,0,0,0,0,0,0,0,0,1,0,0,0,0,0,0,0,0,0,0,0,0,0,0,0
150,Abbott,2018-11-01,Senior Regulatory Affairs Specialist,0,Healthcare & Nursing Jobs,0,0,0,0,0,0,0,0,1,0,0,0,0,0,0,0,0,0,0,0,0,0,0,0
151,Abbott,2018-11-01,Senior Manufacturing Process Engineer,0,Healthcare & Nursing Jobs,0,0,0,0,0,0,0,0,1,0,0,0,0,0,0,0,0,0,0,0,0,0,0,0
152,Abbott,2018-11-01,R&D Product Engineer IV,0,Healthcare & Nursing Jobs,0,0,0,0,0,0,0,0,1,0,0,0,0,0,0,0,0,0,0,0,0,0,0,0
153,Abbott,2018-11-01,Embedded Software Engineer V,0,Healthcare & Nursing Jobs,0,0,0,0,0,0,0,0,1,0,0,0,0,0,0,0,0,0,0,0,0,0,0,0
154,"Exelixis, Inc.",2018-11-01,"Director, Strategic Marketing",0,Unknown,0,0,0,0,0,0,0,0,0,0,0,0,0,0,0,0,0,0,0,0,0,0,0,1
155,"Exelixis, Inc.",2018-11-01,"Associate Director, Regulatory Affairs",0,Unknown,0,0,0,0,0,0,0,0,0,0,0,0,0,0,0,0,0,0,0,0,0,0,0,1
156,"Exelixis, Inc.",2018-11-01,Clinical Science Director,0,Unknown,0,0,0,0,0,0,0,0,0,0,0,0,0,0,0,0,0,0,0,0,0,0,0,1
157,"Exelixis, Inc.",2018-11-01,Associate CMC Director,0,Unknown,0,0,0,0,0,0,0,0,0,0,0,0,0,0,0,0,0,0,0,0,0,0,0,1
158,"Exelixis, Inc.",2018-11-01,"Associate Marketing Director, Key Customer Team",0,Unknown,0,0,0,0,0,0,0,0,0,0,0,0,0,0,0,0,0,0,0,0,0,0,0,1
159,Exelixis,2018-11-01,Medical Writer II,0,Unknown,0,0,0,0,0,0,0,0,0,0,0,0,0,0,0,0,0,0,0,0,0,0,0,1
160,Alameda Health System,2018-11-01,"AHD Supervisor, Nursing",0,Unknown,0,0,0,0,0,0,0,0,0,0,0,0,0,0,0,0,0,0,0,0,0,0,0,1
161,Abbott,2018-11-01,Associate R&D Program Manager,0,Healthcare & Nursing Jobs,0,0,0,0,0,0,0,0,1,0,0,0,0,0,0,0,0,0,0,0,0,0,0,0
162,Abbott,2018-11-01,R&D Program Manager III,0,Healthcare & Nursing Jobs,0,0,0,0,0,0,0,0,1,0,0,0,0,0,0,0,0,0,0,0,0,0,0,0
163,Telecare Corporation,2018-11-01,Regional Director of Operations,0,Unknown,0,0,0,0,0,0,0,0,0,0,0,0,0,0,0,0,0,0,0,0,0,0,0,1
164,Telecare Corporation,2018-11-01,Regional Director Operations - Must have Nursing Home Administrator License,0,Unknown,0,0,0,0,0,0,0,0,0,0,0,0,0,0,0,0,0,0,0,0,0,0,0,1
165,Telecare Corporation,2018-11-01,Senior Vice President/Human Resources - Chief Human Resources Officer,0,Unknown,0,0,0,0,0,0,0,0,0,0,0,0,0,0,0,0,0,0,0,0,0,0,0,1
166,Abbott,2018-11-01,Commercial Transformation Program Manager,0,Healthcare & Nursing Jobs,0,0,0,0,0,0,0,0,1,0,0,0,0,0,0,0,0,0,0,0,0,0,0,0
167,Town Sports International Holdings Inc,2018-11-01,Sales Manager – Hourly,0,Sales Jobs,0,0,0,0,0,0,0,0,0,0,0,0,0,0,0,0,0,0,0,1,0,0,0,0
168,Wind River,2018-11-01,Senior Tax Analyst,0,Accounting & Finance Jobs,1,0,0,0,0,0,0,0,0,0,0,0,0,0,0,0,0,0,0,0,0,0,0,0
169,Sutter Health,2018-11-01,Senior Decision Support (Business Intelligence) Analyst,0,Healthcare & Nursing Jobs,0,0,0,0,0,0,0,0,1,0,0,0,0,0,0,0,0,0,0,0,0,0,0,0
170,Soliant Health,2018-11-01,Inpaitent Day Shift Pharmacist,0,Unknown,0,0,0,0,0,0,0,0,0,0,0,0,0,0,0,0,0,0,0,0,0,0,0,1
171,Abbott,2018-12-01,Operations FP&A Consolidations Manager,0,Healthcare & Nursing Jobs,0,0,0,0,0,0,0,0,1,0,0,0,0,0,0,0,0,0,0,0,0,0,0,0
172,Pacific Dental Services,2018-12-01,Associate Dentist,0,Healthcare & Nursing Jobs,0,0,0,0,0,0,0,0,1,0,0,0,0,0,0,0,0,0,0,0,0,0,0,0
173,Exelixis,2018-12-01,Senior Statistical Programmer II,0,Engineering Jobs,0,0,0,0,0,0,1,0,0,0,0,0,0,0,0,0,0,0,0,0,0,0,0,0
174,Wind River,2018-12-01,Sales Development Representative,0,Sales Jobs,0,0,0,0,0,0,0,0,0,0,0,0,0,0,0,0,0,0,0,1,0,0,0,0
175,Massage Envy,2018-12-01,Massage Therapist Part & Full Time,0,Healthcare & Nursing Jobs,0,0,0,0,0,0,0,0,1,0,0,0,0,0,0,0,0,0,0,0,0,0,0,0
176,"Iconma, L.L.C.",2018-12-01,Complaint Investigations Tech,0,Accounting & Finance Jobs,1,0,0,0,0,0,0,0,0,0,0,0,0,0,0,0,0,0,0,0,0,0,0,0
177,Penumbra,2018-12-01,Senior Payroll Analyst,0,Accounting & Finance Jobs,1,0,0,0,0,0,0,0,0,0,0,0,0,0,0,0,0,0,0,0,0,0,0,0
178,SchoolPsychJobs.com,2018-12-01,"School Psychologist Job - Alameda, CA - Multiple School Sites",0,Unknown,0,0,0,0,0,0,0,0,0,0,0,0,0,0,0,0,0,0,0,0,0,0,0,1
179,SchoolPsychJobs.com,2018-12-01,"School Psychologist job opportunity near Alameda, CA",0,Unknown,0,0,0,0,0,0,0,0,0,0,0,0,0,0,0,0,0,0,0,0,0,0,0,1
180,Exelixis,2018-12-01,Temporary Recruiting Coordinator,0,HR & Recruitment Jobs,0,0,0,0,0,0,0,1,0,0,0,0,0,0,0,0,0,0,0,0,0,0,0,0
181,Penumbra,2018-12-01,Contracts Manager,0,Healthcare & Nursing Jobs,0,0,0,0,0,0,0,0,1,0,0,0,0,0,0,0,0,0,0,0,0,0,0,0
182,Penumbra,2018-12-01,"Development Manager, Enterprise Applications",0,Healthcare & Nursing Jobs,0,0,0,0,0,0,0,0,1,0,0,0,0,0,0,0,0,0,0,0,0,0,0,0
183,Penumbra,2018-12-01,Corporate Counsel,0,Healthcare & Nursing Jobs,0,0,0,0,0,0,0,0,1,0,0,0,0,0,0,0,0,0,0,0,0,0,0,0
184,VF Corporation,2018-12-01,The North Face: Global Merchandising Manager,0,Unknown,0,0,0,0,0,0,0,0,0,0,0,0,0,0,0,0,0,0,0,0,0,0,0,1
185,Penumbra,2018-12-01,"Director, Ethics and Compliance",0,Healthcare & Nursing Jobs,0,0,0,0,0,0,0,0,1,0,0,0,0,0,0,0,0,0,0,0,0,0,0,0
186,Penumbra,2018-12-01,IT Infrastructure Manager,0,Healthcare & Nursing Jobs,0,0,0,0,0,0,0,0,1,0,0,0,0,0,0,0,0,0,0,0,0,0,0,0
187,Penumbra,2018-12-01,FP&A Manager,0,Healthcare & Nursing Jobs,0,0,0,0,0,0,0,0,1,0,0,0,0,0,0,0,0,0,0,0,0,0,0,0
188,VF Corporation,2018-12-01,"The North Face: Manager, Regional Merchandising",0,Unknown,0,0,0,0,0,0,0,0,0,0,0,0,0,0,0,0,0,0,0,0,0,0,0,1
189,VF Corporation,2018-12-01,The North Face: Sr. Ecommerce Asset Coordinator,0,Unknown,0,0,0,0,0,0,0,0,0,0,0,0,0,0,0,0,0,0,0,0,0,0,0,1
190,VF Corporation,2018-12-01,"VF Corporation: Director, Product Engineering & Operations",0,Unknown,0,0,0,0,0,0,0,0,0,0,0,0,0,0,0,0,0,0,0,0,0,0,0,1
191,"Kelly Services, Inc.",2018-12-01,Sr. Scientist (Pre-formulations),0,Scientific & QA Jobs,0,0,0,0,0,0,0,0,0,0,0,0,0,0,0,0,0,0,0,0,1,0,0,0
192,Telecare,2018-12-01,Regional Director Operations - Must have Nursing Home Administrator License,0,Healthcare & Nursing Jobs,0,0,0,0,0,0,0,0,1,0,0,0,0,0,0,0,0,0,0,0,0,0,0,0
193,Penumbra,2018-12-01,Senior Web Developer,0,IT Jobs,0,0,0,0,0,0,0,0,0,0,1,0,0,0,0,0,0,0,0,0,0,0,0,0
194,Galileo Learning,2018-12-01,"Summer Program Director, San Jose Area (2019)",0,Admin Jobs,0,1,0,0,0,0,0,0,0,0,0,0,0,0,0,0,0,0,0,0,0,0,0,0
195,Penumbra,2018-12-01,Senior Web Developer,0,Healthcare & Nursing Jobs,0,0,0,0,0,0,0,0,1,0,0,0,0,0,0,0,0,0,0,0,0,0,0,0
196,Abbott,2018-12-01,Agile Project Manager,0,Healthcare & Nursing Jobs,0,0,0,0,0,0,0,0,1,0,0,0,0,0,0,0,0,0,0,0,0,0,0,0
197,VF Corporation,2018-12-01,The North Face: Materials Manager,0,Unknown,0,0,0,0,0,0,0,0,0,0,0,0,0,0,0,0,0,0,0,0,0,0,0,1
198,Abbott,2018-12-01,Quality Systems Analyst II – CAPA Process,0,Healthcare & Nursing Jobs,0,0,0,0,0,0,0,0,1,0,0,0,0,0,0,0,0,0,0,0,0,0,0,0
199,Abbott,2018-12-01,Senior Brand Manager,0,Healthcare & Nursing Jobs,0,0,0,0,0,0,0,0,1,0,0,0,0,0,0,0,0,0,0,0,0,0,0,0
200,Soliant Health,2018-12-01,Physical Therapist - California,0,Unknown,0,0,0,0,0,0,0,0,0,0,0,0,0,0,0,0,0,0,0,0,0,0,0,1
201,Soliant Health,2018-12-01,Travel Echo Tech,0,Unknown,0,0,0,0,0,0,0,0,0,0,0,0,0,0,0,0,0,0,0,0,0,0,0,1
202,Exelixis,2018-12-01,Senior Clinical Trials Manager,0,Healthcare & Nursing Jobs,0,0,0,0,0,0,0,0,1,0,0,0,0,0,0,0,0,0,0,0,0,0,0,0
203,Exelixis,2018-12-01,Executive Alliance Management Director,0,Healthcare & Nursing Jobs,0,0,0,0,0,0,0,0,1,0,0,0,0,0,0,0,0,0,0,0,0,0,0,0
204,Exelixis,2018-12-01,Senior Clinical Data Manager,0,Healthcare & Nursing Jobs,0,0,0,0,0,0,0,0,1,0,0,0,0,0,0,0,0,0,0,0,0,0,0,0
205,Exelixis,2018-12-01,Desktop Support Specialist,0,Healthcare & Nursing Jobs,0,0,0,0,0,0,0,0,1,0,0,0,0,0,0,0,0,0,0,0,0,0,0,0
206,Exelixis,2018-12-01,Senior Tax Accountant,0,Healthcare & Nursing Jobs,0,0,0,0,0,0,0,0,1,0,0,0,0,0,0,0,0,0,0,0,0,0,0,0
207,Exelixis,2018-12-01,Senior Statistical Programmer II,0,Healthcare & Nursing Jobs,0,0,0,0,0,0,0,0,1,0,0,0,0,0,0,0,0,0,0,0,0,0,0,0
208,Exelixis,2018-12-01,Data Systems and Programming Manager,0,Healthcare & Nursing Jobs,0,0,0,0,0,0,0,0,1,0,0,0,0,0,0,0,0,0,0,0,0,0,0,0
209,Exelixis,2018-12-01,"Associate Marketing Director, Key Customer Team",0,Healthcare & Nursing Jobs,0,0,0,0,0,0,0,0,1,0,0,0,0,0,0,0,0,0,0,0,0,0,0,0
210,Exelixis,2018-12-01,Revenue Manager,0,Healthcare & Nursing Jobs,0,0,0,0,0,0,0,0,1,0,0,0,0,0,0,0,0,0,0,0,0,0,0,0
211,Exelixis,2018-12-01,"Director, Biostatistics",0,Healthcare & Nursing Jobs,0,0,0,0,0,0,0,0,1,0,0,0,0,0,0,0,0,0,0,0,0,0,0,0
212,Exelixis,2018-12-01,Clinical Science Director,0,Healthcare & Nursing Jobs,0,0,0,0,0,0,0,0,1,0,0,0,0,0,0,0,0,0,0,0,0,0,0,0
213,Exelixis,2018-12-01,Quality Assurance Director (GCP/PV),0,Healthcare & Nursing Jobs,0,0,0,0,0,0,0,0,1,0,0,0,0,0,0,0,0,0,0,0,0,0,0,0
214,Exelixis,2018-12-01,Associate CMC Director,0,Healthcare & Nursing Jobs,0,0,0,0,0,0,0,0,1,0,0,0,0,0,0,0,0,0,0,0,0,0,0,0
215,Exelixis,2018-12-01,Senior Network Engineer,0,Healthcare & Nursing Jobs,0,0,0,0,0,0,0,0,1,0,0,0,0,0,0,0,0,0,0,0,0,0,0,0
216,Exelixis,2018-12-01,Quality Assurance Manager (GMP),0,Healthcare & Nursing Jobs,0,0,0,0,0,0,0,0,1,0,0,0,0,0,0,0,0,0,0,0,0,0,0,0
217,Exelixis,2018-12-01,"Associate Director, Biostatistics",0,Healthcare & Nursing Jobs,0,0,0,0,0,0,0,0,1,0,0,0,0,0,0,0,0,0,0,0,0,0,0,0
218,Exelixis,2018-12-01,"Director, GI Strategic Marketing",0,Healthcare & Nursing Jobs,0,0,0,0,0,0,0,0,1,0,0,0,0,0,0,0,0,0,0,0,0,0,0,0
219,Exelixis,2018-12-01,Senior Clinical Outsourcing Manager,0,Healthcare & Nursing Jobs,0,0,0,0,0,0,0,0,1,0,0,0,0,0,0,0,0,0,0,0,0,0,0,0
220,Exelixis,2018-12-01,"Senior Medical Director, Clinical Development",0,Healthcare & Nursing Jobs,0,0,0,0,0,0,0,0,1,0,0,0,0,0,0,0,0,0,0,0,0,0,0,0
221,Exelixis,2018-12-01,"Vice President, Scientific Strategy",0,Healthcare & Nursing Jobs,0,0,0,0,0,0,0,0,1,0,0,0,0,0,0,0,0,0,0,0,0,0,0,0
222,Exelixis,2018-12-01,"Director, Translational Medicine (Immunological)",0,Healthcare & Nursing Jobs,0,0,0,0,0,0,0,0,1,0,0,0,0,0,0,0,0,0,0,0,0,0,0,0
224,Exelixis,2018-12-01,Temporary Accounts Payable Specialist,0,Accounting & Finance Jobs,1,0,0,0,0,0,0,0,0,0,0,0,0,0,0,0,0,0,0,0,0,0,0,0
225,Uber,2018-12-01,Flexible Winter Schedule - Drive with Uber,0,Other/General Jobs,0,0,0,0,0,0,0,0,0,0,0,0,0,0,0,1,0,0,0,0,0,0,0,0
226,Uber,2018-12-01,Need extra cash for the season? Become an Uber Driver Partner.,0,Other/General Jobs,0,0,0,0,0,0,0,0,0,0,0,0,0,0,0,1,0,0,0,0,0,0,0,0
227,Uber,2018-12-01,Driver - Supplement your Income,0,Other/General Jobs,0,0,0,0,0,0,0,0,0,0,0,0,0,0,0,1,0,0,0,0,0,0,0,0
228,Uber,2018-12-01,Flexible Driving Opportunity,0,Other/General Jobs,0,0,0,0,0,0,0,0,0,0,0,0,0,0,0,1,0,0,0,0,0,0,0,0
229,Uber,2018-12-01,Customer Service Focused - Drive with Uber,0,Other/General Jobs,0,0,0,0,0,0,0,0,0,0,0,0,0,0,0,1,0,0,0,0,0,0,0,0
230,Uber,2018-12-01,Want to earn extra money? Drive with Uber,0,Other/General Jobs,0,0,0,0,0,0,0,0,0,0,0,0,0,0,0,1,0,0,0,0,0,0,0,0
231,Uber,2018-12-01,Flexible Work for Retirement - Uber Driver Partner,0,Other/General Jobs,0,0,0,0,0,0,0,0,0,0,0,0,0,0,0,1,0,0,0,0,0,0,0,0
232,Uber,2018-12-01,Uber Driver Partner - Supplement Your Warehouse Income,0,Other/General Jobs,0,0,0,0,0,0,0,0,0,0,0,0,0,0,0,1,0,0,0,0,0,0,0,0
234,Uber,2018-12-01,Driver - Earn from a car,0,Other/General Jobs,0,0,0,0,0,0,0,0,0,0,0,0,0,0,0,1,0,0,0,0,0,0,0,0
235,Uber,2018-12-01,Seasonal Driving Opportunity,0,Other/General Jobs,0,0,0,0,0,0,0,0,0,0,0,0,0,0,0,1,0,0,0,0,0,0,0,0
236,Uber,2018-12-01,Early Bird Schedule - Uber Driver Partner,0,Other/General Jobs,0,0,0,0,0,0,0,0,0,0,0,0,0,0,0,1,0,0,0,0,0,0,0,0
237,Uber,2018-12-01,Uber Driver Partner - Start earning on the side,0,Other/General Jobs,0,0,0,0,0,0,0,0,0,0,0,0,0,0,0,1,0,0,0,0,0,0,0,0
238,Uber,2018-12-01,Uber Driver Partner - Get Paid Instantly,0,Other/General Jobs,0,0,0,0,0,0,0,0,0,0,0,0,0,0,0,1,0,0,0,0,0,0,0,0
239,Uber,2018-12-01,Uber Driver Partner - Earn money on your schedule,0,Other/General Jobs,0,0,0,0,0,0,0,0,0,0,0,0,0,0,0,1,0,0,0,0,0,0,0,0
240,Uber,2018-12-01,Customer Service Alternative - Drive with Uber,0,Other/General Jobs,0,0,0,0,0,0,0,0,0,0,0,0,0,0,0,1,0,0,0,0,0,0,0,0
241,Uber,2018-12-01,Uber Driver - Independent Contractor,0,Other/General Jobs,0,0,0,0,0,0,0,0,0,0,0,0,0,0,0,1,0,0,0,0,0,0,0,0
242,Uber,2018-12-01,Part Time - Uber Partner Driver,0,Other/General Jobs,0,0,0,0,0,0,0,0,0,0,0,0,0,0,0,1,0,0,0,0,0,0,0,0
243,Uber,2018-12-01,Uber Driver Partner (Pick your own hours),0,Other/General Jobs,0,0,0,0,0,0,0,0,0,0,0,0,0,0,0,1,0,0,0,0,0,0,0,0
244,Uber,2018-12-01,Uber Driver Partner - Earn in your free time,0,Other/General Jobs,0,0,0,0,0,0,0,0,0,0,0,0,0,0,0,1,0,0,0,0,0,0,0,0
245,Uber,2018-12-01,Uber Driver - Opportunity to Earn Tips,0,Other/General Jobs,0,0,0,0,0,0,0,0,0,0,0,0,0,0,0,1,0,0,0,0,0,0,0,0
246,Uber,2018-12-01,Uber Driver Partner - A new way to earn,0,Other/General Jobs,0,0,0,0,0,0,0,0,0,0,0,0,0,0,0,1,0,0,0,0,0,0,0,0
247,Uber,2018-12-01,Uber Driver Partner - Supplement Your Assistant Income,0,Other/General Jobs,0,0,0,0,0,0,0,0,0,0,0,0,0,0,0,1,0,0,0,0,0,0,0,0
248,Uber,2018-12-01,Flexible Hours & Daily Pay - Uber Partner Driver,0,Other/General Jobs,0,0,0,0,0,0,0,0,0,0,0,0,0,0,0,1,0,0,0,0,0,0,0,0
249,Uber,2018-12-01,Uber Driver Partner - Supplement Your Full Time Income,0,Other/General Jobs,0,0,0,0,0,0,0,0,0,0,0,0,0,0,0,1,0,0,0,0,0,0,0,0
250,Uber,2018-12-01,Uber Driver Partner - Supplement Your Work From Home Income,0,Other/General Jobs,0,0,0,0,0,0,0,0,0,0,0,0,0,0,0,1,0,0,0,0,0,0,0,0
251,Uber,2018-12-01,Uber Driver Partner - Supplement Your Business Income,0,Other/General Jobs,0,0,0,0,0,0,0,0,0,0,0,0,0,0,0,1,0,0,0,0,0,0,0,0
252,Uber,2018-12-01,Uber Driver Partner - Get Paid Daily,0,Other/General Jobs,0,0,0,0,0,0,0,0,0,0,0,0,0,0,0,1,0,0,0,0,0,0,0,0
253,Uber,2018-12-01,Uber Driver Partner - Put your free time to work,0,Other/General Jobs,0,0,0,0,0,0,0,0,0,0,0,0,0,0,0,1,0,0,0,0,0,0,0,0
254,Uber,2018-12-01,Customer Service - Get Your Side Hustle on with Uber,0,Other/General Jobs,0,0,0,0,0,0,0,0,0,0,0,0,0,0,0,1,0,0,0,0,0,0,0,0
257,Uber,2018-12-01,Uber Driver Partner (Part Time Independent Contractor),0,Other/General Jobs,0,0,0,0,0,0,0,0,0,0,0,0,0,0,0,1,0,0,0,0,0,0,0,0
258,Uber,2018-12-01,Uber Driver Partner - Earn extra with your car,0,Other/General Jobs,0,0,0,0,0,0,0,0,0,0,0,0,0,0,0,1,0,0,0,0,0,0,0,0
259,Uber,2018-12-01,Drive & Earn when You Want,0,Other/General Jobs,0,0,0,0,0,0,0,0,0,0,0,0,0,0,0,1,0,0,0,0,0,0,0,0
260,Uber,2018-12-01,Get a Side Gig - Uber Driver Partner,0,Other/General Jobs,0,0,0,0,0,0,0,0,0,0,0,0,0,0,0,1,0,0,0,0,0,0,0,0
261,Uber,2018-12-01,Uber Driver Partner (Flexible Hours & Weekly Pay),0,Other/General Jobs,0,0,0,0,0,0,0,0,0,0,0,0,0,0,0,1,0,0,0,0,0,0,0,0
262,Uber,2018-12-01,Night Shift Gig - Uber Driver Partner,0,Other/General Jobs,0,0,0,0,0,0,0,0,0,0,0,0,0,0,0,1,0,0,0,0,0,0,0,0
263,Uber,2018-12-01,Great Customer Service - Drive with Uber,0,Other/General Jobs,0,0,0,0,0,0,0,0,0,0,0,0,0,0,0,1,0,0,0,0,0,0,0,0
264,Uber,2018-12-01,Personal Transportation,0,Other/General Jobs,0,0,0,0,0,0,0,0,0,0,0,0,0,0,0,1,0,0,0,0,0,0,0,0
265,Uber,2018-12-01,Personal Drivers with Uber,0,Other/General Jobs,0,0,0,0,0,0,0,0,0,0,0,0,0,0,0,1,0,0,0,0,0,0,0,0
266,Uber,2018-12-01,Driver,0,Other/General Jobs,0,0,0,0,0,0,0,0,0,0,0,0,0,0,0,1,0,0,0,0,0,0,0,0
267,Uber,2018-12-01,Uber Driver Partner - Supplement Your Transportation Income,0,Other/General Jobs,0,0,0,0,0,0,0,0,0,0,0,0,0,0,0,1,0,0,0,0,0,0,0,0
268,Uber,2018-12-01,Uber Part Time Driver - Independent Contractor,0,Other/General Jobs,0,0,0,0,0,0,0,0,0,0,0,0,0,0,0,1,0,0,0,0,0,0,0,0
269,Uber,2018-12-01,Driver-Partner - frequent payouts with instant pay,0,Other/General Jobs,0,0,0,0,0,0,0,0,0,0,0,0,0,0,0,1,0,0,0,0,0,0,0,0
270,Uber,2018-12-01,Get Your Side Hustle On - Uber Driver Partner,0,Other/General Jobs,0,0,0,0,0,0,0,0,0,0,0,0,0,0,0,1,0,0,0,0,0,0,0,0
271,Uber,2018-12-01,Drive on Your Schedule,0,Other/General Jobs,0,0,0,0,0,0,0,0,0,0,0,0,0,0,0,1,0,0,0,0,0,0,0,0
273,Uber,2018-12-01,Work in Customer Service? Earn Extra Cash,0,Other/General Jobs,0,0,0,0,0,0,0,0,0,0,0,0,0,0,0,1,0,0,0,0,0,0,0,0
274,Uber,2018-12-01,Driver Partner - Uber (Earn Extra Income),0,Other/General Jobs,0,0,0,0,0,0,0,0,0,0,0,0,0,0,0,1,0,0,0,0,0,0,0,0
275,Uber,2018-12-01,Uber Driver Partner (Get Paid Weekly),0,Other/General Jobs,0,0,0,0,0,0,0,0,0,0,0,0,0,0,0,1,0,0,0,0,0,0,0,0
276,Uber,2018-12-01,Boost your Customer Service Income - Become an Uber Driver,0,Other/General Jobs,0,0,0,0,0,0,0,0,0,0,0,0,0,0,0,1,0,0,0,0,0,0,0,0
277,Uber,2018-12-01,Work for Weekend Cash - Drive with Uber,0,Other/General Jobs,0,0,0,0,0,0,0,0,0,0,0,0,0,0,0,1,0,0,0,0,0,0,0,0
279,Uber,2018-12-01,Boost your earnings with tips. Drive with Uber.,0,Other/General Jobs,0,0,0,0,0,0,0,0,0,0,0,0,0,0,0,1,0,0,0,0,0,0,0,0
280,Uber,2018-12-01,Uber Driver Partner - Turn extra time into cash,0,Other/General Jobs,0,0,0,0,0,0,0,0,0,0,0,0,0,0,0,1,0,0,0,0,0,0,0,0
281,Uber,2018-12-01,Uber Driver Partner - Ready to make money?,0,Other/General Jobs,0,0,0,0,0,0,0,0,0,0,0,0,0,0,0,1,0,0,0,0,0,0,0,0
282,Uber,2018-12-01,Uber Driver Partner - Supplement Your Night Income,0,Other/General Jobs,0,0,0,0,0,0,0,0,0,0,0,0,0,0,0,1,0,0,0,0,0,0,0,0
283,Uber,2018-12-01,Need extra cash? Drive with Uber and earn tips,0,Other/General Jobs,0,0,0,0,0,0,0,0,0,0,0,0,0,0,0,1,0,0,0,0,0,0,0,0
284,Uber,2018-12-01,Uber Driver Partner,0,Other/General Jobs,0,0,0,0,0,0,0,0,0,0,0,0,0,0,0,1,0,0,0,0,0,0,0,0
285,Uber,2018-12-01,Part Time Driver with Uber,0,Other/General Jobs,0,0,0,0,0,0,0,0,0,0,0,0,0,0,0,1,0,0,0,0,0,0,0,0
286,Uber,2018-12-01,Uber Driver Partner - Flexible hours and fast earnings,0,Other/General Jobs,0,0,0,0,0,0,0,0,0,0,0,0,0,0,0,1,0,0,0,0,0,0,0,0
287,Uber,2018-12-01,Driver - Independent Contractor,0,Other/General Jobs,0,0,0,0,0,0,0,0,0,0,0,0,0,0,0,1,0,0,0,0,0,0,0,0
288,Uber,2018-12-01,Become an Uber Driver and Earn Tips,0,Other/General Jobs,0,0,0,0,0,0,0,0,0,0,0,0,0,0,0,1,0,0,0,0,0,0,0,0
289,Uber,2018-12-01,Uber Driver Partner - An easy way to earn,0,Other/General Jobs,0,0,0,0,0,0,0,0,0,0,0,0,0,0,0,1,0,0,0,0,0,0,0,0
290,Uber,2018-12-01,"Uber Driver Partner - Drive anytime, get paid instantly",0,Other/General Jobs,0,0,0,0,0,0,0,0,0,0,0,0,0,0,0,1,0,0,0,0,0,0,0,0
291,Uber,2018-12-01,Uber Driver Partner - Supplement Your Truck Driver Income,0,Other/General Jobs,0,0,0,0,0,0,0,0,0,0,0,0,0,0,0,1,0,0,0,0,0,0,0,0
293,Uber,2018-12-01,Need extra cash for the season? Drive with Uber,0,Other/General Jobs,0,0,0,0,0,0,0,0,0,0,0,0,0,0,0,1,0,0,0,0,0,0,0,0
294,Uber,2018-12-01,Uber Full Time Driver - Independent Contractor,0,Other/General Jobs,0,0,0,0,0,0,0,0,0,0,0,0,0,0,0,1,0,0,0,0,0,0,0,0
295,Uber,2018-12-01,Uber Driver Partner - Full Time,0,Other/General Jobs,0,0,0,0,0,0,0,0,0,0,0,0,0,0,0,1,0,0,0,0,0,0,0,0
296,Uber,2018-12-01,Make More Money this Season Driving Your Car. Drive with Uber,0,Other/General Jobs,0,0,0,0,0,0,0,0,0,0,0,0,0,0,0,1,0,0,0,0,0,0,0,0
297,Uber,2018-12-01,Uber Driver Partner - Supplement Your Part Time Income,0,Other/General Jobs,0,0,0,0,0,0,0,0,0,0,0,0,0,0,0,1,0,0,0,0,0,0,0,0
298,Uber,2018-12-01,Uber Driver Partner (Full Time Independent Contractor),0,Other/General Jobs,0,0,0,0,0,0,0,0,0,0,0,0,0,0,0,1,0,0,0,0,0,0,0,0
299,Uber,2018-12-01,Call Center Alternative - Drive with Uber,0,Other/General Jobs,0,0,0,0,0,0,0,0,0,0,0,0,0,0,0,1,0,0,0,0,0,0,0,0
300,Uber,2018-12-01,Uber Driving Partner (Choose your own hours),0,Other/General Jobs,0,0,0,0,0,0,0,0,0,0,0,0,0,0,0,1,0,0,0,0,0,0,0,0
301,Uber,2018-12-01,Flexible Hours - Uber Partner Driver,0,Other/General Jobs,0,0,0,0,0,0,0,0,0,0,0,0,0,0,0,1,0,0,0,0,0,0,0,0
302,Uber,2018-12-01,Driver - Entry level,0,Other/General Jobs,0,0,0,0,0,0,0,0,0,0,0,0,0,0,0,1,0,0,0,0,0,0,0,0
303,Uber,2018-12-01,Uber Driver Partner (Choose Your Own Hours),0,Other/General Jobs,0,0,0,0,0,0,0,0,0,0,0,0,0,0,0,1,0,0,0,0,0,0,0,0
305,Uber,2018-12-01,Uber Driver Partner - Sign up. Drive. Earn,0,Other/General Jobs,0,0,0,0,0,0,0,0,0,0,0,0,0,0,0,1,0,0,0,0,0,0,0,0
307,Uber,2018-12-01,Earn on Your Schedule - Drive with Uber,0,Other/General Jobs,0,0,0,0,0,0,0,0,0,0,0,0,0,0,0,1,0,0,0,0,0,0,0,0
308,Uber,2018-12-01,Uber Driver - Partner with us,0,Other/General Jobs,0,0,0,0,0,0,0,0,0,0,0,0,0,0,0,1,0,0,0,0,0,0,0,0
309,Uber,2018-12-01,Extra Income for Retirement - Drive with Uber,0,Other/General Jobs,0,0,0,0,0,0,0,0,0,0,0,0,0,0,0,1,0,0,0,0,0,0,0,0
311,Uber,2018-12-01,Uber Driver Partner - Seasonal Work,0,Other/General Jobs,0,0,0,0,0,0,0,0,0,0,0,0,0,0,0,1,0,0,0,0,0,0,0,0
312,Uber,2018-12-01,Uber Driver Partner - Supplement Your Secretary Income,0,Other/General Jobs,0,0,0,0,0,0,0,0,0,0,0,0,0,0,0,1,0,0,0,0,0,0,0,0
313,Uber,2018-12-01,Uber Driver Partner - Want to choose your hours?,0,Other/General Jobs,0,0,0,0,0,0,0,0,0,0,0,0,0,0,0,1,0,0,0,0,0,0,0,0
314,Uber,2018-12-01,Uber Driver Partner - Not a 9-5. Earn anytime.,0,Other/General Jobs,0,0,0,0,0,0,0,0,0,0,0,0,0,0,0,1,0,0,0,0,0,0,0,0
315,Uber,2018-12-01,Seasonal Gig - Drive with Uber,0,Other/General Jobs,0,0,0,0,0,0,0,0,0,0,0,0,0,0,0,1,0,0,0,0,0,0,0,0
316,Uber,2018-12-01,Uber Driver Partner - Supplement Your Manufacturing Income,0,Other/General Jobs,0,0,0,0,0,0,0,0,0,0,0,0,0,0,0,1,0,0,0,0,0,0,0,0
317,Uber,2018-12-01,Uber Driver Partner - Supplement Your Front Desk Income,0,Other/General Jobs,0,0,0,0,0,0,0,0,0,0,0,0,0,0,0,1,0,0,0,0,0,0,0,0
318,Uber,2018-12-01,Uber Driver Partner - Supplement Your Call Center Income,0,Other/General Jobs,0,0,0,0,0,0,0,0,0,0,0,0,0,0,0,1,0,0,0,0,0,0,0,0
319,Uber,2018-12-01,Retail Associate Alternative - Drive with Uber,0,Other/General Jobs,0,0,0,0,0,0,0,0,0,0,0,0,0,0,0,1,0,0,0,0,0,0,0,0
320,Uber,2018-12-01,Uber Driver Partner - Supplement Your Customer Service Income,0,Other/General Jobs,0,0,0,0,0,0,0,0,0,0,0,0,0,0,0,1,0,0,0,0,0,0,0,0
321,Uber,2018-12-01,Great Retirement Income - Drive with Uber,0,Other/General Jobs,0,0,0,0,0,0,0,0,0,0,0,0,0,0,0,1,0,0,0,0,0,0,0,0
322,Uber,2018-12-01,Seasonal Uber Driver Partner,0,Other/General Jobs,0,0,0,0,0,0,0,0,0,0,0,0,0,0,0,1,0,0,0,0,0,0,0,0
323,Uber,2018-12-01,Uber Driver Partner (Be Your Own Boss),0,Other/General Jobs,0,0,0,0,0,0,0,0,0,0,0,0,0,0,0,1,0,0,0,0,0,0,0,0
324,Uber,2018-12-01,Uber Driver Partner - Start earning today,0,Other/General Jobs,0,0,0,0,0,0,0,0,0,0,0,0,0,0,0,1,0,0,0,0,0,0,0,0
325,Uber,2018-12-01,Uber Driver Partner - Supplement Your Income,0,Other/General Jobs,0,0,0,0,0,0,0,0,0,0,0,0,0,0,0,1,0,0,0,0,0,0,0,0
326,Uber,2018-12-01,Bilingual Uber Driver Partner (English/Spanish),0,Other/General Jobs,0,0,0,0,0,0,0,0,0,0,0,0,0,0,0,1,0,0,0,0,0,0,0,0
327,Telecare Corporation,2018-12-01,Senior Software Engineer - Behavioral Health Organization,0,IT Jobs,0,0,0,0,0,0,0,0,0,0,1,0,0,0,0,0,0,0,0,0,0,0,0,0
328,Revature,2018-12-01,Entry Level Software Engineer,0,IT Jobs,0,0,0,0,0,0,0,0,0,0,1,0,0,0,0,0,0,0,0,0,0,0,0,0
329,"Webcor Builders, Inc.",2018-12-01,Learning & Development Coordinator,0,Customer Services Jobs,0,0,0,1,0,0,0,0,0,0,0,0,0,0,0,0,0,0,0,0,0,0,0,0
330,Alameda Health System,2018-12-01,Director of Nursing,0,Unknown,0,0,0,0,0,0,0,0,0,0,0,0,0,0,0,0,0,0,0,0,0,0,0,1
331,Webcor Builders,2018-12-01,Learning & Development Coordinator,0,Unknown,0,0,0,0,0,0,0,0,0,0,0,0,0,0,0,0,0,0,0,0,0,0,0,1
332,Webcor Builders,2018-12-01,Project Engineer-Warranty,0,Unknown,0,0,0,0,0,0,0,0,0,0,0,0,0,0,0,0,0,0,0,0,0,0,0,1
333,Webcor Builders,2018-12-01,Assistant Superintendent-Warranty,0,Unknown,0,0,0,0,0,0,0,0,0,0,0,0,0,0,0,0,0,0,0,0,0,0,0,1
334,Exelixis,2018-12-01,Contracts Manager II,0,Healthcare & Nursing Jobs,0,0,0,0,0,0,0,0,1,0,0,0,0,0,0,0,0,0,0,0,0,0,0,0
335,Exelixis,2018-12-01,"Executive Director, Development Outsourcing",0,Healthcare & Nursing Jobs,0,0,0,0,0,0,0,0,1,0,0,0,0,0,0,0,0,0,0,0,0,0,0,0
336,Exelixis,2018-12-01,Temporary Clinical Supplies Manager,0,Unknown,0,0,0,0,0,0,0,0,0,0,0,0,0,0,0,0,0,0,0,0,0,0,0,1
337,Exelixis,2018-12-01,Contracts Manager II,0,Scientific & QA Jobs,0,0,0,0,0,0,0,0,0,0,0,0,0,0,0,0,0,0,0,0,1,0,0,0
338,Soliant Health,2018-12-01,"Part Time - Speech Language Pathologist -Alameda, CA",0,Unknown,0,0,0,0,0,0,0,0,0,0,0,0,0,0,0,0,0,0,0,0,0,0,0,1
339,Soliant Health,2018-12-01,"Part-time School-based Physical Therapist, Alameda CA",0,Unknown,0,0,0,0,0,0,0,0,0,0,0,0,0,0,0,0,0,0,0,0,0,0,0,1
340,SchoolPsychJobs.com,2018-12-01,"School Psychologist Job- Alameda, CA",0,Unknown,0,0,0,0,0,0,0,0,0,0,0,0,0,0,0,0,0,0,0,0,0,0,0,1
341,SchoolPsychJobs.com,2018-12-01,"FT School Psychologist Job- Alameda, CA",0,Unknown,0,0,0,0,0,0,0,0,0,0,0,0,0,0,0,0,0,0,0,0,0,0,0,1
342,VF Corporation,2018-12-01,"Manager, Regional Merchandising",0,Unknown,0,0,0,0,0,0,0,0,0,0,0,0,0,0,0,0,0,0,0,0,0,0,0,1
343,VF Corporation,2018-12-01,Project Manager,0,Unknown,0,0,0,0,0,0,0,0,0,0,0,0,0,0,0,0,0,0,0,0,0,0,0,1
344,VF Corporation,2018-12-01,Retail Marketing Manager,0,Unknown,0,0,0,0,0,0,0,0,0,0,0,0,0,0,0,0,0,0,0,0,0,0,0,1
345,VF Corporation,2018-12-01,"VF Corporation, Global Innovation Center: Technology Development Manager, Advanced Manufacturing",0,Unknown,0,0,0,0,0,0,0,0,0,0,0,0,0,0,0,0,0,0,0,0,0,0,0,1
346,Zum,2018-12-01,HIRING - Drive Kids to School (average $32/hr),0,Domestic help & Cleaning Jobs,0,0,0,0,1,0,0,0,0,0,0,0,0,0,0,0,0,0,0,0,0,0,0,0
347,Sonic,2018-12-01,Field Service Technician,0,Trade & Construction Jobs,0,0,0,0,0,0,0,0,0,0,0,0,0,0,0,0,0,0,0,0,0,0,1,0
348,Comerica,2018-12-01,Part Time Bank Teller at Alameda,0,Accounting & Finance Jobs,1,0,0,0,0,0,0,0,0,0,0,0,0,0,0,0,0,0,0,0,0,0,0,0
349,Uber,2018-12-01,Independent Contractor - Uber Partner Driver,0,Other/General Jobs,0,0,0,0,0,0,0,0,0,0,0,0,0,0,0,1,0,0,0,0,0,0,0,0
350,Just Energy,2018-12-01,Compliance Specialist (Bilingual),0,"Energy, Oil & Gas Jobs",0,0,0,0,0,1,0,0,0,0,0,0,0,0,0,0,0,0,0,0,0,0,0,0
351,Abbott,2018-12-01,Principal Engineer - Process Development,0,Healthcare & Nursing Jobs,0,0,0,0,0,0,0,0,1,0,0,0,0,0,0,0,0,0,0,0,0,0,0,0
352,AquaTech Swim School,2018-12-01,Customer Service Representative,0,Customer Services Jobs,0,0,0,1,0,0,0,0,0,0,0,0,0,0,0,0,0,0,0,0,0,0,0,0
353,AquaTech Swim School,2018-12-01,Manager Operations,0,Consultancy Jobs,0,0,1,0,0,0,0,0,0,0,0,0,0,0,0,0,0,0,0,0,0,0,0,0
354,Marina Veterinary & Integrative Car,2018-12-01,Receptionist,0,Healthcare & Nursing Jobs,0,0,0,0,0,0,0,0,1,0,0,0,0,0,0,0,0,0,0,0,0,0,0,0
355,Marina Veterinary & Integrative Car,2018-12-01,Veterinary Technician,0,Healthcare & Nursing Jobs,0,0,0,0,0,0,0,0,1,0,0,0,0,0,0,0,0,0,0,0,0,0,0,0
356,AquaTech Swim School,2018-12-01,Administrative Assistant,0,Admin Jobs,0,1,0,0,0,0,0,0,0,0,0,0,0,0,0,0,0,0,0,0,0,0,0,0
357,Sutter Health,2018-12-01,Field Marketer (Sutter Care at Home),0,"PR, Advertising & Marketing Jobs",0,0,0,0,0,0,0,0,0,0,0,0,0,0,0,0,1,0,0,0,0,0,0,0
358,U.S. Coast Guard,2018-12-01,Attorney Advisor (General),0,Legal Jobs,0,0,0,0,0,0,0,0,0,0,0,1,0,0,0,0,0,0,0,0,0,0,0,0
359,Home Care Assistance,2018-12-01,Caregivers/CNA/CHHA,0,Healthcare & Nursing Jobs,0,0,0,0,0,0,0,0,1,0,0,0,0,0,0,0,0,0,0,0,0,0,0,0
360,Alameda Unified School District,2018-12-01,Health Office Assistant - Ruby Bridges,0,Healthcare & Nursing Jobs,0,0,0,0,0,0,0,0,1,0,0,0,0,0,0,0,0,0,0,0,0,0,0,0
361,"Kelly Services, Inc.",2018-12-01,Clinical Supplies Manager,0,Healthcare & Nursing Jobs,0,0,0,0,0,0,0,0,1,0,0,0,0,0,0,0,0,0,0,0,0,0,0,0
362,"Kelly Services, Inc.",2018-12-01,Sr. Clinical Supplies Manager,0,Healthcare & Nursing Jobs,0,0,0,0,0,0,0,0,1,0,0,0,0,0,0,0,0,0,0,0,0,0,0,0
364,Target,2018-12-01,Apparel Accessories Team Member,0,Unknown,0,0,0,0,0,0,0,0,0,0,0,0,0,0,0,0,0,0,0,0,0,0,0,1
365,Bay Machine and Fabrication,2018-12-01,Hydraulic Technician,0,Engineering Jobs,0,0,0,0,0,0,1,0,0,0,0,0,0,0,0,0,0,0,0,0,0,0,0,0
366,Target,2018-12-01,Food Service Assistant,0,Hospitality & Catering Jobs,0,0,0,0,0,0,0,0,0,1,0,0,0,0,0,0,0,0,0,0,0,0,0,0
367,BAYPOINT HOME HEALTH,2018-12-01,Registered Nurse,0,Healthcare & Nursing Jobs,0,0,0,0,0,0,0,0,1,0,0,0,0,0,0,0,0,0,0,0,0,0,0,0
368,AquaTech Swim School,2018-12-01,Janitorial Cleaner,0,Logistics & Warehouse Jobs,0,0,0,0,0,0,0,0,0,0,0,0,1,0,0,0,0,0,0,0,0,0,0,0
369,Soliant Health,2018-12-01,"Part Time - Physical Therapist - Alameda, California",0,Unknown,0,0,0,0,0,0,0,0,0,0,0,0,0,0,0,0,0,0,0,0,0,0,0,1
370,Soliant Health,2018-12-01,"Full Time - Speech Language Pathologist - Alameda, California",0,Unknown,0,0,0,0,0,0,0,0,0,0,0,0,0,0,0,0,0,0,0,0,0,0,0,1
371,Creative Financial Staffing,2018-12-01,Revenue Manager,0,Healthcare & Nursing Jobs,0,0,0,0,0,0,0,0,1,0,0,0,0,0,0,0,0,0,0,0,0,0,0,0
372,BALAJI MEDICAL CORPORATION,2018-12-01,Medical assistant,0,Unknown,0,0,0,0,0,0,0,0,0,0,0,0,0,0,0,0,0,0,0,0,0,0,0,1
373,Telecare Corp.,2018-12-01,Accounts Payable Technician II - Behavioral Health Corporate Office 901,0,Accounting & Finance Jobs,1,0,0,0,0,0,0,0,0,0,0,0,0,0,0,0,0,0,0,0,0,0,0,0
374,Alegria Community Living,2018-12-01,Direct Support Professional,0,Healthcare & Nursing Jobs,0,0,0,0,0,0,0,0,1,0,0,0,0,0,0,0,0,0,0,0,0,0,0,0
375,Comerica Bank,2018-12-01,Part Time Bank Teller at Alameda,0,Accounting & Finance Jobs,1,0,0,0,0,0,0,0,0,0,0,0,0,0,0,0,0,0,0,0,0,0,0,0
376,Jitterbit,2018-12-01,"Director, Field Sales",0,Sales Jobs,0,0,0,0,0,0,0,0,0,0,0,0,0,0,0,0,0,0,0,1,0,0,0,0
377,Jitterbit,2018-12-01,Customer Success Manager - West,0,Sales Jobs,0,0,0,0,0,0,0,0,0,0,0,0,0,0,0,0,0,0,0,1,0,0,0,0
378,Alameda Power and Telecom,2018-12-01,Police Officer - Recruit,0,Other/General Jobs,0,0,0,0,0,0,0,0,0,0,0,0,0,0,0,1,0,0,0,0,0,0,0,0
379,"Kelly Services, Inc.",2018-12-01,Clinical Supply Manager,0,Healthcare & Nursing Jobs,0,0,0,0,0,0,0,0,1,0,0,0,0,0,0,0,0,0,0,0,0,0,0,0
380,"Jitterbit, Inc.",2018-12-01,Market Research Analyst,0,IT Jobs,0,0,0,0,0,0,0,0,0,0,1,0,0,0,0,0,0,0,0,0,0,0,0,0
381,Scoop Technologies,2018-12-01,Developer Support Engineer,0,Unknown,0,0,0,0,0,0,0,0,0,0,0,0,0,0,0,0,0,0,0,0,0,0,0,1
382,Scoop Technologies,2018-12-01,Mobile Applications Developer,0,Unknown,0,0,0,0,0,0,0,0,0,0,0,0,0,0,0,0,0,0,0,0,0,0,0,1
383,Scoop Technologies,2018-12-01,J2ee Developer,0,Unknown,0,0,0,0,0,0,0,0,0,0,0,0,0,0,0,0,0,0,0,0,0,0,0,1
384,Scoop Technologies,2018-12-01,Applications Developer,0,Unknown,0,0,0,0,0,0,0,0,0,0,0,0,0,0,0,0,0,0,0,0,0,0,0,1
385,Scoop Technologies,2018-12-01,Web Application Developer,0,Unknown,0,0,0,0,0,0,0,0,0,0,0,0,0,0,0,0,0,0,0,0,0,0,0,1
386,Scoop Technologies,2018-12-01,Java Developer,0,Unknown,0,0,0,0,0,0,0,0,0,0,0,0,0,0,0,0,0,0,0,0,0,0,0,1
387,Scoop Technologies,2018-12-01,Kubernetes Developer,0,Unknown,0,0,0,0,0,0,0,0,0,0,0,0,0,0,0,0,0,0,0,0,0,0,0,1
388,Abbott Labs,2018-12-01,Director of Marketing,0,Unknown,0,0,0,0,0,0,0,0,0,0,0,0,0,0,0,0,0,0,0,0,0,0,0,1
389,Abbott Labs,2018-12-01,Business Insights Manager,0,Unknown,0,0,0,0,0,0,0,0,0,0,0,0,0,0,0,0,0,0,0,0,0,0,0,1
390,CyberCoders,2018-12-01,Multi-family Multi Podium- Project Manager (200k-220k base),0,IT Jobs,0,0,0,0,0,0,0,0,0,0,1,0,0,0,0,0,0,0,0,0,0,0,0,0
391,Parker and Lynch,2018-12-01,Revenue Accounting Manager,0,Unknown,0,0,0,0,0,0,0,0,0,0,0,0,0,0,0,0,0,0,0,0,0,0,0,1
392,Zum,2018-12-01,Drive with Zum- flexible schedule,0,Domestic help & Cleaning Jobs,0,0,0,0,1,0,0,0,0,0,0,0,0,0,0,0,0,0,0,0,0,0,0,0
393,Brix Beverage,2018-12-01,Beverage Technician,0,Trade & Construction Jobs,0,0,0,0,0,0,0,0,0,0,0,0,0,0,0,0,0,0,0,0,0,0,1,0
394,Exelixis,2018-12-01,"Associate Director, Regulatory Affairs",0,Healthcare & Nursing Jobs,0,0,0,0,0,0,0,0,1,0,0,0,0,0,0,0,0,0,0,0,0,0,0,0
395,Exelixis,2018-12-01,Associate Medical Writing Director,0,Unknown,0,0,0,0,0,0,0,0,0,0,0,0,0,0,0,0,0,0,0,0,0,0,0,1
396,Alameda Health System,2018-12-01,AHD Telemetry Monitor Technician,0,Unknown,0,0,0,0,0,0,0,0,0,0,0,0,0,0,0,0,0,0,0,0,0,0,0,1
397,Exelixis,2018-12-01,Temporary Assistant Research Scientist II (Compound Repository),0,Scientific & QA Jobs,0,0,0,0,0,0,0,0,0,0,0,0,0,0,0,0,0,0,0,0,1,0,0,0
398,T T & B Inc,2018-12-01,Dishwasher,0,Hospitality & Catering Jobs,0,0,0,0,0,0,0,0,0,1,0,0,0,0,0,0,0,0,0,0,0,0,0,0
399,Galileo Learning,2018-12-01,"Summer Program Director, Palo Alto Area (2019)",0,Admin Jobs,0,1,0,0,0,0,0,0,0,0,0,0,0,0,0,0,0,0,0,0,0,0,0,0
400,Hub Group Trucking,2018-12-01,Dedicated CDL-A Driver Position Available | $5000 Sign On Bonus [135],0,Logistics & Warehouse Jobs,0,0,0,0,0,0,0,0,0,0,0,0,1,0,0,0,0,0,0,0,0,0,0,0
401,Hub Group Trucking,2018-12-01,Dedicated CDL-A Truck Drivers and Yard Hostlers | Flexible Shifts [172],0,Logistics & Warehouse Jobs,0,0,0,0,0,0,0,0,0,0,0,0,1,0,0,0,0,0,0,0,0,0,0,0
402,SpeedPro East Bay,2018-12-01,Print Production Manager,0,IT Jobs,0,0,0,0,0,0,0,0,0,0,1,0,0,0,0,0,0,0,0,0,0,0,0,0
403,Exelixis,2018-12-01,"Director, Investigator Grants",0,Healthcare & Nursing Jobs,0,0,0,0,0,0,0,0,1,0,0,0,0,0,0,0,0,0,0,0,0,0,0,0
404,Exelixis,2018-12-01,Associate Medical Writing Director,0,Healthcare & Nursing Jobs,0,0,0,0,0,0,0,0,1,0,0,0,0,0,0,0,0,0,0,0,0,0,0,0
405,Creative Financial Staffing,2018-12-01,Accounts Payable,0,Healthcare & Nursing Jobs,0,0,0,0,0,0,0,0,1,0,0,0,0,0,0,0,0,0,0,0,0,0,0,0
406,Ridgemont Hospitality,2018-12-01,Director of Revenue Management,0,Hospitality & Catering Jobs,0,0,0,0,0,0,0,0,0,1,0,0,0,0,0,0,0,0,0,0,0,0,0,0
407,Penumbra,2018-12-01,Legal Intern - Summer 2019,0,"PR, Advertising & Marketing Jobs",0,0,0,0,0,0,0,0,0,0,0,0,0,0,0,0,1,0,0,0,0,0,0,0
408,Alameda Power and Telecom,2018-12-01,Senior Fire Code Compliance Officer,0,Other/General Jobs,0,0,0,0,0,0,0,0,0,0,0,0,0,0,0,1,0,0,0,0,0,0,0,0
409,Alameda Power and Telecom,2018-12-01,Fire Administrative Services Manager,0,Accounting & Finance Jobs,1,0,0,0,0,0,0,0,0,0,0,0,0,0,0,0,0,0,0,0,0,0,0,0
410,AccentCare,2018-12-01,Occupational Therapist,0,Healthcare & Nursing Jobs,0,0,0,0,0,0,0,0,1,0,0,0,0,0,0,0,0,0,0,0,0,0,0,0
411,Wipro Ltd.,2018-12-01,Desktop Support Engineer/ Analyst,0,IT Jobs,0,0,0,0,0,0,0,0,0,0,1,0,0,0,0,0,0,0,0,0,0,0,0,0
412,Albin Engineering Services,2018-12-01,Electrical Engineer,0,IT Jobs,0,0,0,0,0,0,0,0,0,0,1,0,0,0,0,0,0,0,0,0,0,0,0,0
413,"Johnson Service Group, Inc.",2018-12-01,iOS Mobile Application Developer-Contract-No C2C,0,IT Jobs,0,0,0,0,0,0,0,0,0,0,1,0,0,0,0,0,0,0,0,0,0,0,0,0
414,Divine Home Care,2018-12-01,"Hiring Caregivers, CNA and HHA in OAKLAND",0,Healthcare & Nursing Jobs,0,0,0,0,0,0,0,0,1,0,0,0,0,0,0,0,0,0,0,0,0,0,0,0
415,Singulex,2018-12-01,Marketing Intern,0,Unknown,0,0,0,0,0,0,0,0,0,0,0,0,0,0,0,0,0,0,0,0,0,0,0,1
416,Singulex,2018-12-01,Country Manager - Spain,0,Unknown,0,0,0,0,0,0,0,0,0,0,0,0,0,0,0,0,0,0,0,0,0,0,0,1
417,Singulex,2018-12-01,"Director, Product Management",0,Unknown,0,0,0,0,0,0,0,0,0,0,0,0,0,0,0,0,0,0,0,0,0,0,0,1
418,Abbott,2018-12-01,Commercial Data Integration Manager,0,Healthcare & Nursing Jobs,0,0,0,0,0,0,0,0,1,0,0,0,0,0,0,0,0,0,0,0,0,0,0,0
419,Abbott,2018-12-01,Business Insights Manager,0,Healthcare & Nursing Jobs,0,0,0,0,0,0,0,0,1,0,0,0,0,0,0,0,0,0,0,0,0,0,0,0
420,Abbott,2018-12-01,Director Global Market Access,0,Healthcare & Nursing Jobs,0,0,0,0,0,0,0,0,1,0,0,0,0,0,0,0,0,0,0,0,0,0,0,0
421,Exelixis,2018-12-01,"Director, Investigator Grants",0,Unknown,0,0,0,0,0,0,0,0,0,0,0,0,0,0,0,0,0,0,0,0,0,0,0,1
422,Exelixis,2018-12-01,"Assistant Research Scientist I, Tumor Biology",0,Scientific & QA Jobs,0,0,0,0,0,0,0,0,0,0,0,0,0,0,0,0,0,0,0,0,1,0,0,0
423,O'Reilly Auto Parts,2018-12-01,Store Counter Sales,0,Retail Jobs,0,0,0,0,0,0,0,0,0,0,0,0,0,0,0,0,0,0,1,0,0,0,0,0
424,U.S. Bank,2018-12-01,Universal Banker 1 NMLS - Alameda Safeway (20 hrs),0,HR & Recruitment Jobs,0,0,0,0,0,0,0,1,0,0,0,0,0,0,0,0,0,0,0,0,0,0,0,0
425,Target,2018-12-01,Logistics Team Member - Flow,0,Unknown,0,0,0,0,0,0,0,0,0,0,0,0,0,0,0,0,0,0,0,0,0,0,0,1
426,U.S. Bank,2018-12-01,Peak Time Teller - Alameda Safeway (19 hrs),0,Accounting & Finance Jobs,1,0,0,0,0,0,0,0,0,0,0,0,0,0,0,0,0,0,0,0,0,0,0,0
427,Apploi,2018-12-01,Share Activity Director,0,Unknown,0,0,0,0,0,0,0,0,0,0,0,0,0,0,0,0,0,0,0,0,0,0,0,1
428,MissionCare,2018-12-01,Hiring Full-Time Caregivers (PCA/HHA/CNA/Companions) – Flex Schedules,0,Healthcare & Nursing Jobs,0,0,0,0,0,0,0,0,1,0,0,0,0,0,0,0,0,0,0,0,0,0,0,0
429,Home Care Assistance,2018-12-01,Caregiver,0,Healthcare & Nursing Jobs,0,0,0,0,0,0,0,0,1,0,0,0,0,0,0,0,0,0,0,0,0,0,0,0
430,Alameda Unified School District,2018-12-01,Health Office Assistant - Earhart (External),0,Healthcare & Nursing Jobs,0,0,0,0,0,0,0,0,1,0,0,0,0,0,0,0,0,0,0,0,0,0,0,0
431,Department Of Defense,2018-12-01,Mechanical Engineer,0,Engineering Jobs,0,0,0,0,0,0,1,0,0,0,0,0,0,0,0,0,0,0,0,0,0,0,0,0
432,Play House,2018-12-01,Bartender,0,Hospitality & Catering Jobs,0,0,0,0,0,0,0,0,0,1,0,0,0,0,0,0,0,0,0,0,0,0,0,0
433,Allstate,2018-12-01,Outside Sales Agent,0,Unknown,0,0,0,0,0,0,0,0,0,0,0,0,0,0,0,0,0,0,0,0,0,0,0,1
434,RNnetwork,2018-12-01,Travel RN-ICU job in California,0,Unknown,0,0,0,0,0,0,0,0,0,0,0,0,0,0,0,0,0,0,0,0,0,0,0,1
435,RNnetwork,2018-12-01,Travel RN-Medical Surgical job in California,0,Unknown,0,0,0,0,0,0,0,0,0,0,0,0,0,0,0,0,0,0,0,0,0,0,0,1
436,Allstate,2018-12-01,Entry Level Sales Representative,0,Unknown,0,0,0,0,0,0,0,0,0,0,0,0,0,0,0,0,0,0,0,0,0,0,0,1
437,Allstate,2018-12-01,Experienced Sales Representatives Wanted,0,Unknown,0,0,0,0,0,0,0,0,0,0,0,0,0,0,0,0,0,0,0,0,0,0,0,1
438,Allstate,2018-12-01,Agency Sales Professional,0,Unknown,0,0,0,0,0,0,0,0,0,0,0,0,0,0,0,0,0,0,0,0,0,0,0,1
439,Allstate,2018-12-01,Sales Agent - Insurance Sales,0,Unknown,0,0,0,0,0,0,0,0,0,0,0,0,0,0,0,0,0,0,0,0,0,0,0,1
440,myCNAjobs,2018-12-01,Luxury Assisted Living Jobs - Resident Caregivers & CNAs,0,Healthcare & Nursing Jobs,0,0,0,0,0,0,0,0,1,0,0,0,0,0,0,0,0,0,0,0,0,0,0,0
441,Home Care Assistance,2018-12-01,"Care Giver, CNA, CHHA, PCA",0,Healthcare & Nursing Jobs,0,0,0,0,0,0,0,0,1,0,0,0,0,0,0,0,0,0,0,0,0,0,0,0
442,Home Care Assistance,2018-12-01,"Competitive Pay Caregiver, CHA, CHHA Apply Now",0,Healthcare & Nursing Jobs,0,0,0,0,0,0,0,0,1,0,0,0,0,0,0,0,0,0,0,0,0,0,0,0
443,Senior Pro Services LLC,2018-12-01,Home Health,0,Healthcare & Nursing Jobs,0,0,0,0,0,0,0,0,1,0,0,0,0,0,0,0,0,0,0,0,0,0,0,0
444,Senior Pro Services LLC,2018-12-01,Caregiver/CNA,0,Healthcare & Nursing Jobs,0,0,0,0,0,0,0,0,1,0,0,0,0,0,0,0,0,0,0,0,0,0,0,0
445,Abbott,2018-12-01,Project Manager,0,Healthcare & Nursing Jobs,0,0,0,0,0,0,0,0,1,0,0,0,0,0,0,0,0,0,0,0,0,0,0,0
446,Svendsen's Marine & Industrial Supply,2018-12-01,RETAIL SALES CLERK - SVENDSEN'S MARINE & INDUSTRIAL SUPPLY,0,Retail Jobs,0,0,0,0,0,0,0,0,0,0,0,0,0,0,0,0,0,0,1,0,0,0,0,0
447,SK ACCOUNTANCY CORPORATION,2018-12-01,Office Admin and Payroll Processing Clerk,0,Unknown,0,0,0,0,0,0,0,0,0,0,0,0,0,0,0,0,0,0,0,0,0,0,0,1
448,Alameda Music Project,2018-12-01,Beginner Choir Teaching Artist,0,Unknown,0,0,0,0,0,0,0,0,0,0,0,0,0,0,0,0,0,0,0,0,0,0,0,1
449,East End,2018-12-01,Wood Fire Pizza Cook,0,Unknown,0,0,0,0,0,0,0,0,0,0,0,0,0,0,0,0,0,0,0,0,0,0,0,1
450,American Cancer Society,2018-12-01,"Director, Communications",0,Unknown,0,0,0,0,0,0,0,0,0,0,0,0,0,0,0,0,0,0,0,0,0,0,0,1
451,Abbott,2018-12-01,Senior IT BRM – Data and Analytics,0,Healthcare & Nursing Jobs,0,0,0,0,0,0,0,0,1,0,0,0,0,0,0,0,0,0,0,0,0,0,0,0
452,California Center for Sleep Disorders,2018-12-01,Sleep Technician for Bay Area Sleep Center ( This is a night position),0,Healthcare & Nursing Jobs,0,0,0,0,0,0,0,0,1,0,0,0,0,0,0,0,0,0,0,0,0,0,0,0
453,OfficeTeam,2018-12-01,Dental Receptionist,0,Admin Jobs,0,1,0,0,0,0,0,0,0,0,0,0,0,0,0,0,0,0,0,0,0,0,0,0
454,Michaan's Auctions,2018-12-01,Furniture & Decorative Arts Specialist | Appraiser,0,Other/General Jobs,0,0,0,0,0,0,0,0,0,0,0,0,0,0,0,1,0,0,0,0,0,0,0,0
455,Michaan's Auctions,2018-12-01,Asian Art Specialist | Appraiser,0,Other/General Jobs,0,0,0,0,0,0,0,0,0,0,0,0,0,0,0,1,0,0,0,0,0,0,0,0
456,Department Of Defense,2018-12-01,Civil Engineer (structural),0,Engineering Jobs,0,0,0,0,0,0,1,0,0,0,0,0,0,0,0,0,0,0,0,0,0,0,0,0
457,The Luggage Factory,2018-12-01,Sales Associate - Full Time (SF Premium Outlets),0,Retail Jobs,0,0,0,0,0,0,0,0,0,0,0,0,0,0,0,0,0,0,1,0,0,0,0,0
458,Svendsens Marine Industrial Supply,2018-12-01,RETAIL SALES CLERK - SVENDSEN'S MARINE INDUSTRIAL SUPPLY,0,Retail Jobs,0,0,0,0,0,0,0,0,0,0,0,0,0,0,0,0,0,0,1,0,0,0,0,0
459,Sila Nanotechnologies,2018-12-01,Night Shift Maintenance Technician - Equipment Operations,0,Maintenance Jobs,0,0,0,0,0,0,0,0,0,0,0,0,0,1,0,0,0,0,0,0,0,0,0,0
460,BAYPOINT HOME HEALTH,2018-12-01,Physical Therapy Assistant,0,Healthcare & Nursing Jobs,0,0,0,0,0,0,0,0,1,0,0,0,0,0,0,0,0,0,0,0,0,0,0,0
461,Common Networks,2018-12-01,Field Technician Supervisor,0,IT Jobs,0,0,0,0,0,0,0,0,0,0,1,0,0,0,0,0,0,0,0,0,0,0,0,0
462,Systematics Agency,2018-12-01,Skilled MicroSoft Dynamics CRM Developer,0,IT Jobs,0,0,0,0,0,0,0,0,0,0,1,0,0,0,0,0,0,0,0,0,0,0,0,0
463,Center for the Collaborative Classroom,2018-12-01,Sales Operations Coordinator,0,Teaching Jobs,0,0,0,0,0,0,0,0,0,0,0,0,0,0,0,0,0,0,0,0,0,1,0,0
464,Select Source International,2018-12-01,Complaint Investigations Tech (Elect. Engineering Technician),0,Engineering Jobs,0,0,0,0,0,0,1,0,0,0,0,0,0,0,0,0,0,0,0,0,0,0,0,0
465,Singulex,2019-01-01,Global Product Manager,0,Unknown,0,0,0,0,0,0,0,0,0,0,0,0,0,0,0,0,0,0,0,0,0,0,0,1
466,Singulex,2019-01-01,Service Engineer,0,Unknown,0,0,0,0,0,0,0,0,0,0,0,0,0,0,0,0,0,0,0,0,0,0,0,1
467,Singulex,2019-01-01,Scientist II,0,Unknown,0,0,0,0,0,0,0,0,0,0,0,0,0,0,0,0,0,0,0,0,0,0,0,1
468,Singulex,2019-01-01,Country Manager - Germany,0,Unknown,0,0,0,0,0,0,0,0,0,0,0,0,0,0,0,0,0,0,0,0,0,0,0,1
469,Bay Ship & Yacht Co.,2019-01-01,Project Manager,0,Trade & Construction Jobs,0,0,0,0,0,0,0,0,0,0,0,0,0,0,0,0,0,0,0,0,0,0,1,0
470,Johnson Service Group,2019-01-01,Android Mobile Application Developers-NO C2C,0,IT Jobs,0,0,0,0,0,0,0,0,0,0,1,0,0,0,0,0,0,0,0,0,0,0,0,0
471,Marten Transport,2019-01-01,"Truck Driving Jobs - Regional - NEW Pay Guarantee - At Least $1,000/wk",0,Logistics & Warehouse Jobs,0,0,0,0,0,0,0,0,0,0,0,0,1,0,0,0,0,0,0,0,0,0,0,0
472,Logistics & Distribution Services Corp.,2019-01-01,Class A CDL Company Regional Driver,0,Logistics & Warehouse Jobs,0,0,0,0,0,0,0,0,0,0,0,0,1,0,0,0,0,0,0,0,0,0,0,0
473,Ross Dress for Less,2019-01-01,Retail Associate,0,Retail Jobs,0,0,0,0,0,0,0,0,0,0,0,0,0,0,0,0,0,0,1,0,0,0,0,0
474,Ross Dress for Less,2019-01-01,Area Supervisor,0,Retail Jobs,0,0,0,0,0,0,0,0,0,0,0,0,0,0,0,0,0,0,1,0,0,0,0,0
475,Aquent,2019-01-01,Loyalty Program Coordinator (Acquisition),0,Other/General Jobs,0,0,0,0,0,0,0,0,0,0,0,0,0,0,0,1,0,0,0,0,0,0,0,0
476,Aquent,2019-01-01,Loyalty Program Coordinator (Retention),0,Other/General Jobs,0,0,0,0,0,0,0,0,0,0,0,0,0,0,0,1,0,0,0,0,0,0,0,0
477,Penumbra,2019-01-01,Web Designer,0,IT Jobs,0,0,0,0,0,0,0,0,0,0,1,0,0,0,0,0,0,0,0,0,0,0,0,0
478,Penumbra,2019-01-01,Graphic Designer,0,"PR, Advertising & Marketing Jobs",0,0,0,0,0,0,0,0,0,0,0,0,0,0,0,0,1,0,0,0,0,0,0,0
479,Sylabs,2019-01-01,Software Engineer - Security Specialist,0,IT Jobs,0,0,0,0,0,0,0,0,0,0,1,0,0,0,0,0,0,0,0,0,0,0,0,0
480,Panera Bread,2019-01-01,Shift Supervisor,0,Hospitality & Catering Jobs,0,0,0,0,0,0,0,0,0,1,0,0,0,0,0,0,0,0,0,0,0,0,0,0
481,Kelly Scientific Resources,2019-01-01,Clinical Supplies Manager,0,Retail Jobs,0,0,0,0,0,0,0,0,0,0,0,0,0,0,0,0,0,0,1,0,0,0,0,0
482,Beacon Health Options,2019-01-01,CARE COORDINATOR,0,Healthcare & Nursing Jobs,0,0,0,0,0,0,0,0,1,0,0,0,0,0,0,0,0,0,0,0,0,0,0,0
483,Advantage Solutions,2019-01-01,Part Time Event Specialist ACO,0,Sales Jobs,0,0,0,0,0,0,0,0,0,0,0,0,0,0,0,0,0,0,0,1,0,0,0,0
484,Kelly Scientific Resources,2019-01-01,Clinical Supply Manager,0,Healthcare & Nursing Jobs,0,0,0,0,0,0,0,0,1,0,0,0,0,0,0,0,0,0,0,0,0,0,0,0
485,Just Energy,2019-01-01,New Energy Advisor Sales Positions Available Now,0,Sales Jobs,0,0,0,0,0,0,0,0,0,0,0,0,0,0,0,0,0,0,0,1,0,0,0,0
486,SAS Retail Services,2019-01-01,"Retail Merchandiser. Tue - Fri, W/ PT Benefits. 5am - 1:30pm, 32 hrs",0,Retail Jobs,0,0,0,0,0,0,0,0,0,0,0,0,0,0,0,0,0,0,1,0,0,0,0,0
487,World's Best Cheeses,2019-01-01,Operations Manager,0,Manufacturing Jobs,0,0,0,0,0,0,0,0,0,0,0,0,0,0,1,0,0,0,0,0,0,0,0,0
488,European Wax Centers,2019-01-01,Guest Service Associate,0,Unknown,0,0,0,0,0,0,0,0,0,0,0,0,0,0,0,0,0,0,0,0,0,0,0,1
489,"XPO Logistics, Inc.",2019-01-01,"Owner Operator Truck Driver - $1,500 SIGN-ON BONUS",0,Logistics & Warehouse Jobs,0,0,0,0,0,0,0,0,0,0,0,0,1,0,0,0,0,0,0,0,0,0,0,0
490,California Center for Sleep Disorders,2019-01-01,Experienced Medical Office Supervisor / Lead Medical Assistant,0,Healthcare & Nursing Jobs,0,0,0,0,0,0,0,0,1,0,0,0,0,0,0,0,0,0,0,0,0,0,0,0
491,European Wax Centers,2019-01-01,Wax Specialist,0,Unknown,0,0,0,0,0,0,0,0,0,0,0,0,0,0,0,0,0,0,0,0,0,0,0,1
492,AccentCare,2019-01-01,Registered Nurse Care Manager,0,Healthcare & Nursing Jobs,0,0,0,0,0,0,0,0,1,0,0,0,0,0,0,0,0,0,0,0,0,0,0,0
493,CVS Health,2019-01-01,Retail Store Manager - Alameda Area 08 Region 68 District 06,0,Retail Jobs,0,0,0,0,0,0,0,0,0,0,0,0,0,0,0,0,0,0,1,0,0,0,0,0
494,MissionCare,2019-01-01,Caregiver/Home Care Aide/PCA/CNA,0,Healthcare & Nursing Jobs,0,0,0,0,0,0,0,0,1,0,0,0,0,0,0,0,0,0,0,0,0,0,0,0
495,BrightStar Care,2019-01-01,Caregiver/ CNA Career Opportunities | 72 Hours of Sick Paid Time Off | Health Benefits,0,Healthcare & Nursing Jobs,0,0,0,0,0,0,0,0,1,0,0,0,0,0,0,0,0,0,0,0,0,0,0,0
496,MissionCare,2019-01-01,Hiring Full-Time Caregivers (PCA/HHA/CNA/Companions) – Flex Schedules,0,Healthcare & Nursing Jobs,0,0,0,0,0,0,0,0,1,0,0,0,0,0,0,0,0,0,0,0,0,0,0,0
497,Home Care Assistance,2019-01-01,"Hiring Daily & Hourly Male/Female Caregivers ,CNA/CHHA ASAP",0,Healthcare & Nursing Jobs,0,0,0,0,0,0,0,0,1,0,0,0,0,0,0,0,0,0,0,0,0,0,0,0
498,Thrive Support Services,2019-01-01,Personal Attendant,0,Healthcare & Nursing Jobs,0,0,0,0,0,0,0,0,1,0,0,0,0,0,0,0,0,0,0,0,0,0,0,0
500,Nurse Next Door,2019-01-01,"CNA, HHA, PCA",0,Healthcare & Nursing Jobs,0,0,0,0,0,0,0,0,1,0,0,0,0,0,0,0,0,0,0,0,0,0,0,0
502,VF Corporation,2019-01-01,"The North Face: Sr. Manager, Online Merchandising",0,Unknown,0,0,0,0,0,0,0,0,0,0,0,0,0,0,0,0,0,0,0,0,0,0,0,1
503,Penumbra,2019-01-01,Clinical Study Manager,0,Healthcare & Nursing Jobs,0,0,0,0,0,0,0,0,1,0,0,0,0,0,0,0,0,0,0,0,0,0,0,0
504,US Bank,2019-01-01,Universal Banker 1 NMLS - Alameda Safeway (20 hrs),0,Unknown,0,0,0,0,0,0,0,0,0,0,0,0,0,0,0,0,0,0,0,0,0,0,0,1
506,Advantage Solutions,2019-01-01,Part Time Event Specialist,0,"PR, Advertising & Marketing Jobs",0,0,0,0,0,0,0,0,0,0,0,0,0,0,0,0,1,0,0,0,0,0,0,0
507,Green Sequoia Construction Group,2019-01-01,Handyman,0,Trade & Construction Jobs,0,0,0,0,0,0,0,0,0,0,0,0,0,0,0,0,0,0,0,0,0,0,1,0
508,Local Company,2019-01-01,Entry Level Sales Reps,0,Sales Jobs,0,0,0,0,0,0,0,0,0,0,0,0,0,0,0,0,0,0,0,1,0,0,0,0
509,Postmates,2019-01-01,Part Time Delivery up to $25/hr - Apply Today,0,Logistics & Warehouse Jobs,0,0,0,0,0,0,0,0,0,0,0,0,1,0,0,0,0,0,0,0,0,0,0,0
511,SchoolPsychJobs.com,2019-01-01,Bilingual School Psychologist for K-8,0,Unknown,0,0,0,0,0,0,0,0,0,0,0,0,0,0,0,0,0,0,0,0,0,0,0,1
512,M.J. Moore & Associates,2019-01-01,Head of Mobile Research & Development,0,IT Jobs,0,0,0,0,0,0,0,0,0,0,1,0,0,0,0,0,0,0,0,0,0,0,0,0
513,Abbott Labs,2019-01-01,Director Global Market Access,0,Unknown,0,0,0,0,0,0,0,0,0,0,0,0,0,0,0,0,0,0,0,0,0,0,0,1
514,Abbott Labs,2019-01-01,Project Manager,0,Unknown,0,0,0,0,0,0,0,0,0,0,0,0,0,0,0,0,0,0,0,0,0,0,0,1
515,Home Care Assistance,2019-01-01,"Care Giver, CNA, CHHA, PCA",0,Healthcare & Nursing Jobs,0,0,0,0,0,0,0,0,1,0,0,0,0,0,0,0,0,0,0,0,0,0,0,0
516,Exelixis,2019-01-01,Finance Manager,0,Accounting & Finance Jobs,1,0,0,0,0,0,0,0,0,0,0,0,0,0,0,0,0,0,0,0,0,0,0,0
517,Exelixis,2019-01-01,Associate Investor Relations Director,0,Unknown,0,0,0,0,0,0,0,0,0,0,0,0,0,0,0,0,0,0,0,0,0,0,0,1
518,Alameda Health System,2019-01-01,"AHD Nurse, Care Management",0,Unknown,0,0,0,0,0,0,0,0,0,0,0,0,0,0,0,0,0,0,0,0,0,0,0,1
519,Hired,2019-01-01,QA Test Engineer,0,IT Jobs,0,0,0,0,0,0,0,0,0,0,1,0,0,0,0,0,0,0,0,0,0,0,0,0
520,Nelson and Associates,2019-01-01,Accounts Receivable Clerk,0,Admin Jobs,0,1,0,0,0,0,0,0,0,0,0,0,0,0,0,0,0,0,0,0,0,0,0,0
521,Hired,2019-01-01,Data Scientist,0,Scientific & QA Jobs,0,0,0,0,0,0,0,0,0,0,0,0,0,0,0,0,0,0,0,0,1,0,0,0
522,Hired,2019-01-01,PHP Developer,0,IT Jobs,0,0,0,0,0,0,0,0,0,0,1,0,0,0,0,0,0,0,0,0,0,0,0,0
523,Hired,2019-01-01,Engineering Manager,0,Engineering Jobs,0,0,0,0,0,0,1,0,0,0,0,0,0,0,0,0,0,0,0,0,0,0,0,0
524,Hired,2019-01-01,Product Manager,0,IT Jobs,0,0,0,0,0,0,0,0,0,0,1,0,0,0,0,0,0,0,0,0,0,0,0,0
525,Hired,2019-01-01,Product Designer,0,IT Jobs,0,0,0,0,0,0,0,0,0,0,1,0,0,0,0,0,0,0,0,0,0,0,0,0
526,Hired,2019-01-01,Full-Stack Software Engineer,0,IT Jobs,0,0,0,0,0,0,0,0,0,0,1,0,0,0,0,0,0,0,0,0,0,0,0,0
527,Hired,2019-01-01,DevOps Engineer,0,IT Jobs,0,0,0,0,0,0,0,0,0,0,1,0,0,0,0,0,0,0,0,0,0,0,0,0
528,Hired,2019-01-01,Designer,0,IT Jobs,0,0,0,0,0,0,0,0,0,0,1,0,0,0,0,0,0,0,0,0,0,0,0,0
529,Panera Bread,2019-01-01,Restaurant Manager,0,Hospitality & Catering Jobs,0,0,0,0,0,0,0,0,0,1,0,0,0,0,0,0,0,0,0,0,0,0,0,0
530,Postmates,2019-01-01,Home Health Aide (HHA)? Earn Extra Income - Drive for Postmates,0,Healthcare & Nursing Jobs,0,0,0,0,0,0,0,0,1,0,0,0,0,0,0,0,0,0,0,0,0,0,0,0
531,Hired,2019-01-01,Developer,0,IT Jobs,0,0,0,0,0,0,0,0,0,0,1,0,0,0,0,0,0,0,0,0,0,0,0,0
532,Hired,2019-01-01,Software Engineer,0,IT Jobs,0,0,0,0,0,0,0,0,0,0,1,0,0,0,0,0,0,0,0,0,0,0,0,0
533,Alameda Health System,2019-01-01,"AHD Supervisor, Nursing",0,Unknown,0,0,0,0,0,0,0,0,0,0,0,0,0,0,0,0,0,0,0,0,0,0,0,1
534,Alameda Health System,2019-01-01,AHD Senior Speech Language Pathologist,0,Unknown,0,0,0,0,0,0,0,0,0,0,0,0,0,0,0,0,0,0,0,0,0,0,0,1
535,Sterling Medical,2019-01-01,"The Coast Guard Clinic in Alameda, CA, is in need of a FNP",0,Healthcare & Nursing Jobs,0,0,0,0,0,0,0,0,1,0,0,0,0,0,0,0,0,0,0,0,0,0,0,0
536,Nanny Lane,2019-01-01,Nanny Wanted - The Ernst Family Seeking A Caregiver,0,Domestic help & Cleaning Jobs,0,0,0,0,1,0,0,0,0,0,0,0,0,0,0,0,0,0,0,0,0,0,0,0
537,Exelixis,2019-01-01,Finance Manager,0,Healthcare & Nursing Jobs,0,0,0,0,0,0,0,0,1,0,0,0,0,0,0,0,0,0,0,0,0,0,0,0
538,Controlled Contamination Services,2019-01-01,Janitor $15-17 swing and grave shifts available,0,Maintenance Jobs,0,0,0,0,0,0,0,0,0,0,0,0,0,1,0,0,0,0,0,0,0,0,0,0
539,Controlled Contamination Services,2019-01-01,Day Porter $15-17 swing and grave shifts available,0,Maintenance Jobs,0,0,0,0,0,0,0,0,0,0,0,0,0,1,0,0,0,0,0,0,0,0,0,0
540,Oakmont Management Group,2019-01-01,"Part-Time Wellness Nurse, LVN",0,Unknown,0,0,0,0,0,0,0,0,0,0,0,0,0,0,0,0,0,0,0,0,0,0,0,1
541,Hub Group Trucking,2019-01-01,Dedicated CDL-A Truck Drivers and Yard Hostlers - Flexible Shifts [172],0,Logistics & Warehouse Jobs,0,0,0,0,0,0,0,0,0,0,0,0,1,0,0,0,0,0,0,0,0,0,0,0
542,Aerotek,2019-01-01,Entry Level Recruiter/Sales Trainee,0,Sales Jobs,0,0,0,0,0,0,0,0,0,0,0,0,0,0,0,0,0,0,0,1,0,0,0,0
543,H&R Block,2019-01-01,Preseason Tax Professional,0,Retail Jobs,0,0,0,0,0,0,0,0,0,0,0,0,0,0,0,0,0,0,1,0,0,0,0,0
544,Soliant Health,2019-01-01,Physical Therapy Opportunity in California,0,Unknown,0,0,0,0,0,0,0,0,0,0,0,0,0,0,0,0,0,0,0,0,0,0,0,1
545,Alameda Health System,2019-01-01,Manager of Care Management,0,Unknown,0,0,0,0,0,0,0,0,0,0,0,0,0,0,0,0,0,0,0,0,0,0,0,1
546,Sitter,2019-01-01,URGENT: Sitter Wanted - Seeking Infant Nanny Share,0,Domestic help & Cleaning Jobs,0,0,0,0,1,0,0,0,0,0,0,0,0,0,0,0,0,0,0,0,0,0,0,0
547,Center for the Collaborative Classroom,2019-01-01,Client Support Coordinator,0,Teaching Jobs,0,0,0,0,0,0,0,0,0,0,0,0,0,0,0,0,0,0,0,0,0,1,0,0
548,Bay Ship & Yacht Co.,2019-01-01,Welder - Marine Environment,0,Trade & Construction Jobs,0,0,0,0,0,0,0,0,0,0,0,0,0,0,0,0,0,0,0,0,0,0,1,0
549,Alameda Health System,2019-01-01,AHD Emergency Care Center Secretary,0,Accounting & Finance Jobs,1,0,0,0,0,0,0,0,0,0,0,0,0,0,0,0,0,0,0,0,0,0,0,0
550,Alameda Health System,2019-01-01,AHD Clinical Supervisor,0,Unknown,0,0,0,0,0,0,0,0,0,0,0,0,0,0,0,0,0,0,0,0,0,0,0,1
551,Oakmont Management Group,2019-01-01,Health Services Director,0,Healthcare & Nursing Jobs,0,0,0,0,0,0,0,0,1,0,0,0,0,0,0,0,0,0,0,0,0,0,0,0
552,Wind River Systems,2019-01-01,Field Marketing Specialist,0,"PR, Advertising & Marketing Jobs",0,0,0,0,0,0,0,0,0,0,0,0,0,0,0,0,1,0,0,0,0,0,0,0
553,VIPKid,2019-01-01,Online English Tutor - Make up to $22/hr - Apply Now,0,Teaching Jobs,0,0,0,0,0,0,0,0,0,0,0,0,0,0,0,0,0,0,0,0,0,1,0,0
554,MARTEN,2019-01-01,CDL Truck Driving jobs - Dry Van - Home Weekly & Average 62 CPM,0,Logistics & Warehouse Jobs,0,0,0,0,0,0,0,0,0,0,0,0,1,0,0,0,0,0,0,0,0,0,0,0
555,Wind River Systems,2019-01-01,Treasury Manager,0,Accounting & Finance Jobs,1,0,0,0,0,0,0,0,0,0,0,0,0,0,0,0,0,0,0,0,0,0,0,0
556,gogokid,2019-01-01,Online ESL Teacher (K-6 Students),0,Teaching Jobs,0,0,0,0,0,0,0,0,0,0,0,0,0,0,0,0,0,0,0,0,0,1,0,0
557,Sunrise Associates,2019-01-01,Preschool Assistant Teacher,0,Unknown,0,0,0,0,0,0,0,0,0,0,0,0,0,0,0,0,0,0,0,0,0,0,0,1
558,Sunrise Associates,2019-01-01,Preschool Assistant Teacher,0,Teaching Jobs,0,0,0,0,0,0,0,0,0,0,0,0,0,0,0,0,0,0,0,0,0,1,0,0
559,Johnson Service Group,2019-01-01,Mobile Application Developers iOS-NO C2C,0,IT Jobs,0,0,0,0,0,0,0,0,0,0,1,0,0,0,0,0,0,0,0,0,0,0,0,0
560,Austin Trucking Llc,2019-01-01,Drivers/ Helpers,0,Logistics & Warehouse Jobs,0,0,0,0,0,0,0,0,0,0,0,0,1,0,0,0,0,0,0,0,0,0,0,0
561,The Glass Man and Sons,2019-01-01,Office Support,0,Customer Services Jobs,0,0,0,1,0,0,0,0,0,0,0,0,0,0,0,0,0,0,0,0,0,0,0,0
562,Tapout Fitness Alameda,2019-01-01,Operations Assistant,0,Admin Jobs,0,1,0,0,0,0,0,0,0,0,0,0,0,0,0,0,0,0,0,0,0,0,0,0
563,Webcor,2019-01-01,Project Engineer-Warranty,0,Unknown,0,0,0,0,0,0,0,0,0,0,0,0,0,0,0,0,0,0,0,0,0,0,0,1
564,Webcor,2019-01-01,Assistant Superintendent-Warranty,0,Unknown,0,0,0,0,0,0,0,0,0,0,0,0,0,0,0,0,0,0,0,0,0,0,0,1
565,Bay Machine & Fabrication,2019-01-01,Hydraulic Technician,0,Trade & Construction Jobs,0,0,0,0,0,0,0,0,0,0,0,0,0,0,0,0,0,0,0,0,0,0,1,0
566,DI Logistics,2019-01-01,Route Delivery Driver,0,Logistics & Warehouse Jobs,0,0,0,0,0,0,0,0,0,0,0,0,1,0,0,0,0,0,0,0,0,0,0,0
567,"Star Nursing, Inc.",2019-01-01,CCU RN,0,Healthcare & Nursing Jobs,0,0,0,0,0,0,0,0,1,0,0,0,0,0,0,0,0,0,0,0,0,0,0,0
568,"Johnson Service Group, Inc.",2019-01-01,Android Application Developers-Contract-No C2C,0,IT Jobs,0,0,0,0,0,0,0,0,0,0,1,0,0,0,0,0,0,0,0,0,0,0,0,0
569,"Johnson Service Group, Inc.",2019-01-01,SQA Tester-NO C2C,0,IT Jobs,0,0,0,0,0,0,0,0,0,0,1,0,0,0,0,0,0,0,0,0,0,0,0,0
570,Global Infotech Corporation,2019-01-01,Sr ETL Developer,0,IT Jobs,0,0,0,0,0,0,0,0,0,0,1,0,0,0,0,0,0,0,0,0,0,0,0,0
572,Luxottica Group,2019-01-01,LensCrafters - Sales Associate,0,Unknown,0,0,0,0,0,0,0,0,0,0,0,0,0,0,0,0,0,0,0,0,0,0,0,1
573,The Lear Group,2019-01-01,Looking for Licensed Agents,0,Other/General Jobs,0,0,0,0,0,0,0,0,0,0,0,0,0,0,0,1,0,0,0,0,0,0,0,0
574,HD Supply,2019-01-01,Field Accounts Specialist,0,Logistics & Warehouse Jobs,0,0,0,0,0,0,0,0,0,0,0,0,1,0,0,0,0,0,0,0,0,0,0,0
576,Home Care Assistance,2019-01-01,"We Need Caregiver, CNA, CHHA Immediate Hiring",0,Healthcare & Nursing Jobs,0,0,0,0,0,0,0,0,1,0,0,0,0,0,0,0,0,0,0,0,0,0,0,0
577,SpeedPro East Bay,2019-01-01,PRINT PRODUCTION (LARGE DIGITAL FORMAT) TECHNICIAN,0,Other/General Jobs,0,0,0,0,0,0,0,0,0,0,0,0,0,0,0,1,0,0,0,0,0,0,0,0
578,Transportation,2019-01-01,CDL Class A Truck Driver / Home Daily / Weekends off / Overtime,0,Logistics & Warehouse Jobs,0,0,0,0,0,0,0,0,0,0,0,0,1,0,0,0,0,0,0,0,0,0,0,0
579,Merchandise Management Company,2019-01-01,Merchandiser - Retail,0,Retail Jobs,0,0,0,0,0,0,0,0,0,0,0,0,0,0,0,0,0,0,1,0,0,0,0,0
580,CyberCoders,2019-01-01,Senior Electrical Engineer,0,IT Jobs,0,0,0,0,0,0,0,0,0,0,1,0,0,0,0,0,0,0,0,0,0,0,0,0
581,Wind River,2019-01-01,Human Resources Assistant,0,HR & Recruitment Jobs,0,0,0,0,0,0,0,1,0,0,0,0,0,0,0,0,0,0,0,0,0,0,0,0
582,Alegria Community Living,2019-01-01,Direct Support Professional,0,Unknown,0,0,0,0,0,0,0,0,0,0,0,0,0,0,0,0,0,0,0,0,0,0,0,1
583,VIPKID International,2019-01-01,Online English Teacher - Make up to $22/hr - Apply Now,0,Unknown,0,0,0,0,0,0,0,0,0,0,0,0,0,0,0,0,0,0,0,0,0,0,0,1
584,VIPKID International,2019-01-01,Part-time English Teacher (work from home) - Make up to $22/hr,0,Unknown,0,0,0,0,0,0,0,0,0,0,0,0,0,0,0,0,0,0,0,0,0,0,0,1
585,Smile Brands,2019-01-01,Dental Hygienist,0,Unknown,0,0,0,0,0,0,0,0,0,0,0,0,0,0,0,0,0,0,0,0,0,0,0,1
586,The Stepping Stones Group,2019-01-01,Speech-Language Pathologist,0,Unknown,0,0,0,0,0,0,0,0,0,0,0,0,0,0,0,0,0,0,0,0,0,0,0,1
587,Quest Diagnostics Incorporated,2019-01-01,"Phlebotomist I - Alameda, CA req19917",0,Healthcare & Nursing Jobs,0,0,0,0,0,0,0,0,1,0,0,0,0,0,0,0,0,0,0,0,0,0,0,0
588,Exelixis,2019-01-01,Senior Scientist I - Tumor Biology,0,Scientific & QA Jobs,0,0,0,0,0,0,0,0,0,0,0,0,0,0,0,0,0,0,0,0,1,0,0,0
589,"Kelly Services, Inc.",2019-01-01,Research Scientist,0,Scientific & QA Jobs,0,0,0,0,0,0,0,0,0,0,0,0,0,0,0,0,0,0,0,0,1,0,0,0
590,Neopost,2019-01-01,Account Executive,0,"PR, Advertising & Marketing Jobs",0,0,0,0,0,0,0,0,0,0,0,0,0,0,0,0,1,0,0,0,0,0,0,0
591,Johnson Service Group,2019-01-01,Software Quality Engineers-NO C2C,0,IT Jobs,0,0,0,0,0,0,0,0,0,0,1,0,0,0,0,0,0,0,0,0,0,0,0,0
592,Ross Dress for Less,2019-01-01,"Specialist, Store Protection",0,Retail Jobs,0,0,0,0,0,0,0,0,0,0,0,0,0,0,0,0,0,0,1,0,0,0,0,0
593,Hub Group,2019-01-01,Dedicated CDL-A Driver Position Available | $5000 Sign On Bonus [135],0,Unknown,0,0,0,0,0,0,0,0,0,0,0,0,0,0,0,0,0,0,0,0,0,0,0,1
594,Galileo Learning,2019-01-01,"Summer Instructor, Engineering Fundamentals",0,Other/General Jobs,0,0,0,0,0,0,0,0,0,0,0,0,0,0,0,1,0,0,0,0,0,0,0,0
595,Galileo Learning,2019-01-01,"Summer Technology Instructor, Multimedia",0,Other/General Jobs,0,0,0,0,0,0,0,0,0,0,0,0,0,0,0,1,0,0,0,0,0,0,0,0
596,Galileo Learning,2019-01-01,"Summer Technology Instructor, Game Design",0,Other/General Jobs,0,0,0,0,0,0,0,0,0,0,0,0,0,0,0,1,0,0,0,0,0,0,0,0
597,Bay Ship & Yacht Co.,2019-01-01,Industrial Engineer,0,Engineering Jobs,0,0,0,0,0,0,1,0,0,0,0,0,0,0,0,0,0,0,0,0,0,0,0,0
598,Hub Group Trucking,2019-01-01,Dedicated CDL-A Truck Drivers and Yard Hostlers | Flexible Shifts [172],0,Logistics & Warehouse Jobs,0,0,0,0,0,0,0,0,0,0,0,0,1,0,0,0,0,0,0,0,0,0,0,0
599,Hub Group Trucking,2019-01-01,Dedicated CDL-A Driver Position Available | $2000 Sign On Bonus [135],0,Logistics & Warehouse Jobs,0,0,0,0,0,0,0,0,0,0,0,0,1,0,0,0,0,0,0,0,0,0,0,0
600,Exelixis,2019-01-01,"Executive Medical Director, Drug Safety",0,Healthcare & Nursing Jobs,0,0,0,0,0,0,0,0,1,0,0,0,0,0,0,0,0,0,0,0,0,0,0,0
601,Exelixis,2019-01-01,Senior Compliance Operations Manager,0,Healthcare & Nursing Jobs,0,0,0,0,0,0,0,0,1,0,0,0,0,0,0,0,0,0,0,0,0,0,0,0
602,Exelixis,2019-01-01,Senior Scientist I - Tumor Biology,0,Healthcare & Nursing Jobs,0,0,0,0,0,0,0,0,1,0,0,0,0,0,0,0,0,0,0,0,0,0,0,0
603,MedNet Professionals,2019-01-01,Registered Nurse (RN) - AHD Operating Room (OR),0,Healthcare & Nursing Jobs,0,0,0,0,0,0,0,0,1,0,0,0,0,0,0,0,0,0,0,0,0,0,0,0
604,Elder Care Alliance,2019-01-01,Office Coordinator,0,Healthcare & Nursing Jobs,0,0,0,0,0,0,0,0,1,0,0,0,0,0,0,0,0,0,0,0,0,0,0,0
605,"AccentCare, Inc.",2019-01-01,Speech Language Pathologist,0,Unknown,0,0,0,0,0,0,0,0,0,0,0,0,0,0,0,0,0,0,0,0,0,0,0,1
606,"AccentCare, Inc.",2019-01-01,Physical Therapist,0,Unknown,0,0,0,0,0,0,0,0,0,0,0,0,0,0,0,0,0,0,0,0,0,0,0,1
607,Robert Half Legal,2019-01-01,Paralegal,0,Legal Jobs,0,0,0,0,0,0,0,0,0,0,0,1,0,0,0,0,0,0,0,0,0,0,0,0
609,American Cancer Society,2019-01-01,"Program Manager, Corporate Account Operations (Sales)",0,Sales Jobs,0,0,0,0,0,0,0,0,0,0,0,0,0,0,0,0,0,0,0,1,0,0,0,0
610,Alameda Unified School District,2019-01-01,Science (Part-time: .60 FTE) Island HS,0,Unknown,0,0,0,0,0,0,0,0,0,0,0,0,0,0,0,0,0,0,0,0,0,0,0,1
611,American Cancer Society,2019-01-01,"Director, Communications",0,"PR, Advertising & Marketing Jobs",0,0,0,0,0,0,0,0,0,0,0,0,0,0,0,0,1,0,0,0,0,0,0,0
612,Hub Group Trucking,2019-01-01,Dedicated CDL-A Driver Position Available - $5000 Sign On Bonus [135],0,Logistics & Warehouse Jobs,0,0,0,0,0,0,0,0,0,0,0,0,1,0,0,0,0,0,0,0,0,0,0,0
613,Swift Transportation,2019-01-01,Experienced CDL Class A Truck Drivers,0,Logistics & Warehouse Jobs,0,0,0,0,0,0,0,0,0,0,0,0,1,0,0,0,0,0,0,0,0,0,0,0
614,Lyft,2019-01-01,"Lyft | Get Paid Same Day - Earn $2,350 your first month, guaranteed",0,Unknown,0,0,0,0,0,0,0,0,0,0,0,0,0,0,0,0,0,0,0,0,0,0,0,1
615,Lyft,2019-01-01,"Lyft | Drive More. Earn More - Earn $2,350 your first month, guaranteed",0,Unknown,0,0,0,0,0,0,0,0,0,0,0,0,0,0,0,0,0,0,0,0,0,0,0,1
618,Lyft,2019-01-01,"Become a Lyft Driver - Earn $2,350 your first month, guaranteed",0,Unknown,0,0,0,0,0,0,0,0,0,0,0,0,0,0,0,0,0,0,0,0,0,0,0,1
619,Lyft,2019-01-01,"Join Lyft Today - Earn $2,350 your first month, guaranteed",0,Unknown,0,0,0,0,0,0,0,0,0,0,0,0,0,0,0,0,0,0,0,0,0,0,0,1
621,Lyft,2019-01-01,"Apply to Drive With Lyft Today - Earn $2,350 your first month, guaranteed",0,Unknown,0,0,0,0,0,0,0,0,0,0,0,0,0,0,0,0,0,0,0,0,0,0,0,1
623,Lyft,2019-01-01,"Be Your Own Boss - Earn $2,350 your first month, guaranteed",0,Unknown,0,0,0,0,0,0,0,0,0,0,0,0,0,0,0,0,0,0,0,0,0,0,0,1
630,Lyft,2019-01-01,"Lyft Driver (No Experience Needed) - Earn $2,350 your first month, guaranteed",0,Unknown,0,0,0,0,0,0,0,0,0,0,0,0,0,0,0,0,0,0,0,0,0,0,0,1
631,Lyft,2019-01-01,"Lyft | Earn Tips And Work When You Want - Earn $2,350 your first month, guaranteed",0,Unknown,0,0,0,0,0,0,0,0,0,0,0,0,0,0,0,0,0,0,0,0,0,0,0,1
669,Tomatina,2019-01-01,Sous Chef - Tomatina,0,Unknown,0,0,0,0,0,0,0,0,0,0,0,0,0,0,0,0,0,0,0,0,0,0,0,1
670,MedNet Professionals,2019-01-01,Registered Nurse/Intensive/Critical Care Unit - RN - ICU - CCU,0,Healthcare & Nursing Jobs,0,0,0,0,0,0,0,0,1,0,0,0,0,0,0,0,0,0,0,0,0,0,0,0
671,CyberCoders,2019-01-01,Software Engineer,0,IT Jobs,0,0,0,0,0,0,0,0,0,0,1,0,0,0,0,0,0,0,0,0,0,0,0,0
672,CyberCoders,2019-01-01,Financial Systems Analyst,0,IT Jobs,0,0,0,0,0,0,0,0,0,0,1,0,0,0,0,0,0,0,0,0,0,0,0,0
673,CyberCoders,2019-01-01,Sales Development Repsentative,0,IT Jobs,0,0,0,0,0,0,0,0,0,0,1,0,0,0,0,0,0,0,0,0,0,0,0,0
674,CyberCoders,2019-01-01,Project Manager,0,IT Jobs,0,0,0,0,0,0,0,0,0,0,1,0,0,0,0,0,0,0,0,0,0,0,0,0
675,CyberCoders,2019-01-01,Land Development/Civl Infrastructure Super,0,IT Jobs,0,0,0,0,0,0,0,0,0,0,1,0,0,0,0,0,0,0,0,0,0,0,0,0
676,Postmates,2019-01-01,"Make More Money Delivering With Postmates (Alameda,CA)",0,Logistics & Warehouse Jobs,0,0,0,0,0,0,0,0,0,0,0,0,1,0,0,0,0,0,0,0,0,0,0,0
677,Postmates,2019-01-01,"Food Courier/Team Member (Alameda,CA)",0,Hospitality & Catering Jobs,0,0,0,0,0,0,0,0,0,1,0,0,0,0,0,0,0,0,0,0,0,0,0,0
678,Postmates,2019-01-01,"Grocery/Food Delivery Driver (Alameda,CA)",0,Logistics & Warehouse Jobs,0,0,0,0,0,0,0,0,0,0,0,0,1,0,0,0,0,0,0,0,0,0,0,0
679,Postmates,2019-01-01,"On-Demand Delivery Driver - Flexible Hours (Alameda,CA)",0,Logistics & Warehouse Jobs,0,0,0,0,0,0,0,0,0,0,0,0,1,0,0,0,0,0,0,0,0,0,0,0
680,Panda Express,2019-01-01,"Restaurant Manager - Alameda, CA - BA",0,Unknown,0,0,0,0,0,0,0,0,0,0,0,0,0,0,0,0,0,0,0,0,0,0,0,1
681,Panda Express,2019-01-01,Cook,0,Unknown,0,0,0,0,0,0,0,0,0,0,0,0,0,0,0,0,0,0,0,0,0,0,0,1
682,Panda Express,2019-01-01,Dishwasher,0,Unknown,0,0,0,0,0,0,0,0,0,0,0,0,0,0,0,0,0,0,0,0,0,0,0,1
683,24Hr HomeCare,2019-01-01,Home Health Aides- Hiring immediately,0,Healthcare & Nursing Jobs,0,0,0,0,0,0,0,0,1,0,0,0,0,0,0,0,0,0,0,0,0,0,0,0
684,Penumbra,2019-01-01,Event Coordinator,0,Healthcare & Nursing Jobs,0,0,0,0,0,0,0,0,1,0,0,0,0,0,0,0,0,0,0,0,0,0,0,0
685,Behavior Nation,2019-01-01,Behavior Therapist (RBT),0,Unknown,0,0,0,0,0,0,0,0,0,0,0,0,0,0,0,0,0,0,0,0,0,0,0,1
686,SpeedPro East Bay,2019-01-01,Print Production Finish Worker,0,Other/General Jobs,0,0,0,0,0,0,0,0,0,0,0,0,0,0,0,1,0,0,0,0,0,0,0,0
687,Smile Brands,2019-01-01,Dental Hygienist,0,Healthcare & Nursing Jobs,0,0,0,0,0,0,0,0,1,0,0,0,0,0,0,0,0,0,0,0,0,0,0,0
688,World's Best Cheeses,2019-01-01,CHEESE PURCHASING ANALYTICS,0,Manufacturing Jobs,0,0,0,0,0,0,0,0,0,0,0,0,0,0,1,0,0,0,0,0,0,0,0,0
689,Berkshire Hathaway HomeServices Drysdale Properties,2019-01-01,Real Estate Agent,0,Property Jobs,0,0,0,0,0,0,0,0,0,0,0,0,0,0,0,0,0,1,0,0,0,0,0,0
691,AccentCare,2019-01-01,Registered Nurse Case Manager - RN,0,Healthcare & Nursing Jobs,0,0,0,0,0,0,0,0,1,0,0,0,0,0,0,0,0,0,0,0,0,0,0,0
692,Glamsquad,2019-01-01,Hairdresser,0,Unknown,0,0,0,0,0,0,0,0,0,0,0,0,0,0,0,0,0,0,0,0,0,0,0,1
693,Complete Coach Works,2019-01-01,Driver - Part-Time (On Call),0,Logistics & Warehouse Jobs,0,0,0,0,0,0,0,0,0,0,0,0,1,0,0,0,0,0,0,0,0,0,0,0
694,Thrive Home Care,2019-01-01,"Caregivers, CNAs and CHHAs",0,Domestic help & Cleaning Jobs,0,0,0,0,1,0,0,0,0,0,0,0,0,0,0,0,0,0,0,0,0,0,0,0
695,World's Best Cheeses,2019-01-01,CHEESE PURCHASING ANALYTICS,0,IT Jobs,0,0,0,0,0,0,0,0,0,0,1,0,0,0,0,0,0,0,0,0,0,0,0,0
696,East End,2019-01-01,Bartender,0,Hospitality & Catering Jobs,0,0,0,0,0,0,0,0,0,1,0,0,0,0,0,0,0,0,0,0,0,0,0,0
697,Group Delphi,2019-01-01,Content Producer,0,"PR, Advertising & Marketing Jobs",0,0,0,0,0,0,0,0,0,0,0,0,0,0,0,0,1,0,0,0,0,0,0,0
698,"Star Nursing, Inc.",2019-01-01,RN ER- Supervisor,0,Healthcare & Nursing Jobs,0,0,0,0,0,0,0,0,1,0,0,0,0,0,0,0,0,0,0,0,0,0,0,0
700,AccentCare,2019-01-01,Physical Therapist,0,Healthcare & Nursing Jobs,0,0,0,0,0,0,0,0,1,0,0,0,0,0,0,0,0,0,0,0,0,0,0,0
701,Bay Machine & Fabrication,2019-01-01,Machinist,0,IT Jobs,0,0,0,0,0,0,0,0,0,0,1,0,0,0,0,0,0,0,0,0,0,0,0,0
702,Tomatina,2019-01-01,Host/Hostess - Tomatina,0,Unknown,0,0,0,0,0,0,0,0,0,0,0,0,0,0,0,0,0,0,0,0,0,0,0,1
703,Tomatina,2019-01-01,Bartender - Tomatina,0,Unknown,0,0,0,0,0,0,0,0,0,0,0,0,0,0,0,0,0,0,0,0,0,0,0,1
704,Green Sequoia Construction Group,2019-01-01,Outside Sales/Project Manager,0,Trade & Construction Jobs,0,0,0,0,0,0,0,0,0,0,0,0,0,0,0,0,0,0,0,0,0,0,1,0
705,Tomatina,2019-01-01,Busser - Tomatina,0,Unknown,0,0,0,0,0,0,0,0,0,0,0,0,0,0,0,0,0,0,0,0,0,0,0,1
706,Tomatina,2019-01-01,Prep Cook - Tomatina,0,Unknown,0,0,0,0,0,0,0,0,0,0,0,0,0,0,0,0,0,0,0,0,0,0,0,1
707,Creative Solutions for Hope,2019-01-01,Case Manager - Clinical Program Manager,0,Healthcare & Nursing Jobs,0,0,0,0,0,0,0,0,1,0,0,0,0,0,0,0,0,0,0,0,0,0,0,0
708,Tomatina,2019-01-01,Line Cook - Tomatina,0,Unknown,0,0,0,0,0,0,0,0,0,0,0,0,0,0,0,0,0,0,0,0,0,0,0,1
709,Tomatina,2019-01-01,Front of the House Supervisor - Tomatina,0,Unknown,0,0,0,0,0,0,0,0,0,0,0,0,0,0,0,0,0,0,0,0,0,0,0,1
710,Tomatina,2019-01-01,Cocinero (Line Cook) - Tomatina,0,Unknown,0,0,0,0,0,0,0,0,0,0,0,0,0,0,0,0,0,0,0,0,0,0,0,1
711,AccentCare,2019-01-01,Speech Language Pathologist,0,Healthcare & Nursing Jobs,0,0,0,0,0,0,0,0,1,0,0,0,0,0,0,0,0,0,0,0,0,0,0,0
712,Bay Machine & Fabrication,2019-01-01,Manufacturing Coordinator,0,IT Jobs,0,0,0,0,0,0,0,0,0,0,1,0,0,0,0,0,0,0,0,0,0,0,0,0
713,RNnetwork,2019-01-01,Travel RN-OR job in California,0,Unknown,0,0,0,0,0,0,0,0,0,0,0,0,0,0,0,0,0,0,0,0,0,0,0,1
714,H&R Block,2019-01-01,Tax Professional,0,Retail Jobs,0,0,0,0,0,0,0,0,0,0,0,0,0,0,0,0,0,0,1,0,0,0,0,0
715,H&R Block,2019-01-01,Office Manager III - Multi Office,0,Retail Jobs,0,0,0,0,0,0,0,0,0,0,0,0,0,0,0,0,0,0,1,0,0,0,0,0
716,H&R Block,2019-01-01,Receptionist,0,Retail Jobs,0,0,0,0,0,0,0,0,0,0,0,0,0,0,0,0,0,0,1,0,0,0,0,0
717,iLogic Staffing LLC,2019-01-01,Sr. Tableau Developer (Health Care),0,IT Jobs,0,0,0,0,0,0,0,0,0,0,1,0,0,0,0,0,0,0,0,0,0,0,0,0
718,iLogic Staffing LLC,2019-01-01,Sr. ETL Developer (Health Care),0,IT Jobs,0,0,0,0,0,0,0,0,0,0,1,0,0,0,0,0,0,0,0,0,0,0,0,0
719,Vitalant,2019-01-01,Registered Nurse (RN),0,Healthcare & Nursing Jobs,0,0,0,0,0,0,0,0,1,0,0,0,0,0,0,0,0,0,0,0,0,0,0,0
720,CRST Expedited,2019-01-01,Recent CDL-A Grad Truck Drivers,0,Logistics & Warehouse Jobs,0,0,0,0,0,0,0,0,0,0,0,0,1,0,0,0,0,0,0,0,0,0,0,0
721,Telecare Corporation,2019-01-01,Director of Nursing (Full-Time),0,Unknown,0,0,0,0,0,0,0,0,0,0,0,0,0,0,0,0,0,0,0,0,0,0,0,1
722,CRST Expedited,2019-01-01,Class A CDL Truck Driver Recent Graduates,0,Logistics & Warehouse Jobs,0,0,0,0,0,0,0,0,0,0,0,0,1,0,0,0,0,0,0,0,0,0,0,0
723,Galileo Learning,2019-01-01,"Summer Technology Instructor, Programming Fundamentals",0,Teaching Jobs,0,0,0,0,0,0,0,0,0,0,0,0,0,0,0,0,0,0,0,0,0,1,0,0
724,Galileo Learning,2019-01-01,"Summer Instructor, Elementary Art",0,Teaching Jobs,0,0,0,0,0,0,0,0,0,0,0,0,0,0,0,0,0,0,0,0,0,1,0,0
725,Galileo Learning,2019-01-01,Substitute Summer Instructor,0,Teaching Jobs,0,0,0,0,0,0,0,0,0,0,0,0,0,0,0,0,0,0,0,0,0,1,0,0
726,Galileo Learning,2019-01-01,Summer Camp Counselor,0,Teaching Jobs,0,0,0,0,0,0,0,0,0,0,0,0,0,0,0,0,0,0,0,0,0,1,0,0
728,Galileo Learning,2019-01-01,"Summer Instructor, Digital Arts",0,Teaching Jobs,0,0,0,0,0,0,0,0,0,0,0,0,0,0,0,0,0,0,0,0,0,1,0,0
730,Galileo Learning,2019-01-01,Summer Assistant Instructor,0,Teaching Jobs,0,0,0,0,0,0,0,0,0,0,0,0,0,0,0,0,0,0,0,0,0,1,0,0
731,Galileo Learning,2019-01-01,"Summer Instructor, Elementary Science",0,Teaching Jobs,0,0,0,0,0,0,0,0,0,0,0,0,0,0,0,0,0,0,0,0,0,1,0,0
732,Galileo Learning,2019-01-01,Substitute Summer Camp Counselor/Assistant Instructor,0,Teaching Jobs,0,0,0,0,0,0,0,0,0,0,0,0,0,0,0,0,0,0,0,0,0,1,0,0
737,Massage Envy,2019-01-01,Massage Therapist Careers - San Francisco Area,0,Teaching Jobs,0,0,0,0,0,0,0,0,0,0,0,0,0,0,0,0,0,0,0,0,0,1,0,0
738,RNnetwork,2019-01-01,Travel RN-ICU job in California,0,Healthcare & Nursing Jobs,0,0,0,0,0,0,0,0,1,0,0,0,0,0,0,0,0,0,0,0,0,0,0,0
741,Galileo Learning,2019-01-01,"Summer Instructor, Culinary Arts",0,Teaching Jobs,0,0,0,0,0,0,0,0,0,0,0,0,0,0,0,0,0,0,0,0,0,1,0,0
742,Galileo Learning,2019-01-01,"Summer Instructor, Woodshop Fundamentals",0,Teaching Jobs,0,0,0,0,0,0,0,0,0,0,0,0,0,0,0,0,0,0,0,0,0,1,0,0
743,Galileo Learning,2019-01-01,"Summer Technology Instructor, 3-D Printing",0,Teaching Jobs,0,0,0,0,0,0,0,0,0,0,0,0,0,0,0,0,0,0,0,0,0,1,0,0
747,RNnetwork,2019-01-01,Travel RN-Medical Surgical job in California,0,Healthcare & Nursing Jobs,0,0,0,0,0,0,0,0,1,0,0,0,0,0,0,0,0,0,0,0,0,0,0,0
759,Galileo Learning,2019-01-01,"Summer Technology Instructor, Multimedia",0,IT Jobs,0,0,0,0,0,0,0,0,0,0,1,0,0,0,0,0,0,0,0,0,0,0,0,0
760,Galileo Learning,2019-01-01,Summer Outdoor Play Instructor,0,Teaching Jobs,0,0,0,0,0,0,0,0,0,0,0,0,0,0,0,0,0,0,0,0,0,1,0,0
761,Galileo Learning,2019-01-01,"Summer Instructor, Chemistry Fundamentals",0,Teaching Jobs,0,0,0,0,0,0,0,0,0,0,0,0,0,0,0,0,0,0,0,0,0,1,0,0
764,Galileo Learning,2019-01-01,Summer Camp Operations Coordinator,0,Admin Jobs,0,1,0,0,0,0,0,0,0,0,0,0,0,0,0,0,0,0,0,0,0,0,0,0
765,Galileo Learning,2019-01-01,Extended Camp Coordinator,0,Teaching Jobs,0,0,0,0,0,0,0,0,0,0,0,0,0,0,0,0,0,0,0,0,0,1,0,0
794,Galileo Learning,2019-01-01,"Summer Technology Instructor, Game Design",0,Engineering Jobs,0,0,0,0,0,0,1,0,0,0,0,0,0,0,0,0,0,0,0,0,0,0,0,0
795,Galileo Learning,2019-01-01,Assistant Camp Program Director,0,Healthcare & Nursing Jobs,0,0,0,0,0,0,0,0,1,0,0,0,0,0,0,0,0,0,0,0,0,0,0,0
810,Galileo Learning,2019-01-01,"Summer Instructor, Visual Arts & Fashion",0,Teaching Jobs,0,0,0,0,0,0,0,0,0,0,0,0,0,0,0,0,0,0,0,0,0,1,0,0
812,Galileo Learning,2019-01-01,Summer Camp Program Assistant,0,Admin Jobs,0,1,0,0,0,0,0,0,0,0,0,0,0,0,0,0,0,0,0,0,0,0,0,0
818,Galileo Learning,2019-01-01,"Summer Instructor, Engineering Fundamentals",0,Engineering Jobs,0,0,0,0,0,0,1,0,0,0,0,0,0,0,0,0,0,0,0,0,0,0,0,0
822,Galileo Learning,2019-01-01,"Summer Instructor, Summer Camps  The Tech",0,Teaching Jobs,0,0,0,0,0,0,0,0,0,0,0,0,0,0,0,0,0,0,0,0,0,1,0,0
837,Galileo Learning,2019-01-01,Summer Operations Intern,0,Admin Jobs,0,1,0,0,0,0,0,0,0,0,0,0,0,0,0,0,0,0,0,0,0,0,0,0
839,RNnetwork,2019-01-01,Travel RN-OR job in California,0,Healthcare & Nursing Jobs,0,0,0,0,0,0,0,0,1,0,0,0,0,0,0,0,0,0,0,0,0,0,0,0
840,Hill Brothers Transportation,2019-01-01,CDL A Long-Haul Dray Truck Driver - 10K Sign-On Bonus,0,Logistics & Warehouse Jobs,0,0,0,0,0,0,0,0,0,0,0,0,1,0,0,0,0,0,0,0,0,0,0,0
841,American Cancer Society,2019-01-01,Government Relations Director,0,Unknown,0,0,0,0,0,0,0,0,0,0,0,0,0,0,0,0,0,0,0,0,0,0,0,1
842,Galileo Learning,2019-01-01,"Summer Program Director, San Jose Area (2019)",0,Admin Jobs,0,1,0,0,0,0,0,0,0,0,0,0,0,0,0,0,0,0,0,0,0,0,0,0
843,Galileo Learning,2019-01-01,"Summer Program Director, Palo Alto Area (2019)",0,Admin Jobs,0,1,0,0,0,0,0,0,0,0,0,0,0,0,0,0,0,0,0,0,0,0,0,0
844,The Sherwin Williams Company,2019-01-01,Customer Service Specialist - Alameda,0,Customer Services Jobs,0,0,0,1,0,0,0,0,0,0,0,0,0,0,0,0,0,0,0,0,0,0,0,0
845,Abbott Labs,2019-01-01,Regulatory Affairs Program Manager,0,Unknown,0,0,0,0,0,0,0,0,0,0,0,0,0,0,0,0,0,0,0,0,0,0,0,1
846,Abbott Labs,2019-01-01,Project Leader,0,Unknown,0,0,0,0,0,0,0,0,0,0,0,0,0,0,0,0,0,0,0,0,0,0,0,1
847,American Cancer Society,2019-01-01,"Program Manager, Corporate Account Operations (Sales)",0,Unknown,0,0,0,0,0,0,0,0,0,0,0,0,0,0,0,0,0,0,0,0,0,0,0,1
848,Always Best Care,2019-01-01,WE ARE HIRING NO EXPERIENCED CAREGIVERS,0,Healthcare & Nursing Jobs,0,0,0,0,0,0,0,0,1,0,0,0,0,0,0,0,0,0,0,0,0,0,0,0
849,Galileo Learning,2019-01-01,"Summer Program Director, Palo Alto Area",0,Unknown,0,0,0,0,0,0,0,0,0,0,0,0,0,0,0,0,0,0,0,0,0,0,0,1
850,Galileo Learning,2019-01-01,"Summer Program Director, San Jose Area",0,Unknown,0,0,0,0,0,0,0,0,0,0,0,0,0,0,0,0,0,0,0,0,0,0,0,1
851,Guckenheimer,2019-01-01,Grill Cook,0,Unknown,0,0,0,0,0,0,0,0,0,0,0,0,0,0,0,0,0,0,0,0,0,0,0,1
854,VF Corporation,2019-01-01,"The North Face: Global Creative Director, Marketing",0,Unknown,0,0,0,0,0,0,0,0,0,0,0,0,0,0,0,0,0,0,0,0,0,0,0,1
855,American Cancer Society,2019-01-01,Northern CA Government Relations Director,0,Unknown,0,0,0,0,0,0,0,0,0,0,0,0,0,0,0,0,0,0,0,0,0,0,0,1
856,HSSG Inc.,2019-01-01,Brand Ambassador - Oakland/Alameda - $17.00/Hr,0,HR & Recruitment Jobs,0,0,0,0,0,0,0,1,0,0,0,0,0,0,0,0,0,0,0,0,0,0,0,0
864,Exelixis,2019-01-01,"Executive Medical Director, Drug Safety",0,Unknown,0,0,0,0,0,0,0,0,0,0,0,0,0,0,0,0,0,0,0,0,0,0,0,1
