,company,date,title,All_Sectors,Accounting & Finance Jobs,Admin Jobs,Consultancy Jobs,"Energy, Oil & Gas Jobs",Engineering Jobs,Graduate Jobs,HR & Recruitment Jobs,Healthcare & Nursing Jobs,IT Jobs,Legal Jobs,Logistics & Warehouse Jobs,Manufacturing Jobs,Other/General Jobs,"PR, Advertising & Marketing Jobs",Property Jobs,Retail Jobs,Sales Jobs,Teaching Jobs,Trade & Construction Jobs,Unknown
0,AMCS Group,2018-06-01,Senior Solutions Consultant,Unknown,0,0,0,0,0,0,0,0,0,0,0,0,0,0,0,0,0,0,0,1
1,Superprof,2018-07-01,"Superprof, the USA’s 1 tutoring network, is offering you the chance to become a private Chemistry tutor - Boston",Teaching Jobs,0,0,0,0,0,0,0,0,0,0,0,0,0,0,0,0,0,1,0,0
2,Qkids,2018-07-01,Teach English from Home,Teaching Jobs,0,0,0,0,0,0,0,0,0,0,0,0,0,0,0,0,0,1,0,0
3,Qkids,2018-07-01,Remote Work Teaching English,Teaching Jobs,0,0,0,0,0,0,0,0,0,0,0,0,0,0,0,0,0,1,0,0
4,Pathcore,2018-08-01,Sales Manager,Unknown,0,0,0,0,0,0,0,0,0,0,0,0,0,0,0,0,0,0,0,1
5,Qkids,2018-08-01,English Language Tutor - Remote,Teaching Jobs,0,0,0,0,0,0,0,0,0,0,0,0,0,0,0,0,0,1,0,0
6,Qkids,2018-08-01,Online English Teacher - Work from Home,Teaching Jobs,0,0,0,0,0,0,0,0,0,0,0,0,0,0,0,0,0,1,0,0
7,CloudCall Ltd.,2018-08-01,Sales Executive,Unknown,0,0,0,0,0,0,0,0,0,0,0,0,0,0,0,0,0,0,0,1
8,adidas,2018-08-01,"Senior Director CTC, Global Brands",Unknown,0,0,0,0,0,0,0,0,0,0,0,0,0,0,0,0,0,0,0,1
9,ACDi,2018-08-01,"Representative, Customer Service 54191",Unknown,0,0,0,0,0,0,0,0,0,0,0,0,0,0,0,0,0,0,0,1
10,ACDi,2018-08-01,Business Reengineering Analysis Specialist-93584,Unknown,0,0,0,0,0,0,0,0,0,0,0,0,0,0,0,0,0,0,0,1
11,ACDi,2018-08-01,Hiring/Recruiting/Onboarding Human Resources Assistant - 41910,Unknown,0,0,0,0,0,0,0,0,0,0,0,0,0,0,0,0,0,0,0,1
12,xngineer,2018-09-01,SAS Developer - (6 Month Contract),Unknown,0,0,0,0,0,0,0,0,0,0,0,0,0,0,0,0,0,0,0,1
13,xngineer,2018-09-01,Hadoop Architect (6 Month Contract),Unknown,0,0,0,0,0,0,0,0,0,0,0,0,0,0,0,0,0,0,0,1
14,AMCS Group,2018-09-01,Sales,Unknown,0,0,0,0,0,0,0,0,0,0,0,0,0,0,0,0,0,0,0,1
15,Nike Inc.,2018-09-01,Converse Global Partner Markets DTC Digital Manager,Retail Jobs,0,0,0,0,0,0,0,0,0,0,0,0,0,0,0,1,0,0,0,0
16,Nike Inc.,2018-09-01,"Mobile Product Director, Converse Technology",Retail Jobs,0,0,0,0,0,0,0,0,0,0,0,0,0,0,0,1,0,0,0,0
17,Nike Inc.,2018-09-01,Converse - Part Time Over - Retail Customization Design Specialist- Boston Flagship,Retail Jobs,0,0,0,0,0,0,0,0,0,0,0,0,0,0,0,1,0,0,0,0
18,Nike Inc.,2018-09-01,"Converse - Customization Sales Lead - Flagship Retail Location - Boston, MA",Retail Jobs,0,0,0,0,0,0,0,0,0,0,0,0,0,0,0,1,0,0,0,0
19,Nike Inc.,2018-09-01,Converse Senior Enterprise Data Governance Analyst,Retail Jobs,0,0,0,0,0,0,0,0,0,0,0,0,0,0,0,1,0,0,0,0
20,BlingABC by XDF,2018-09-01,Teach English Online From Home,Teaching Jobs,0,0,0,0,0,0,0,0,0,0,0,0,0,0,0,0,0,1,0,0
21,ESL Suite,2018-09-01,Online EFL/English Teacher,Teaching Jobs,0,0,0,0,0,0,0,0,0,0,0,0,0,0,0,0,0,1,0,0
22,First Future,2018-09-01,Online ESL English Teacher Wanted,Teaching Jobs,0,0,0,0,0,0,0,0,0,0,0,0,0,0,0,0,0,1,0,0
23,First Future,2018-09-01,Part-time English Teacher working onl,Teaching Jobs,0,0,0,0,0,0,0,0,0,0,0,0,0,0,0,0,0,1,0,0
24,First Future,2018-09-01,Online ESL- English Teacher,Teaching Jobs,0,0,0,0,0,0,0,0,0,0,0,0,0,0,0,0,0,1,0,0
25,First Future,2018-09-01,Online ESL Teachers for Chinese stude,Teaching Jobs,0,0,0,0,0,0,0,0,0,0,0,0,0,0,0,0,0,1,0,0
26,First Future,2018-09-01,"ESL teacher,high salary,no commuting",Teaching Jobs,0,0,0,0,0,0,0,0,0,0,0,0,0,0,0,0,0,1,0,0
27,BlingABC by XDF,2018-10-01,Online ESL teacher,Teaching Jobs,0,0,0,0,0,0,0,0,0,0,0,0,0,0,0,0,0,1,0,0
28,Under Armour,2018-10-01,"Part - Time Sales Teammate - Prudential, MA",Retail Jobs,0,0,0,0,0,0,0,0,0,0,0,0,0,0,0,1,0,0,0,0
29,Engie,2018-10-01,"Maintenance Electrician, Boston Airport (Bank of candidates)","Energy, Oil & Gas Jobs",0,0,0,1,0,0,0,0,0,0,0,0,0,0,0,0,0,0,0,0
30,Nike Inc.,2018-10-01,"Director, North America Retail Marketing",Retail Jobs,0,0,0,0,0,0,0,0,0,0,0,0,0,0,0,1,0,0,0,0
31,Nike Inc.,2018-10-01,"Converse, Manager of Customization Operations",Retail Jobs,0,0,0,0,0,0,0,0,0,0,0,0,0,0,0,1,0,0,0,0
32,Nike Inc.,2018-10-01,Converse Manager Seasonal Planning and Content Strategy- Digital Commerce,Retail Jobs,0,0,0,0,0,0,0,0,0,0,0,0,0,0,0,1,0,0,0,0
33,Jacobs,2018-10-01,Civil EIT/PE- Aviation,Engineering Jobs,0,0,0,0,1,0,0,0,0,0,0,0,0,0,0,0,0,0,0,0
34,Jacobs,2018-10-01,Design Architecture/Virtual Design Manager (BIM),Engineering Jobs,0,0,0,0,1,0,0,0,0,0,0,0,0,0,0,0,0,0,0,0
35,Jacobs,2018-10-01,Senior Systems Engineer/Project Manager,Engineering Jobs,0,0,0,0,1,0,0,0,0,0,0,0,0,0,0,0,0,0,0,0
36,Jacobs,2018-10-01,Project Designer-Interiors,Engineering Jobs,0,0,0,0,1,0,0,0,0,0,0,0,0,0,0,0,0,0,0,0
37,Jacobs,2018-10-01,Structural/Bridge EIT (May 2019 Graduates),Engineering Jobs,0,0,0,0,1,0,0,0,0,0,0,0,0,0,0,0,0,0,0,0
38,Jacobs,2018-10-01,Marketing/Proposal Coordinator,Engineering Jobs,0,0,0,0,1,0,0,0,0,0,0,0,0,0,0,0,0,0,0,0
39,Jacobs,2018-10-01,Vehicle Engineer,Engineering Jobs,0,0,0,0,1,0,0,0,0,0,0,0,0,0,0,0,0,0,0,0
40,Jacobs,2018-10-01,Project Manager,Engineering Jobs,0,0,0,0,1,0,0,0,0,0,0,0,0,0,0,0,0,0,0,0
41,Jacobs,2018-10-01,Environmental Remediation Project Manager,Engineering Jobs,0,0,0,0,1,0,0,0,0,0,0,0,0,0,0,0,0,0,0,0
42,Jacobs,2018-10-01,Lab Planning – Design Architecture,Engineering Jobs,0,0,0,0,1,0,0,0,0,0,0,0,0,0,0,0,0,0,0,0
43,Jacobs,2018-10-01,Interiors Project Manager,Engineering Jobs,0,0,0,0,1,0,0,0,0,0,0,0,0,0,0,0,0,0,0,0
44,Jacobs,2018-10-01,Traffic Engineer,Engineering Jobs,0,0,0,0,1,0,0,0,0,0,0,0,0,0,0,0,0,0,0,0
45,Jacobs,2018-10-01,Front Desk Coordinator/Receptionist,Engineering Jobs,0,0,0,0,1,0,0,0,0,0,0,0,0,0,0,0,0,0,0,0
46,Jacobs,2018-10-01,Lab Project Manager,Engineering Jobs,0,0,0,0,1,0,0,0,0,0,0,0,0,0,0,0,0,0,0,0
47,Jacobs,2018-10-01,Senior Structural Engineer/Bridge Inspection Team Leader,Engineering Jobs,0,0,0,0,1,0,0,0,0,0,0,0,0,0,0,0,0,0,0,0
48,Jacobs,2018-10-01,Structural Engineer- Ports & Maritime,Engineering Jobs,0,0,0,0,1,0,0,0,0,0,0,0,0,0,0,0,0,0,0,0
49,Jacobs,2018-10-01,Construction Project Manager - Buildings - Education,Engineering Jobs,0,0,0,0,1,0,0,0,0,0,0,0,0,0,0,0,0,0,0,0
50,adidas,2018-10-01,Advanced Creation Footwear Technical Manager,Unknown,0,0,0,0,0,0,0,0,0,0,0,0,0,0,0,0,0,0,0,1
51,LinkSquares,2018-10-01,Account Executive,Unknown,0,0,0,0,0,0,0,0,0,0,0,0,0,0,0,0,0,0,0,1
52,LinkSquares,2018-10-01,Customer Operations Associate,Unknown,0,0,0,0,0,0,0,0,0,0,0,0,0,0,0,0,0,0,0,1
53,LinkSquares,2018-10-01,Business Development Representative,Unknown,0,0,0,0,0,0,0,0,0,0,0,0,0,0,0,0,0,0,0,1
54,LinkSquares,2018-10-01,Marketing Internship,Unknown,0,0,0,0,0,0,0,0,0,0,0,0,0,0,0,0,0,0,0,1
55,BlingABC by XDF,2018-10-01,Online ESL Teacher $28-$36USD per 90,Teaching Jobs,0,0,0,0,0,0,0,0,0,0,0,0,0,0,0,0,0,1,0,0
56,VIPKid,2018-11-01,Online ESL Tutor for Children,Teaching Jobs,0,0,0,0,0,0,0,0,0,0,0,0,0,0,0,0,0,1,0,0
57,Jacobs,2018-11-01,Principal Geotechnical Engineer,Engineering Jobs,0,0,0,0,1,0,0,0,0,0,0,0,0,0,0,0,0,0,0,0
58,Jacobs,2018-11-01,Principal Tunnel Engineer,Engineering Jobs,0,0,0,0,1,0,0,0,0,0,0,0,0,0,0,0,0,0,0,0
59,Nike Inc.,2018-11-01,"Global Marketing Manager, Advertising and Content",Retail Jobs,0,0,0,0,0,0,0,0,0,0,0,0,0,0,0,1,0,0,0,0
60,Jacobs,2018-11-01,Architectural Specialist,Engineering Jobs,0,0,0,0,1,0,0,0,0,0,0,0,0,0,0,0,0,0,0,0
61,Jacobs,2018-11-01,Project Controls Specialist,Engineering Jobs,0,0,0,0,1,0,0,0,0,0,0,0,0,0,0,0,0,0,0,0
62,MedSchoolCoach,2018-11-01,MCAT Content Developer,Unknown,0,0,0,0,0,0,0,0,0,0,0,0,0,0,0,0,0,0,0,1
63,MedSchoolCoach,2018-11-01,Physician Advisor/Mentor,Unknown,0,0,0,0,0,0,0,0,0,0,0,0,0,0,0,0,0,0,0,1
64,Jacobs,2018-11-01,Mechanical Commissioning Specialist (Buildings),Engineering Jobs,0,0,0,0,1,0,0,0,0,0,0,0,0,0,0,0,0,0,0,0
65,Under Armour,2018-11-01,"Part-Time Stock Lead - Prudential, MA",Retail Jobs,0,0,0,0,0,0,0,0,0,0,0,0,0,0,0,1,0,0,0,0
66,Hitachi,2018-11-01,Manager - Organization Effectiveness,"Energy, Oil & Gas Jobs",0,0,0,1,0,0,0,0,0,0,0,0,0,0,0,0,0,0,0,0
67,Hitachi,2018-11-01,"Consultant, Consulting Core 2018 - 2019 (Boston)","Energy, Oil & Gas Jobs",0,0,0,1,0,0,0,0,0,0,0,0,0,0,0,0,0,0,0,0
68,K1 Speed,2018-11-01,Ride operator,Other/General Jobs,0,0,0,0,0,0,0,0,0,0,0,0,1,0,0,0,0,0,0,0
69,Tesla,2018-11-01,"Mobile Service Technician - Boston, MA",Engineering Jobs,0,0,0,0,1,0,0,0,0,0,0,0,0,0,0,0,0,0,0,0
70,Tesla,2018-11-01,Owner Advisor,Engineering Jobs,0,0,0,0,1,0,0,0,0,0,0,0,0,0,0,0,0,0,0,0
71,Tesla,2018-11-01,Energy Manager,Engineering Jobs,0,0,0,0,1,0,0,0,0,0,0,0,0,0,0,0,0,0,0,0
72,Jacobs,2018-11-01,Senior CQV Engineer,Engineering Jobs,0,0,0,0,1,0,0,0,0,0,0,0,0,0,0,0,0,0,0,0
73,Jacobs,2018-11-01,CQV Engineer,Engineering Jobs,0,0,0,0,1,0,0,0,0,0,0,0,0,0,0,0,0,0,0,0
74,Tesla,2018-11-01,Project Developer - Supercharger,Engineering Jobs,0,0,0,0,1,0,0,0,0,0,0,0,0,0,0,0,0,0,0,0
75,Tesla,2018-11-01,Customer Experience Specialist,Engineering Jobs,0,0,0,0,1,0,0,0,0,0,0,0,0,0,0,0,0,0,0,0
76,Jacobs,2018-11-01,CQV Engineer - 4,Engineering Jobs,0,0,0,0,1,0,0,0,0,0,0,0,0,0,0,0,0,0,0,0
77,Nike Inc.,2018-11-01,Converse Global Marketing Brand Manager,Retail Jobs,0,0,0,0,0,0,0,0,0,0,0,0,0,0,0,1,0,0,0,0
78,MedSchoolCoach,2018-11-01,"MCAT Tutor (One-on-One, Virtual Tutoring)",Unknown,0,0,0,0,0,0,0,0,0,0,0,0,0,0,0,0,0,0,0,1
79,Jacobs,2018-11-01,Structural EIT (Buildings),Engineering Jobs,0,0,0,0,1,0,0,0,0,0,0,0,0,0,0,0,0,0,0,0
80,Leidos,2018-11-01,HIPAA Investigator / Paralegal/Legal Assistant II (Boston),"Energy, Oil & Gas Jobs",0,0,0,1,0,0,0,0,0,0,0,0,0,0,0,0,0,0,0,0
81,Nike Inc.,2018-11-01,SR DIRECTOR CONVERSE TECHNOLOGY,Retail Jobs,0,0,0,0,0,0,0,0,0,0,0,0,0,0,0,1,0,0,0,0
82,MedSchoolCoach,2018-11-01,"USMLE Step 1/Step 2 Tutor (One-on-One, Virtual Tutoring)",Unknown,0,0,0,0,0,0,0,0,0,0,0,0,0,0,0,0,0,0,0,1
83,Leidos,2018-11-01,Personal Computer Support Technician (Tier 2),"Energy, Oil & Gas Jobs",0,0,0,1,0,0,0,0,0,0,0,0,0,0,0,0,0,0,0,0
84,Jacobs,2018-11-01,Site Signal EIT,Engineering Jobs,0,0,0,0,1,0,0,0,0,0,0,0,0,0,0,0,0,0,0,0
85,Leidos,2018-11-01,Sr Tier 2 Support Specialist,"Energy, Oil & Gas Jobs",0,0,0,1,0,0,0,0,0,0,0,0,0,0,0,0,0,0,0,0
86,TechnipFMC,2018-11-01,Intern / Co-Op,"Energy, Oil & Gas Jobs",0,0,0,1,0,0,0,0,0,0,0,0,0,0,0,0,0,0,0,0
87,TechnipFMC,2018-11-01,Scientist,"Energy, Oil & Gas Jobs",0,0,0,1,0,0,0,0,0,0,0,0,0,0,0,0,0,0,0,0
88,Jacobs,2018-11-01,Inside Sales/Marketing Manager,Engineering Jobs,0,0,0,0,1,0,0,0,0,0,0,0,0,0,0,0,0,0,0,0
89,LaowaiCareer,2018-11-01,Work From Home Teaching English Onlin,Teaching Jobs,0,0,0,0,0,0,0,0,0,0,0,0,0,0,0,0,0,1,0,0
90,Nike Inc.,2018-11-01,"Converse Integrated Editorial Director, Global Marketing",Retail Jobs,0,0,0,0,0,0,0,0,0,0,0,0,0,0,0,1,0,0,0,0
91,AMCS Group,2018-11-01,Sales Development,Unknown,0,0,0,0,0,0,0,0,0,0,0,0,0,0,0,0,0,0,0,1
92,Vipkid,2018-11-01,Part Time - Online English Teacher,Teaching Jobs,0,0,0,0,0,0,0,0,0,0,0,0,0,0,0,0,0,1,0,0
93,Nike Inc.,2018-11-01,"Manager, Converse Shopper Insights and Experience",Retail Jobs,0,0,0,0,0,0,0,0,0,0,0,0,0,0,0,1,0,0,0,0
94,Nike Inc.,2018-11-01,Sr Manager Retail Store Merchandise Planning,Retail Jobs,0,0,0,0,0,0,0,0,0,0,0,0,0,0,0,1,0,0,0,0
95,Vipkid,2018-11-01,[Remote] Part-time Online Teacher,Teaching Jobs,0,0,0,0,0,0,0,0,0,0,0,0,0,0,0,0,0,1,0,0
96,VIPKid,2018-11-01,Online English Instructor - Remote,Teaching Jobs,0,0,0,0,0,0,0,0,0,0,0,0,0,0,0,0,0,1,0,0
97,HPE,2018-11-01,Mission Critical Solutions Sales Manager,IT Jobs,0,0,0,0,0,0,0,0,1,0,0,0,0,0,0,0,0,0,0,0
98,WUHAO HONG KONG LIMITED,2018-11-01,Part-time online ESL teaching,Teaching Jobs,0,0,0,0,0,0,0,0,0,0,0,0,0,0,0,0,0,1,0,0
99,RideRight,2018-11-01,Maintenance Manager (MA),"PR, Advertising & Marketing Jobs",0,0,0,0,0,0,0,0,0,0,0,0,0,1,0,0,0,0,0,0
100,HPE,2018-12-01,Competitive Market Leader,IT Jobs,0,0,0,0,0,0,0,0,1,0,0,0,0,0,0,0,0,0,0,0
101,Nike Inc.,2018-12-01,Converse Strategy MBA Internship,Retail Jobs,0,0,0,0,0,0,0,0,0,0,0,0,0,0,0,1,0,0,0,0
102,Under Armour,2018-12-01,"Part - Time Stock Teammate - Prudential, MA",Retail Jobs,0,0,0,0,0,0,0,0,0,0,0,0,0,0,0,1,0,0,0,0
103,Under Armour,2018-12-01,"Part-Time Footwear Lead - Prudential, MA",Retail Jobs,0,0,0,0,0,0,0,0,0,0,0,0,0,0,0,1,0,0,0,0
104,Kaplan International,2018-12-01,Marketing Intern,Unknown,0,0,0,0,0,0,0,0,0,0,0,0,0,0,0,0,0,0,0,1
105,VIPKid,2018-12-01,Online ESL Instructor - Remote,Teaching Jobs,0,0,0,0,0,0,0,0,0,0,0,0,0,0,0,0,0,1,0,0
106,MedSchoolCoach,2018-12-01,"USMLE Step 3 Tutor (One-on-One, Virtual Tutor)",Unknown,0,0,0,0,0,0,0,0,0,0,0,0,0,0,0,0,0,0,0,1
107,MedSchoolCoach,2018-12-01,"COMLEX Tutor (One-on-One, Virtual Tutor)",Unknown,0,0,0,0,0,0,0,0,0,0,0,0,0,0,0,0,0,0,0,1
108,Nike Inc.,2018-12-01,"Manager Retail Planning, Global Partner Markets",Retail Jobs,0,0,0,0,0,0,0,0,0,0,0,0,0,0,0,1,0,0,0,0
109,Under Armour,2018-12-01,"Part - Time Sales Leader - Prudential, MA",Retail Jobs,0,0,0,0,0,0,0,0,0,0,0,0,0,0,0,1,0,0,0,0
110,Nike Inc.,2018-12-01,Brand and Marketplace Sourcing Manager,Retail Jobs,0,0,0,0,0,0,0,0,0,0,0,0,0,0,0,1,0,0,0,0
111,Nike Inc.,2018-12-01,Legal Internship,Retail Jobs,0,0,0,0,0,0,0,0,0,0,0,0,0,0,0,1,0,0,0,0
112,Nike Inc.,2018-12-01,Global Social Impact Director,Retail Jobs,0,0,0,0,0,0,0,0,0,0,0,0,0,0,0,1,0,0,0,0
113,Transn IOL Technology Co..Ltd,2018-12-01,Comics Translation: Chinese-Spanish,Other/General Jobs,0,0,0,0,0,0,0,0,0,0,0,0,1,0,0,0,0,0,0,0
114,LinkSquares,2018-12-01,Software Engineer,Unknown,0,0,0,0,0,0,0,0,0,0,0,0,0,0,0,0,0,0,0,1
115,FINRA,2018-12-01,"FINRA Legal Extern, Enforcement (UNPAID) - Boston, Massachusetts",Property Jobs,0,0,0,0,0,0,0,0,0,0,0,0,0,0,1,0,0,0,0,0
116,JB Hunt,2018-12-01,Class A OTR Truck Driver - Make $55k - $60k,Logistics & Warehouse Jobs,0,0,0,0,0,0,0,0,0,0,1,0,0,0,0,0,0,0,0,0
117,The University of Georgia,2018-12-01,Thomas County Family & Consumer Sciences Extension Agent,Teaching Jobs,0,0,0,0,0,0,0,0,0,0,0,0,0,0,0,0,0,1,0,0
118,Nike Inc.,2018-12-01,"Senior Manager, .COM & Email Editorial",Retail Jobs,0,0,0,0,0,0,0,0,0,0,0,0,0,0,0,1,0,0,0,0
119,VIPKid,2018-12-01,Online English Teacher for Children,Teaching Jobs,0,0,0,0,0,0,0,0,0,0,0,0,0,0,0,0,0,1,0,0
120,Nike Inc.,2018-12-01,Digital Experience Optimization Manager,Retail Jobs,0,0,0,0,0,0,0,0,0,0,0,0,0,0,0,1,0,0,0,0
121,Centering Healthcare Institute,2018-12-01,Group Care Organizational Development Consultant (Remote),Unknown,0,0,0,0,0,0,0,0,0,0,0,0,0,0,0,0,0,0,0,1
122,"Action for Boston Community Development, Inc. ",2018-12-01,Engagement Administrator,Unknown,0,0,0,0,0,0,0,0,0,0,0,0,0,0,0,0,0,0,0,1
123,Salus Medical Products,2018-12-01,Remote Biomedical Engineer (Northeast Territory),Unknown,0,0,0,0,0,0,0,0,0,0,0,0,0,0,0,0,0,0,0,1
124,Nike Inc.,2018-12-01,Director of Allocation,Retail Jobs,0,0,0,0,0,0,0,0,0,0,0,0,0,0,0,1,0,0,0,0
125,Dachser USA Air & Sea Logistics Inc.,2018-12-01,Inside Sales Specialist,Logistics & Warehouse Jobs,0,0,0,0,0,0,0,0,0,0,1,0,0,0,0,0,0,0,0,0
126,"Harvard Partners, LLP, Trusted Advisors to IT",2018-12-01,Help Desk Specialist,Unknown,0,0,0,0,0,0,0,0,0,0,0,0,0,0,0,0,0,0,0,1
127,PRIMARK,2018-12-01,"Overnight Stock - Part Time - Primark, Downtown Crossing",Retail Jobs,0,0,0,0,0,0,0,0,0,0,0,0,0,0,0,1,0,0,0,0
128,PRIMARK,2018-12-01,"a - 10am Replenishment - Primark, Downtown Crossing",Retail Jobs,0,0,0,0,0,0,0,0,0,0,0,0,0,0,0,1,0,0,0,0
129,PRIMARK,2018-12-01,"am - 12:30pm Replenishment - Primark, Downtown Crossing",Retail Jobs,0,0,0,0,0,0,0,0,0,0,0,0,0,0,0,1,0,0,0,0
130,PRIMARK,2018-12-01,Project Executive - us,Retail Jobs,0,0,0,0,0,0,0,0,0,0,0,0,0,0,0,1,0,0,0,0
131,TopTutorJob.cn,2018-12-01,Full-time ESL Teachers - Relocation to China required,Graduate Jobs,0,0,0,0,0,1,0,0,0,0,0,0,0,0,0,0,0,0,0,0
132,TopTutorJob.cn,2018-12-01,English Teachers in China（relocating to China),Teaching Jobs,0,0,0,0,0,0,0,0,0,0,0,0,0,0,0,0,0,1,0,0
133,PRIMARK,2018-12-01,Retail Assistant 3pm - 10:30pm Shifts,Retail Jobs,0,0,0,0,0,0,0,0,0,0,0,0,0,0,0,1,0,0,0,0
134,PRIMARK,2018-12-01,Assistant Manager Designate - Greater Boston Area,Retail Jobs,0,0,0,0,0,0,0,0,0,0,0,0,0,0,0,1,0,0,0,0
135,Nike Inc.,2018-12-01,Director of Buying,Retail Jobs,0,0,0,0,0,0,0,0,0,0,0,0,0,0,0,1,0,0,0,0
136,Nike Inc.,2018-12-01,"Lead Privacy Analyst Manager, Converse (Boston, MA)",Retail Jobs,0,0,0,0,0,0,0,0,0,0,0,0,0,0,0,1,0,0,0,0
137,Nike Inc.,2018-12-01,Converse Retail Operations Manager: Labor & Store Control,Retail Jobs,0,0,0,0,0,0,0,0,0,0,0,0,0,0,0,1,0,0,0,0
138,PRIMARK,2018-12-01,Payroll Manager,Retail Jobs,0,0,0,0,0,0,0,0,0,0,0,0,0,0,0,1,0,0,0,0
139,PRIMARK,2018-12-01,Retail Assistant - Mornings Until 6:30pm - Primark Burlington - $12,Retail Jobs,0,0,0,0,0,0,0,0,0,0,0,0,0,0,0,1,0,0,0,0
140,Nike Inc.,2018-12-01,Associate General Counsel,Retail Jobs,0,0,0,0,0,0,0,0,0,0,0,0,0,0,0,1,0,0,0,0
141,青尚国际,2018-12-01,$15 - $25/hr on-line teacher,"PR, Advertising & Marketing Jobs",0,0,0,0,0,0,0,0,0,0,0,0,0,1,0,0,0,0,0,0
142,Nike Inc.,2018-12-01,"CFO & Senior Director, Converse North America",Retail Jobs,0,0,0,0,0,0,0,0,0,0,0,0,0,0,0,1,0,0,0,0
143,TopTutorJob.cn,2018-12-01,Kindergarten Teacher - Relocation to China,Graduate Jobs,0,0,0,0,0,1,0,0,0,0,0,0,0,0,0,0,0,0,0,0
144,TopTutorJob.cn,2018-12-01,Drama/Music Teacher - Relocation to China,Graduate Jobs,0,0,0,0,0,1,0,0,0,0,0,0,0,0,0,0,0,0,0,0
145,TopTutorJob.cn,2018-12-01,ESL/ELA Teacher - Relocation to China,Graduate Jobs,0,0,0,0,0,1,0,0,0,0,0,0,0,0,0,0,0,0,0,0
146,TopTutorJob.cn,2018-12-01,Online Teaching Jobs - Relocation to China,Graduate Jobs,0,0,0,0,0,1,0,0,0,0,0,0,0,0,0,0,0,0,0,0
147,Pitney Bowes,2018-12-01,"Channel Sales Specialist, Data Solutions",Legal Jobs,0,0,0,0,0,0,0,0,0,1,0,0,0,0,0,0,0,0,0,0
148,Pitney Bowes,2018-12-01,"Partner Manager, Software Channels","PR, Advertising & Marketing Jobs",0,0,0,0,0,0,0,0,0,0,0,0,0,1,0,0,0,0,0,0
149,BCG Attorney Search,2018-12-01,Intellectual Property Associate Attorney,"PR, Advertising & Marketing Jobs",0,0,0,0,0,0,0,0,0,0,0,0,0,1,0,0,0,0,0,0
150,Nike Inc.,2018-12-01,Customs Compliance and Trade Specialist,Retail Jobs,0,0,0,0,0,0,0,0,0,0,0,0,0,0,0,1,0,0,0,0
151,TopTutorJob.cn,2018-12-01,Math/Science Teacher - Relocation to China,Graduate Jobs,0,0,0,0,0,1,0,0,0,0,0,0,0,0,0,0,0,0,0,0
152,TopTutorJob.cn,2018-12-01,English Teacher - Relocation to China,Graduate Jobs,0,0,0,0,0,1,0,0,0,0,0,0,0,0,0,0,0,0,0,0
153,Robert Half International,2018-12-01,Division Director RHL Permanent Placement- Boston,"PR, Advertising & Marketing Jobs",0,0,0,0,0,0,0,0,0,0,0,0,0,1,0,0,0,0,0,0
154,Robert Half International,2018-12-01,Director of Legal Projects Boston,"PR, Advertising & Marketing Jobs",0,0,0,0,0,0,0,0,0,0,0,0,0,1,0,0,0,0,0,0
155,Robert Half International,2018-12-01,Boston RH Technology TS Technical Recruiter,"PR, Advertising & Marketing Jobs",0,0,0,0,0,0,0,0,0,0,0,0,0,1,0,0,0,0,0,0
156,Clinton Health Access Initiative ,2018-12-01,Recruiter,Healthcare & Nursing Jobs,0,0,0,0,0,0,0,1,0,0,0,0,0,0,0,0,0,0,0,0
157,"Harvard Partners, LLP, Trusted Advisors to IT",2018-12-01,Business Analyst,Consultancy Jobs,0,0,1,0,0,0,0,0,0,0,0,0,0,0,0,0,0,0,0,0
158,Federal Reserve Bank ,2018-12-01,Vice President - Cash Operations,"PR, Advertising & Marketing Jobs",0,0,0,0,0,0,0,0,0,0,0,0,0,1,0,0,0,0,0,0
159,BCG Attorney Search,2018-12-01,Civil Litigation Associate Attorney,"PR, Advertising & Marketing Jobs",0,0,0,0,0,0,0,0,0,0,0,0,0,1,0,0,0,0,0,0
160,BCG Attorney Search,2018-12-01,Mid-to Senior level Tax Associate Attorney,"PR, Advertising & Marketing Jobs",0,0,0,0,0,0,0,0,0,0,0,0,0,1,0,0,0,0,0,0
161,Syneos Health Commercial Solutions,2018-12-01,Field Reimbursement Manager,Healthcare & Nursing Jobs,0,0,0,0,0,0,0,1,0,0,0,0,0,0,0,0,0,0,0,0
162,Tektronix,2018-12-01,Territory Service Manager,Teaching Jobs,0,0,0,0,0,0,0,0,0,0,0,0,0,0,0,0,0,1,0,0
163,Semafone,2018-12-01,Technical Customer Relationship Manager,IT Jobs,0,0,0,0,0,0,0,0,1,0,0,0,0,0,0,0,0,0,0,0
164,PRIMARK,2018-12-01,Store Manager Designate - Greater New York City Area,Retail Jobs,0,0,0,0,0,0,0,0,0,0,0,0,0,0,0,1,0,0,0,0
165,PRIMARK,2018-12-01,Assistant Manager Designate - Greater New York City Area,Retail Jobs,0,0,0,0,0,0,0,0,0,0,0,0,0,0,0,1,0,0,0,0
166,PRIMARK,2018-12-01,Stockroom Retail Assistant - 6am - 12:30pm - Primark Burlington $12,Retail Jobs,0,0,0,0,0,0,0,0,0,0,0,0,0,0,0,1,0,0,0,0
167,PRIMARK,2018-12-01,Store Manager Designate - Greater Boston Area,Retail Jobs,0,0,0,0,0,0,0,0,0,0,0,0,0,0,0,1,0,0,0,0
168,PRIMARK,2018-12-01,Assistant Manager Designate - Greater Philadelphia Area,Retail Jobs,0,0,0,0,0,0,0,0,0,0,0,0,0,0,0,1,0,0,0,0
169,PRIMARK,2018-12-01,Store Manager Designate - Greater Philadelphia Area,Retail Jobs,0,0,0,0,0,0,0,0,0,0,0,0,0,0,0,1,0,0,0,0
170,Francesca's Service Corporation,2018-12-01,Key Holder - Future Opportunities,"PR, Advertising & Marketing Jobs",0,0,0,0,0,0,0,0,0,0,0,0,0,1,0,0,0,0,0,0
171,Unitex,2018-12-01,Business Development Manager - Boston Area,Sales Jobs,0,0,0,0,0,0,0,0,0,0,0,0,0,0,0,0,1,0,0,0
172,Albireo Pharma,2018-12-01,Staff Accountant,Healthcare & Nursing Jobs,0,0,0,0,0,0,0,1,0,0,0,0,0,0,0,0,0,0,0,0
173,Russell Tobin,2018-12-01,IP Legal Assistant (2-3 years),Admin Jobs,0,1,0,0,0,0,0,0,0,0,0,0,0,0,0,0,0,0,0,0
174,Boston Medical Center ,2018-12-01,Talent Acquisition Partner (Nurse Recruitment),HR & Recruitment Jobs,0,0,0,0,0,0,1,0,0,0,0,0,0,0,0,0,0,0,0,0
175,Albireo Pharma,2018-12-01,"Director, Clinical Supply Operations",Healthcare & Nursing Jobs,0,0,0,0,0,0,0,1,0,0,0,0,0,0,0,0,0,0,0,0
176,QMedic,2018-12-01,Marketing & Customer Service Associate,Unknown,0,0,0,0,0,0,0,0,0,0,0,0,0,0,0,0,0,0,0,1
177,BCG Attorney Search,2018-12-01,Associate Attorney,"PR, Advertising & Marketing Jobs",0,0,0,0,0,0,0,0,0,0,0,0,0,1,0,0,0,0,0,0
178,Francesca's Service Corporation,2018-12-01,Assistant Store Manager - Future Opportunities,"PR, Advertising & Marketing Jobs",0,0,0,0,0,0,0,0,0,0,0,0,0,1,0,0,0,0,0,0
179,Precision Medicine Group,2018-12-01,Business Development Director - Pre Sales - Biomarker Informatics Software,"PR, Advertising & Marketing Jobs",0,0,0,0,0,0,0,0,0,0,0,0,0,1,0,0,0,0,0,0
180,BCG Attorney Search,2018-12-01,Medical Malpractice Associate Attorney,"PR, Advertising & Marketing Jobs",0,0,0,0,0,0,0,0,0,0,0,0,0,1,0,0,0,0,0,0
181,US SmartStudy ,2018-12-01,Marketing Specialist,"PR, Advertising & Marketing Jobs",0,0,0,0,0,0,0,0,0,0,0,0,0,1,0,0,0,0,0,0
182,Dane Street,2018-12-01,Disability Customer Service Representative,Other/General Jobs,0,0,0,0,0,0,0,0,0,0,0,0,1,0,0,0,0,0,0,0
183,Deckers Outdoor Corporation,2018-12-01,Field Service Representative,Retail Jobs,0,0,0,0,0,0,0,0,0,0,0,0,0,0,0,1,0,0,0,0
184,Brigham & Women's Hospital,2018-12-01,ADMINISTRATIVE ASSISTANT II / 40 HOUR / DAY / BWH - INFECTIOUS DISEASES,Admin Jobs,0,1,0,0,0,0,0,0,0,0,0,0,0,0,0,0,0,0,0,0
185,Amazon.com,2018-12-01,"Sr. Technical Account Manager (BOS, NYC, CT, PA, NJ, VA, NC, ATL, FL, TN)",Accounting & Finance Jobs,1,0,0,0,0,0,0,0,0,0,0,0,0,0,0,0,0,0,0,0
186,Blue State Digital,2018-12-01,DevOps Engineer,Engineering Jobs,0,0,0,0,1,0,0,0,0,0,0,0,0,0,0,0,0,0,0,0
187,JBCSTYLE,2018-12-01,Retail Sales Educator,Retail Jobs,0,0,0,0,0,0,0,0,0,0,0,0,0,0,0,1,0,0,0,0
188,Federal Reserve Bank ,2018-12-01,Financial Economist - Bank Supervision Regulation & Credit,"PR, Advertising & Marketing Jobs",0,0,0,0,0,0,0,0,0,0,0,0,0,1,0,0,0,0,0,0
189,Federal Reserve Bank ,2018-12-01,Business Services Coordinator,"PR, Advertising & Marketing Jobs",0,0,0,0,0,0,0,0,0,0,0,0,0,1,0,0,0,0,0,0
190,Robert Half International,2018-12-01,Boston RH Technology CS Sr. Recruiter,"PR, Advertising & Marketing Jobs",0,0,0,0,0,0,0,0,0,0,0,0,0,1,0,0,0,0,0,0
191,Federal Reserve Bank ,2018-12-01,Intern - Payment Strategies,"PR, Advertising & Marketing Jobs",0,0,0,0,0,0,0,0,0,0,0,0,0,1,0,0,0,0,0,0
192,"MVM, Inc.",2018-12-01,"Spanish Linguist - Boston, MA",Admin Jobs,0,1,0,0,0,0,0,0,0,0,0,0,0,0,0,0,0,0,0,0
193,ERT,2018-12-01,eCOA Project Manager,Healthcare & Nursing Jobs,0,0,0,0,0,0,0,1,0,0,0,0,0,0,0,0,0,0,0,0
194,Adecco,2018-12-01,Operations Specialist III,Accounting & Finance Jobs,1,0,0,0,0,0,0,0,0,0,0,0,0,0,0,0,0,0,0,0
195,HD Supply,2018-12-01,Shipping Team Lead,Logistics & Warehouse Jobs,0,0,0,0,0,0,0,0,0,0,1,0,0,0,0,0,0,0,0,0
196,UsaSurveyJob,2018-12-01,Work at Home Data Entry Clerk,"PR, Advertising & Marketing Jobs",0,0,0,0,0,0,0,0,0,0,0,0,0,1,0,0,0,0,0,0
197,Pear Therapeutics,2018-12-01,Vice President of Medical Affairs,Healthcare & Nursing Jobs,0,0,0,0,0,0,0,1,0,0,0,0,0,0,0,0,0,0,0,0
198,Usa Survey Job,2018-12-01,Data Entry Work from Home,Admin Jobs,0,1,0,0,0,0,0,0,0,0,0,0,0,0,0,0,0,0,0,0
199,Usa Survey Job,2018-12-01,Data Entry - Part Time,Admin Jobs,0,1,0,0,0,0,0,0,0,0,0,0,0,0,0,0,0,0,0,0
200,Usa Survey Job,2018-12-01,Data Entry Clerk,Admin Jobs,0,1,0,0,0,0,0,0,0,0,0,0,0,0,0,0,0,0,0,0
201,Usa Survey Job,2018-12-01,Work at Home - Administrative Assistant,Admin Jobs,0,1,0,0,0,0,0,0,0,0,0,0,0,0,0,0,0,0,0,0
202,Confidential,2018-12-01,Logistics Engineer,Logistics & Warehouse Jobs,0,0,0,0,0,0,0,0,0,0,1,0,0,0,0,0,0,0,0,0
203,Robert Half International,2018-12-01,Boston RH Technology CS Account Executive,"PR, Advertising & Marketing Jobs",0,0,0,0,0,0,0,0,0,0,0,0,0,1,0,0,0,0,0,0
204,Robert Half International,2018-12-01,Boston RHT Perm Technical Recruiter,"PR, Advertising & Marketing Jobs",0,0,0,0,0,0,0,0,0,0,0,0,0,1,0,0,0,0,0,0
205,TruckerTime Xpress,2018-12-01,Dedicated Class A CDL Truck Driver,HR & Recruitment Jobs,0,0,0,0,0,0,1,0,0,0,0,0,0,0,0,0,0,0,0,0
206,Robert Half International,2018-12-01,Boston AE A&P,"PR, Advertising & Marketing Jobs",0,0,0,0,0,0,0,0,0,0,0,0,0,1,0,0,0,0,0,0
207,Intrepid Pursuits,2018-12-01,MEAN Stack Developer,Engineering Jobs,0,0,0,0,1,0,0,0,0,0,0,0,0,0,0,0,0,0,0,0
208,New England Conservatory of Music,2018-12-01,Network Administrator,IT Jobs,0,0,0,0,0,0,0,0,1,0,0,0,0,0,0,0,0,0,0,0
209,Prime Toyota Boston,2018-12-01,Retail Sales Associate - Prime Toyota Boston,Property Jobs,0,0,0,0,0,0,0,0,0,0,0,0,0,0,1,0,0,0,0,0
210,Union Square Donuts,2018-12-01,Donut Slinger,Retail Jobs,0,0,0,0,0,0,0,0,0,0,0,0,0,0,0,1,0,0,0,0
211,Canada Survey Job,2019-01-01,Data Entry Clerk - Customer Service - Work from Home,"PR, Advertising & Marketing Jobs",0,0,0,0,0,0,0,0,0,0,0,0,0,1,0,0,0,0,0,0
212,Orkin,2019-01-01,Commercial Sales Representative (Will Train),"PR, Advertising & Marketing Jobs",0,0,0,0,0,0,0,0,0,0,0,0,0,1,0,0,0,0,0,0
213,UsaSurveyJob,2019-01-01,Data Entry Clerk - Work from Home,Retail Jobs,0,0,0,0,0,0,0,0,0,0,0,0,0,0,0,1,0,0,0,0
214,Orkin,2019-01-01,Service Manager Trainee,"PR, Advertising & Marketing Jobs",0,0,0,0,0,0,0,0,0,0,0,0,0,1,0,0,0,0,0,0
215,Orkin,2019-01-01,Home Service Inspector-Sales (Will Train),"PR, Advertising & Marketing Jobs",0,0,0,0,0,0,0,0,0,0,0,0,0,1,0,0,0,0,0,0
216,Orkin,2019-01-01,Commercial Service Technician (Will Train),"PR, Advertising & Marketing Jobs",0,0,0,0,0,0,0,0,0,0,0,0,0,1,0,0,0,0,0,0
217,IPRecruiter,2019-01-01,Senior Associate - Patent Attorney,Healthcare & Nursing Jobs,0,0,0,0,0,0,0,1,0,0,0,0,0,0,0,0,0,0,0,0
218,Casper Funeral & Cremation Services,2019-01-01,Funeral Home Transport Assistant - Veteran Candidates preferred,Logistics & Warehouse Jobs,0,0,0,0,0,0,0,0,0,0,1,0,0,0,0,0,0,0,0,0
219,Lenox Executive Search,2019-01-01,Pharmaceutical Quality Control cGMP Analyst,Healthcare & Nursing Jobs,0,0,0,0,0,0,0,1,0,0,0,0,0,0,0,0,0,0,0,0
220,University of Massachusetts Boston,2019-01-01,"Director of Marketing, Communication and Corporate Engagement",HR & Recruitment Jobs,0,0,0,0,0,0,1,0,0,0,0,0,0,0,0,0,0,0,0,0
221,MFPS Transport,2019-01-01,"Regional CDL Drivers - Up to $80K, Home 1-2 Days Weekly & Full Benefits",Logistics & Warehouse Jobs,0,0,0,0,0,0,0,0,0,0,1,0,0,0,0,0,0,0,0,0
222,MARSHALL RETAIL GROUP,2019-01-01,Store Supervisor,Retail Jobs,0,0,0,0,0,0,0,0,0,0,0,0,0,0,0,1,0,0,0,0
223,Wellist,2019-01-01,Resource Directory Specialist (FT),Unknown,0,0,0,0,0,0,0,0,0,0,0,0,0,0,0,0,0,0,0,1
224,infosys,2019-01-01,Technology Lead - US,IT Jobs,0,0,0,0,0,0,0,0,1,0,0,0,0,0,0,0,0,0,0,0
225,YMCA OF GREATER BOSTON,2019-01-01,Executive Assistant to the President & CEO,"PR, Advertising & Marketing Jobs",0,0,0,0,0,0,0,0,0,0,0,0,0,1,0,0,0,0,0,0
226,Boost Media,2019-01-01,Freelance Copywriters Needed,"PR, Advertising & Marketing Jobs",0,0,0,0,0,0,0,0,0,0,0,0,0,1,0,0,0,0,0,0
227,Worldwide Logistic Partners Inc,2019-01-01,Logistics Sales Professionals - Home Office,Logistics & Warehouse Jobs,0,0,0,0,0,0,0,0,0,0,1,0,0,0,0,0,0,0,0,0
228,DHL Global Forwarding,2019-01-01,Senior Sales Executive - Boston,Logistics & Warehouse Jobs,0,0,0,0,0,0,0,0,0,0,1,0,0,0,0,0,0,0,0,0
229,DHL Global Forwarding,2019-01-01,Ocean Import / Export Agent,Logistics & Warehouse Jobs,0,0,0,0,0,0,0,0,0,0,1,0,0,0,0,0,0,0,0,0
230,Canada Goose,2019-01-01,Cash Associate - Full - Time,Retail Jobs,0,0,0,0,0,0,0,0,0,0,0,0,0,0,0,1,0,0,0,0
231,PRIMARK,2019-01-01,"Open House For Replenishment 6:00am - 12:30pm Shift Sat, Jan 5th 9 - 11am",Retail Jobs,0,0,0,0,0,0,0,0,0,0,0,0,0,0,0,1,0,0,0,0
232,PRIMARK,2019-01-01,"Full Time Retail Supervisor - Primark, Downtown Crossing",Retail Jobs,0,0,0,0,0,0,0,0,0,0,0,0,0,0,0,1,0,0,0,0
233,PRIMARK,2019-01-01,Retail Assistant - Primark Burlington - $12,Retail Jobs,0,0,0,0,0,0,0,0,0,0,0,0,0,0,0,1,0,0,0,0
234,Canada Goose,2019-01-01,Sales Associate - Full - Time,Retail Jobs,0,0,0,0,0,0,0,0,0,0,0,0,0,0,0,1,0,0,0,0
235,Canada Goose,2019-01-01,Brand Ambassador - Operations - 3,Retail Jobs,0,0,0,0,0,0,0,0,0,0,0,0,0,0,0,1,0,0,0,0
236,PRIMARK,2019-01-01,"Retail Assistant - Morning Shift - Primark, Downtown Crossing",Retail Jobs,0,0,0,0,0,0,0,0,0,0,0,0,0,0,0,1,0,0,0,0
237,Canada Goose,2019-01-01,Loss - Prevention Officer - Full - Time (Permanent),Retail Jobs,0,0,0,0,0,0,0,0,0,0,0,0,0,0,0,1,0,0,0,0
238,PRIMARK,2019-01-01,"Retail Assistant - Closing Shift - Primark, Downtown Crossing",Retail Jobs,0,0,0,0,0,0,0,0,0,0,0,0,0,0,0,1,0,0,0,0
239,PRIMARK,2019-01-01,"Retail Specialist - Full or Part Time - Primark, Downtown Crossing",Retail Jobs,0,0,0,0,0,0,0,0,0,0,0,0,0,0,0,1,0,0,0,0
240,PRIMARK,2019-01-01,"Retail Assistant - Mid Shift - Primark, Downtown Crossing",Retail Jobs,0,0,0,0,0,0,0,0,0,0,0,0,0,0,0,1,0,0,0,0
241,PRIMARK,2019-01-01,Visual Merchandising Assistant - Full Time,Retail Jobs,0,0,0,0,0,0,0,0,0,0,0,0,0,0,0,1,0,0,0,0
242,PRIMARK,2019-01-01,Primark Burlington Retail Assistant - 3:30pm or 6pm - 10pm $12/Hour,Retail Jobs,0,0,0,0,0,0,0,0,0,0,0,0,0,0,0,1,0,0,0,0
243,Canada Goose,2019-01-01,Stock Associate - Full - Time,Retail Jobs,0,0,0,0,0,0,0,0,0,0,0,0,0,0,0,1,0,0,0,0
244,"BGC Partners, Cantor Fitzgerald, Newmark Knight Frank, and GFI Group",2019-01-01,Closing Officer - Multifamily Capital Markets,"PR, Advertising & Marketing Jobs",0,0,0,0,0,0,0,0,0,0,0,0,0,1,0,0,0,0,0,0
245,BCG Attorney Search,2019-01-01,Environmental Associate Attorney,"PR, Advertising & Marketing Jobs",0,0,0,0,0,0,0,0,0,0,0,0,0,1,0,0,0,0,0,0
246,"BGC Partners, Cantor Fitzgerald, Newmark Knight Frank, and GFI Group",2019-01-01,Building Engineer,"PR, Advertising & Marketing Jobs",0,0,0,0,0,0,0,0,0,0,0,0,0,1,0,0,0,0,0,0
247,Robert Half International,2019-01-01,Boston RH Technology Perm Technical Recruiter,"PR, Advertising & Marketing Jobs",0,0,0,0,0,0,0,0,0,0,0,0,0,1,0,0,0,0,0,0
248,BCG Attorney Search,2019-01-01,Litigation Associate Attorney,"PR, Advertising & Marketing Jobs",0,0,0,0,0,0,0,0,0,0,0,0,0,1,0,0,0,0,0,0
249,"BGC Partners, Cantor Fitzgerald, Newmark Knight Frank, and GFI Group",2019-01-01,Property Accountant,"PR, Advertising & Marketing Jobs",0,0,0,0,0,0,0,0,0,0,0,0,0,1,0,0,0,0,0,0
250,"BGC Partners, Cantor Fitzgerald, Newmark Knight Frank, and GFI Group",2019-01-01,Sr Property Manager,"PR, Advertising & Marketing Jobs",0,0,0,0,0,0,0,0,0,0,0,0,0,1,0,0,0,0,0,0
251,BCG Attorney Search,2019-01-01,Intellectual Property Associate Attorney,"PR, Advertising & Marketing Jobs",0,0,0,0,0,0,0,0,0,0,0,0,0,1,0,0,0,0,0,0
252,AMCS Group,2019-01-01,Finance Manager,Unknown,0,0,0,0,0,0,0,0,0,0,0,0,0,0,0,0,0,0,0,1
253,"Decker Truck Line, Inc.",2019-01-01,Flatbed CDL-A Truck Driver,Logistics & Warehouse Jobs,0,0,0,0,0,0,0,0,0,0,1,0,0,0,0,0,0,0,0,0
254,Kimpton Hotels & Restaurants,2019-01-01,Director Of Guest Services - Onyx Hotel,"PR, Advertising & Marketing Jobs",0,0,0,0,0,0,0,0,0,0,0,0,0,1,0,0,0,0,0,0
255,Logistic Dynamics Inc.,2019-01-01,Freight Broker Agent - Experience Required,Logistics & Warehouse Jobs,0,0,0,0,0,0,0,0,0,0,1,0,0,0,0,0,0,0,0,0
256,Cuseum   Melcher St,2019-01-01,Sales Development Representative (FT),Unknown,0,0,0,0,0,0,0,0,0,0,0,0,0,0,0,0,0,0,0,1
257,Cuseum   Melcher St,2019-01-01,Customer Success Associate (FT),Unknown,0,0,0,0,0,0,0,0,0,0,0,0,0,0,0,0,0,0,0,1
258,Cuseum   Melcher St,2019-01-01,Sales Assistant (PT),Unknown,0,0,0,0,0,0,0,0,0,0,0,0,0,0,0,0,0,0,0,1
259,"USA   Smith & Nephew, Inc.",2019-01-01,"Trauma Associate Sales Representative - Boston, MA",Healthcare & Nursing Jobs,0,0,0,0,0,0,0,1,0,0,0,0,0,0,0,0,0,0,0,0
260,infosys,2019-01-01,Technology Lead - US,Other/General Jobs,0,0,0,0,0,0,0,0,0,0,0,0,1,0,0,0,0,0,0,0
261,YMCA OF GREATER BOSTON,2019-01-01,"Teen Director, Wang YMCA","PR, Advertising & Marketing Jobs",0,0,0,0,0,0,0,0,0,0,0,0,0,1,0,0,0,0,0,0
262,BCG Attorney Search,2019-01-01,Labor and Employment Associate Attorney,"PR, Advertising & Marketing Jobs",0,0,0,0,0,0,0,0,0,0,0,0,0,1,0,0,0,0,0,0
263,Process design deployed and Narrated Infotech,2019-01-01,Validation Test Engineer,Healthcare & Nursing Jobs,0,0,0,0,0,0,0,1,0,0,0,0,0,0,0,0,0,0,0,0
264,PTC,2019-01-01,"Server Engineer, Senior",IT Jobs,0,0,0,0,0,0,0,0,1,0,0,0,0,0,0,0,0,0,0,0
265,"MachineMetrics, Inc.",2019-01-01,Chief Financial Officer,Manufacturing Jobs,0,0,0,0,0,0,0,0,0,0,0,1,0,0,0,0,0,0,0,0
266,Waltham Pest Services,2019-01-01,Business Development Specialist,"PR, Advertising & Marketing Jobs",0,0,0,0,0,0,0,0,0,0,0,0,0,1,0,0,0,0,0,0
267,Impark,2019-01-01,Assistant Manager,"PR, Advertising & Marketing Jobs",0,0,0,0,0,0,0,0,0,0,0,0,0,1,0,0,0,0,0,0
268,"Great Hill Consulting Group, Inc",2019-01-01,Junior Marketing and Sales Coordinator | Entry Level Paid Training,"PR, Advertising & Marketing Jobs",0,0,0,0,0,0,0,0,0,0,0,0,0,1,0,0,0,0,0,0
269,"Great Hill Consulting Group, Inc",2019-01-01,Customer Service Representative - Full Time | CRM Training,Consultancy Jobs,0,0,1,0,0,0,0,0,0,0,0,0,0,0,0,0,0,0,0,0
270,Patrice & Associates,2019-01-01,General Manager,Accounting & Finance Jobs,1,0,0,0,0,0,0,0,0,0,0,0,0,0,0,0,0,0,0,0
271,"Great Hill Consulting Group, Inc",2019-01-01,Entry Level Account Coordinator - Full Time,Consultancy Jobs,0,0,1,0,0,0,0,0,0,0,0,0,0,0,0,0,0,0,0,0
272,Charlotte Tilbury,2019-01-01,"Beauty Advisor Full Time Bloomingdales Chestnut Hill, MA",Retail Jobs,0,0,0,0,0,0,0,0,0,0,0,0,0,0,0,1,0,0,0,0
273,Charlotte Tilbury,2019-01-01,"Counter Manager - Bloomingdales Chestnut Hill, MA",Retail Jobs,0,0,0,0,0,0,0,0,0,0,0,0,0,0,0,1,0,0,0,0
274,Yusen Logistics,2019-01-01,Import Agent,Logistics & Warehouse Jobs,0,0,0,0,0,0,0,0,0,0,1,0,0,0,0,0,0,0,0,0
275,Yusen Logistics,2019-01-01,Administrative Operations Support,Logistics & Warehouse Jobs,0,0,0,0,0,0,0,0,0,0,1,0,0,0,0,0,0,0,0,0
276,Robert Half International,2019-01-01,Boston SE SPS,"PR, Advertising & Marketing Jobs",0,0,0,0,0,0,0,0,0,0,0,0,0,1,0,0,0,0,0,0
277,Dialogue Direct,2019-01-01,Charity Campaign Coordinator,"PR, Advertising & Marketing Jobs",0,0,0,0,0,0,0,0,0,0,0,0,0,1,0,0,0,0,0,0
278,BCG Attorney Search,2019-01-01,Life Sciences Biotechnology Patent Agent,"PR, Advertising & Marketing Jobs",0,0,0,0,0,0,0,0,0,0,0,0,0,1,0,0,0,0,0,0
279,Robert Half International,2019-01-01,Boston Robert Half Finance and Accounting Recruiting Manager,"PR, Advertising & Marketing Jobs",0,0,0,0,0,0,0,0,0,0,0,0,0,1,0,0,0,0,0,0
280,Dialogue Direct,2019-01-01,Fundraiser Specialist for Non-Profit Charities,"PR, Advertising & Marketing Jobs",0,0,0,0,0,0,0,0,0,0,0,0,0,1,0,0,0,0,0,0
281,Dialogue Direct,2019-01-01,Charity Fundraiser Strategist,"PR, Advertising & Marketing Jobs",0,0,0,0,0,0,0,0,0,0,0,0,0,1,0,0,0,0,0,0
282,University of Notre Dame,2019-01-01,Regional Development Director,"PR, Advertising & Marketing Jobs",0,0,0,0,0,0,0,0,0,0,0,0,0,1,0,0,0,0,0,0
284,Dialogue Direct,2019-01-01,Donations Specialist,"PR, Advertising & Marketing Jobs",0,0,0,0,0,0,0,0,0,0,0,0,0,1,0,0,0,0,0,0
285,RBW Consulting,2019-01-01,Lead Clinical Research Associate - Remote,Healthcare & Nursing Jobs,0,0,0,0,0,0,0,1,0,0,0,0,0,0,0,0,0,0,0,0
286,Robert Half International,2019-01-01,Boston Robert Half Finance and Accounting Account Operations Division Director,"PR, Advertising & Marketing Jobs",0,0,0,0,0,0,0,0,0,0,0,0,0,1,0,0,0,0,0,0
287,BCG Attorney Search,2019-01-01,Business/Corporate Attorney,"PR, Advertising & Marketing Jobs",0,0,0,0,0,0,0,0,0,0,0,0,0,1,0,0,0,0,0,0
288,BCG Attorney Search,2019-01-01,Technology Transactions Associate Attorney,"PR, Advertising & Marketing Jobs",0,0,0,0,0,0,0,0,0,0,0,0,0,1,0,0,0,0,0,0
289,"The Paradies Shops, LLC",2019-01-01,iStore Sales Associate,Retail Jobs,0,0,0,0,0,0,0,0,0,0,0,0,0,0,0,1,0,0,0,0
290,Robert Half International,2019-01-01,Boston Accountemps Division Director Outside,"PR, Advertising & Marketing Jobs",0,0,0,0,0,0,0,0,0,0,0,0,0,1,0,0,0,0,0,0
291,BCG Attorney Search,2019-01-01,Corporate Associate Attorney,"PR, Advertising & Marketing Jobs",0,0,0,0,0,0,0,0,0,0,0,0,0,1,0,0,0,0,0,0
292,BCG Attorney Search,2019-01-01,Agricultural Industry Associate Attorney,"PR, Advertising & Marketing Jobs",0,0,0,0,0,0,0,0,0,0,0,0,0,1,0,0,0,0,0,0
293,CloudCall Ltd.,2019-01-01,Accounting Assistant,Unknown,0,0,0,0,0,0,0,0,0,0,0,0,0,0,0,0,0,0,0,1
294,CloudCall Ltd.,2019-01-01,Junior Customer Account Manager,Unknown,0,0,0,0,0,0,0,0,0,0,0,0,0,0,0,0,0,0,0,1
295,Clarivate Analytics,2019-01-01,"Global Practice Leader, Portfolio & Licensing",Healthcare & Nursing Jobs,0,0,0,0,0,0,0,1,0,0,0,0,0,0,0,0,0,0,0,0
296,City of Boston,2019-01-01,Principal Administrative Assistant,Accounting & Finance Jobs,1,0,0,0,0,0,0,0,0,0,0,0,0,0,0,0,0,0,0,0
297,Travel Tech Company,2019-01-01,Lead Software Engineer,Engineering Jobs,0,0,0,0,1,0,0,0,0,0,0,0,0,0,0,0,0,0,0,0
298,City of Boston,2019-01-01,Director for the Mayors Housing Innovation Lab,"PR, Advertising & Marketing Jobs",0,0,0,0,0,0,0,0,0,0,0,0,0,1,0,0,0,0,0,0
299,Beacon HIll Pharma,2019-01-01,Quality Consultant (GCP),Healthcare & Nursing Jobs,0,0,0,0,0,0,0,1,0,0,0,0,0,0,0,0,0,0,0,0
300,HD Supply,2019-01-01,"Assistant Manager, Transportation",Logistics & Warehouse Jobs,0,0,0,0,0,0,0,0,0,0,1,0,0,0,0,0,0,0,0,0
301,"Sunquest Information Systems, Inc.",2019-01-01,Principal Software Engineer,"PR, Advertising & Marketing Jobs",0,0,0,0,0,0,0,0,0,0,0,0,0,1,0,0,0,0,0,0
302,Deckers Retail LLC,2019-01-01,"Sales Associate, UGG",Retail Jobs,0,0,0,0,0,0,0,0,0,0,0,0,0,0,0,1,0,0,0,0
303,USG Corporation,2019-01-01,Regional Account Representative- Boston/Albany (Structural Solutions),Manufacturing Jobs,0,0,0,0,0,0,0,0,0,0,0,1,0,0,0,0,0,0,0,0
304,FINRA,2019-01-01,"Principal Counsel - Enforcement- Boston, MA",Property Jobs,0,0,0,0,0,0,0,0,0,0,0,0,0,0,1,0,0,0,0,0
305,AdmitHub,2019-01-01,Senior Applied Artificial Intelligence Engineer,Trade & Construction Jobs,0,0,0,0,0,0,0,0,0,0,0,0,0,0,0,0,0,0,1,0
306,Alation Inc.,2019-01-01,Account Executive - Boston,Accounting & Finance Jobs,1,0,0,0,0,0,0,0,0,0,0,0,0,0,0,0,0,0,0,0
307,Hellmann Worldwide Logistics,2019-01-01,Director of Strategic Accounts,Logistics & Warehouse Jobs,0,0,0,0,0,0,0,0,0,0,1,0,0,0,0,0,0,0,0,0
308,Landi English,2019-01-01,Online English Teacher,Teaching Jobs,0,0,0,0,0,0,0,0,0,0,0,0,0,0,0,0,0,1,0,0
309,Engineering Selection,2019-01-01,Bridge/Structural Designer or Engineer,Engineering Jobs,0,0,0,0,1,0,0,0,0,0,0,0,0,0,0,0,0,0,0,0
311,Robert Half International,2019-01-01,Boston Creative Group Perm Recruiting Manager,"PR, Advertising & Marketing Jobs",0,0,0,0,0,0,0,0,0,0,0,0,0,1,0,0,0,0,0,0
312,BCG Attorney Search,2019-01-01,Real Estate Associate Attorney,"PR, Advertising & Marketing Jobs",0,0,0,0,0,0,0,0,0,0,0,0,0,1,0,0,0,0,0,0
313,BCG Attorney Search,2019-01-01,Patent Prosecution Biotechnology Associate Attorney,"PR, Advertising & Marketing Jobs",0,0,0,0,0,0,0,0,0,0,0,0,0,1,0,0,0,0,0,0
314,BCG Attorney Search,2019-01-01,Immigration Associate Attorney,"PR, Advertising & Marketing Jobs",0,0,0,0,0,0,0,0,0,0,0,0,0,1,0,0,0,0,0,0
315,Robert Half International,2019-01-01,Boston Creative Group Temp Creative Recruiter,"PR, Advertising & Marketing Jobs",0,0,0,0,0,0,0,0,0,0,0,0,0,1,0,0,0,0,0,0
316,"ERM Consulting & Engineering, Inc.",2019-01-01,Environmental Senior Consultant - Due Diligence (Mid-Senior Level),"PR, Advertising & Marketing Jobs",0,0,0,0,0,0,0,0,0,0,0,0,0,1,0,0,0,0,0,0
317,"ERM Consulting & Engineering, Inc.",2019-01-01,Senior Project Manager - Air Quality (Mid-Senior Level),"PR, Advertising & Marketing Jobs",0,0,0,0,0,0,0,0,0,0,0,0,0,1,0,0,0,0,0,0
318,EF English First,2019-01-01,English Teacher - Teach English in China,Teaching Jobs,0,0,0,0,0,0,0,0,0,0,0,0,0,0,0,0,0,1,0,0
320,SmartSense,2019-01-01,Automation Test Engineeer,Healthcare & Nursing Jobs,0,0,0,0,0,0,0,1,0,0,0,0,0,0,0,0,0,0,0,0
321,The Select Group,2019-01-01,Data Management Supervisor,Engineering Jobs,0,0,0,0,1,0,0,0,0,0,0,0,0,0,0,0,0,0,0,0
322,Nike Inc.,2019-01-01,"Converse Director, NA Digital Merchandising & Seasonal Planning",Retail Jobs,0,0,0,0,0,0,0,0,0,0,0,0,0,0,0,1,0,0,0,0
323,Tyler Search Consultants,2019-01-01,Export Compliance Manager 5593,Logistics & Warehouse Jobs,0,0,0,0,0,0,0,0,0,0,1,0,0,0,0,0,0,0,0,0
324,HD Supply,2019-01-01,National Accounts Manager,Logistics & Warehouse Jobs,0,0,0,0,0,0,0,0,0,0,1,0,0,0,0,0,0,0,0,0
325,DHL Global Forwarding,2019-01-01,Business Development Manager - Domestic/Transborder Sales,Logistics & Warehouse Jobs,0,0,0,0,0,0,0,0,0,0,1,0,0,0,0,0,0,0,0,0
326,Landi English,2019-01-01,Online ESL teacher-Work From Home,Teaching Jobs,0,0,0,0,0,0,0,0,0,0,0,0,0,0,0,0,0,1,0,0
327,BCG Attorney Search,2019-01-01,Junior and Mid-level Intellectual Property/Commercial Associate Attorney,"PR, Advertising & Marketing Jobs",0,0,0,0,0,0,0,0,0,0,0,0,0,1,0,0,0,0,0,0
328,BCG Attorney Search,2019-01-01,Executive Compensation and ERISA Counsel,"PR, Advertising & Marketing Jobs",0,0,0,0,0,0,0,0,0,0,0,0,0,1,0,0,0,0,0,0
329,BCG Attorney Search,2019-01-01,Molecular Biology Patent Agent,"PR, Advertising & Marketing Jobs",0,0,0,0,0,0,0,0,0,0,0,0,0,1,0,0,0,0,0,0
330,BCG Attorney Search,2019-01-01,Senior Real Estate Associate Attorney,"PR, Advertising & Marketing Jobs",0,0,0,0,0,0,0,0,0,0,0,0,0,1,0,0,0,0,0,0
331,Francesca's Service Corporation,2019-01-01,Retail Sales Associate,"PR, Advertising & Marketing Jobs",0,0,0,0,0,0,0,0,0,0,0,0,0,1,0,0,0,0,0,0
332,"BGC Partners, Cantor Fitzgerald, Newmark Knight Frank, and GFI Group",2019-01-01,FHA Underwriter - Multifamily Capital Markets - Boston,"PR, Advertising & Marketing Jobs",0,0,0,0,0,0,0,0,0,0,0,0,0,1,0,0,0,0,0,0
333,BCG Attorney Search,2019-01-01,Molecular Biology Patent Associate Attorney,"PR, Advertising & Marketing Jobs",0,0,0,0,0,0,0,0,0,0,0,0,0,1,0,0,0,0,0,0
334,BCG Attorney Search,2019-01-01,Mid-level Real Estate Associate Attorney,"PR, Advertising & Marketing Jobs",0,0,0,0,0,0,0,0,0,0,0,0,0,1,0,0,0,0,0,0
335,BCG Attorney Search,2019-01-01,Employment Law Associate Attorney,"PR, Advertising & Marketing Jobs",0,0,0,0,0,0,0,0,0,0,0,0,0,1,0,0,0,0,0,0
336,"Skaggs LTC, Inc.",2019-01-01,Director of Nursing (DON),Accounting & Finance Jobs,1,0,0,0,0,0,0,0,0,0,0,0,0,0,0,0,0,0,0,0
337,PTC,2019-01-01,ERP Delivery Lead,IT Jobs,0,0,0,0,0,0,0,0,1,0,0,0,0,0,0,0,0,0,0,0
338,Pathmark Transportation,2019-01-01,Freight Broker Agents / Agency Owners,Logistics & Warehouse Jobs,0,0,0,0,0,0,0,0,0,0,1,0,0,0,0,0,0,0,0,0
339,Avis Budget Group,2019-01-01,Oil and Tire Changer,Logistics & Warehouse Jobs,0,0,0,0,0,0,0,0,0,0,1,0,0,0,0,0,0,0,0,0
340,Kalotas LLC,2019-01-01,Business Analyst - CAP / 120548 (hexaware),IT Jobs,0,0,0,0,0,0,0,0,1,0,0,0,0,0,0,0,0,0,0,0
341,Federal Reserve Bank ,2019-01-01,Human Resources Intern,"PR, Advertising & Marketing Jobs",0,0,0,0,0,0,0,0,0,0,0,0,0,1,0,0,0,0,0,0
342,Masc Medical Recruitment Firm,2019-01-01,Physician Trainer - Family Medicine,HR & Recruitment Jobs,0,0,0,0,0,0,1,0,0,0,0,0,0,0,0,0,0,0,0,0
343,Gulfeagle Supply,2019-01-01,Class A or B CDL Company Delivery Driver,Logistics & Warehouse Jobs,0,0,0,0,0,0,0,0,0,0,1,0,0,0,0,0,0,0,0,0
344,"Decker Truck Line, Inc.",2019-01-01,Flatbed CDL-A Truck Driver,Unknown,0,0,0,0,0,0,0,0,0,0,0,0,0,0,0,0,0,0,0,1
345,Pathmark Transportation,2019-01-01,Freight Agent / Freight Broker,Logistics & Warehouse Jobs,0,0,0,0,0,0,0,0,0,0,1,0,0,0,0,0,0,0,0,0
346,U.S. Bank,2019-01-01,Senior Cyber Defense Engineer,Engineering Jobs,0,0,0,0,1,0,0,0,0,0,0,0,0,0,0,0,0,0,0,0
347,COPIOUS ROW,2019-01-01,Keyholder,Retail Jobs,0,0,0,0,0,0,0,0,0,0,0,0,0,0,0,1,0,0,0,0
348,Federal Reserve Bank ,2019-01-01,Law Enforcement Officer,"PR, Advertising & Marketing Jobs",0,0,0,0,0,0,0,0,0,0,0,0,0,1,0,0,0,0,0,0
349,Federal Reserve Bank ,2019-01-01,Business Services Analyst/ Systems Administrator,"PR, Advertising & Marketing Jobs",0,0,0,0,0,0,0,0,0,0,0,0,0,1,0,0,0,0,0,0
350,Manufacturing & Distribution,2019-01-01,BABYSITTER NEEDED,Manufacturing Jobs,0,0,0,0,0,0,0,0,0,0,0,1,0,0,0,0,0,0,0,0
351,CVS Pharmacy/Health,2019-01-01,Overnight Store Cashier,Retail Jobs,0,0,0,0,0,0,0,0,0,0,0,0,0,0,0,1,0,0,0,0
352,NICE inContact,2019-01-01,Sr. Dev Ops Engineer,IT Jobs,0,0,0,0,0,0,0,0,1,0,0,0,0,0,0,0,0,0,0,0
353,Lincoln Financial,2019-01-01,"Product Consultant, Group Life and Voluntary Benefits Products",Sales Jobs,0,0,0,0,0,0,0,0,0,0,0,0,0,0,0,0,1,0,0,0
