,company,date,title,salary,All_Sectors,Accounting & Finance Jobs,Admin Jobs,Consultancy Jobs,Customer Services Jobs,Domestic help & Cleaning Jobs,"Energy, Oil & Gas Jobs",Engineering Jobs,HR & Recruitment Jobs,Healthcare & Nursing Jobs,Hospitality & Catering Jobs,IT Jobs,Legal Jobs,Logistics & Warehouse Jobs,Maintenance Jobs,Manufacturing Jobs,Other/General Jobs,"PR, Advertising & Marketing Jobs",Property Jobs,Retail Jobs,Sales Jobs,Scientific & QA Jobs,Social work Jobs,Teaching Jobs,Trade & Construction Jobs,Unknown
0,Heartland Express,2018-02-01,CDL-A Truck Driver - Great Pay and Routes,0,Unknown,0,0,0,0,0,0,0,0,0,0,0,0,0,0,0,0,0,0,0,0,0,0,0,0,1
1,Heartland Express,2018-02-01,Class A CDL Truck Driver,0,Unknown,0,0,0,0,0,0,0,0,0,0,0,0,0,0,0,0,0,0,0,0,0,0,0,0,1
2,"RPM Consolidated Services, Inc.",2018-02-01,Class A Line Driver,0,Logistics & Warehouse Jobs,0,0,0,0,0,0,0,0,0,0,0,0,1,0,0,0,0,0,0,0,0,0,0,0,0
3,adidas,2018-06-01,Retail Team Leader - Camarillo 132,0,Unknown,0,0,0,0,0,0,0,0,0,0,0,0,0,0,0,0,0,0,0,0,0,0,0,0,1
4,Superprof,2018-07-01,"Superprof, the USA’s 1 tutoring network, is offering you the chance to become a private Academic English tutor - Camarillo",0,Teaching Jobs,0,0,0,0,0,0,0,0,0,0,0,0,0,0,0,0,0,0,0,0,0,0,1,0,0
5,adidas,2018-07-01,Retail Assistant Manager - Camarillo 132,0,Unknown,0,0,0,0,0,0,0,0,0,0,0,0,0,0,0,0,0,0,0,0,0,0,0,0,1
6,CVS Health,2018-08-01,Pharmacy Technician - Target Store,0,Retail Jobs,0,0,0,0,0,0,0,0,0,0,0,0,0,0,0,0,0,0,1,0,0,0,0,0,0
7,CVS Health,2018-08-01,Pharmacy Technician,0,Retail Jobs,0,0,0,0,0,0,0,0,0,0,0,0,0,0,0,0,0,0,1,0,0,0,0,0,0
8,CVS Health,2018-08-01,Shift Supervisor Management Trainee,0,Retail Jobs,0,0,0,0,0,0,0,0,0,0,0,0,0,0,0,0,0,0,1,0,0,0,0,0,0
9,CVS Health,2018-08-01,Retail Store Associate,0,Other/General Jobs,0,0,0,0,0,0,0,0,0,0,0,0,0,0,0,1,0,0,0,0,0,0,0,0,0
10,Puma North America Inc.,2018-08-01,Retail Sales Associate - Camarillo,0,Retail Jobs,0,0,0,0,0,0,0,0,0,0,0,0,0,0,0,0,0,0,1,0,0,0,0,0,0
11,Puma North America Inc.,2018-08-01,Retail Supervisor,0,Retail Jobs,0,0,0,0,0,0,0,0,0,0,0,0,0,0,0,0,0,0,1,0,0,0,0,0,0
12,Care.com,2018-08-01,Full Time Nanny,0,Social work Jobs,0,0,0,0,0,0,0,0,0,0,0,0,0,0,0,0,0,0,0,0,0,1,0,0,0
13,Kroger,2018-08-01,Ralphs Front End Hourly Associate,0,Unknown,0,0,0,0,0,0,0,0,0,0,0,0,0,0,0,0,0,0,0,0,0,0,0,0,1
14,Kroger,2018-08-01,Ralphs Grocery/Stocking Hourly Associate,0,Unknown,0,0,0,0,0,0,0,0,0,0,0,0,0,0,0,0,0,0,0,0,0,0,0,0,1
15,Kroger,2018-08-01,Ralphs Fresh Hourly Associate,0,Unknown,0,0,0,0,0,0,0,0,0,0,0,0,0,0,0,0,0,0,0,0,0,0,0,0,1
16,OTJobs.com,2018-09-01,"Camarillo, CA- Full-Time Occupational Therapist Job",0,Unknown,0,0,0,0,0,0,0,0,0,0,0,0,0,0,0,0,0,0,0,0,0,0,0,0,1
17,Sitter,2018-09-01,"Sitter Wanted - Seeking A Well Trained Baby Sitter In Camarillo, California",0,Domestic help & Cleaning Jobs,0,0,0,0,1,0,0,0,0,0,0,0,0,0,0,0,0,0,0,0,0,0,0,0,0
18,Dignity Health,2018-09-01,Registered Nurse,0,Unknown,0,0,0,0,0,0,0,0,0,0,0,0,0,0,0,0,0,0,0,0,0,0,0,0,1
19,Dignity Health,2018-09-01,Registered Nurse,0,Unknown,0,0,0,0,0,0,0,0,0,0,0,0,0,0,0,0,0,0,0,0,0,0,0,0,1
20,Hub Group Trucking,2018-09-01,Dedicated CDL-A Driver - Top Tier Hourly &plus; Overtime [185],0,Logistics & Warehouse Jobs,0,0,0,0,0,0,0,0,0,0,0,0,1,0,0,0,0,0,0,0,0,0,0,0,0
21,Avon,2018-09-01,"AVON Sales Representative / Sales Leader - Work from Home, Earn 40% Commission on all Sales",0,Admin Jobs,0,1,0,0,0,0,0,0,0,0,0,0,0,0,0,0,0,0,0,0,0,0,0,0,0
22,Avon,2018-09-01,Independent AVON Sales Representative - Work from Home / Build your own business,0,Admin Jobs,0,1,0,0,0,0,0,0,0,0,0,0,0,0,0,0,0,0,0,0,0,0,0,0,0
23,"Sunbelt Rentals, Inc.",2018-10-01,Driver ( Non CDL),0,Other/General Jobs,0,0,0,0,0,0,0,0,0,0,0,0,0,0,0,1,0,0,0,0,0,0,0,0,0
24,Robert Half Technology,2018-10-01,Database Administrator,0,IT Jobs,0,0,0,0,0,0,0,0,0,0,1,0,0,0,0,0,0,0,0,0,0,0,0,0,0
25,MJ Tank Lines,2018-10-01,Local Class A Truck Driver- Camarillo CA,0,Logistics & Warehouse Jobs,0,0,0,0,0,0,0,0,0,0,0,0,1,0,0,0,0,0,0,0,0,0,0,0,0
26,CVS Caremark,2018-10-01,Store Team Member,0,Unknown,0,0,0,0,0,0,0,0,0,0,0,0,0,0,0,0,0,0,0,0,0,0,0,0,1
27,CVS Pharmacy,2018-10-01,Clerk/Cashier,0,Unknown,0,0,0,0,0,0,0,0,0,0,0,0,0,0,0,0,0,0,0,0,0,0,0,0,1
28,Travel HealthCare Jobs,2018-10-01,Travel Nurse RN - OR Pediatric Surgery,0,Healthcare & Nursing Jobs,0,0,0,0,0,0,0,0,1,0,0,0,0,0,0,0,0,0,0,0,0,0,0,0,0
29,Travel HealthCare Jobs,2018-10-01,RN Travel Nurse - MICU Medical Intensive Care,0,Healthcare & Nursing Jobs,0,0,0,0,0,0,0,0,1,0,0,0,0,0,0,0,0,0,0,0,0,0,0,0,0
30,Travel HealthCare Jobs,2018-10-01,Burn Unit RN Travel Nurse Jobs,0,Healthcare & Nursing Jobs,0,0,0,0,0,0,0,0,1,0,0,0,0,0,0,0,0,0,0,0,0,0,0,0,0
31,Travel HealthCare Jobs,2018-10-01,Travel Nurse RN - NICU Neonatal Intensive Care,0,Healthcare & Nursing Jobs,0,0,0,0,0,0,0,0,1,0,0,0,0,0,0,0,0,0,0,0,0,0,0,0,0
32,Travel HealthCare Jobs,2018-10-01,Travel Nurse RN - ICU Trauma Unit,0,Healthcare & Nursing Jobs,0,0,0,0,0,0,0,0,1,0,0,0,0,0,0,0,0,0,0,0,0,0,0,0,0
33,Travel HealthCare Jobs,2018-10-01,RN Travel Nurse - ED/ER Emergency Department,0,Healthcare & Nursing Jobs,0,0,0,0,0,0,0,0,1,0,0,0,0,0,0,0,0,0,0,0,0,0,0,0,0
34,Travel HealthCare Jobs,2018-10-01,Travel Nurse RN - OR Trauma Surgery,0,Healthcare & Nursing Jobs,0,0,0,0,0,0,0,0,1,0,0,0,0,0,0,0,0,0,0,0,0,0,0,0,0
35,Travel HealthCare Jobs,2018-10-01,RN Travel Nurse - OR Transplant Surgery,0,Healthcare & Nursing Jobs,0,0,0,0,0,0,0,0,1,0,0,0,0,0,0,0,0,0,0,0,0,0,0,0,0
36,Nike Inc.,2018-10-01,Converse Camarillo Seasonal Associate,0,Retail Jobs,0,0,0,0,0,0,0,0,0,0,0,0,0,0,0,0,0,0,1,0,0,0,0,0,0
37,Travel HealthCare Jobs,2018-10-01,Travel Nurse RN - SICU Surgical Intensive Care,0,Healthcare & Nursing Jobs,0,0,0,0,0,0,0,0,1,0,0,0,0,0,0,0,0,0,0,0,0,0,0,0,0
38,Nike Inc.,2018-10-01,Hurley Camarillo Seasonal Associate,0,Retail Jobs,0,0,0,0,0,0,0,0,0,0,0,0,0,0,0,0,0,0,1,0,0,0,0,0,0
39,Travel HealthCare Jobs,2018-10-01,Travel Nurse RN - OR Transplant Surgery,0,Healthcare & Nursing Jobs,0,0,0,0,0,0,0,0,1,0,0,0,0,0,0,0,0,0,0,0,0,0,0,0,0
40,Travel HealthCare Jobs,2018-10-01,Travel Nurse RN - ICU Intensive Care Unit,0,Healthcare & Nursing Jobs,0,0,0,0,0,0,0,0,1,0,0,0,0,0,0,0,0,0,0,0,0,0,0,0,0
41,Travel HealthCare Jobs,2018-10-01,RN Travel Nurse - PICU Pediatrics Intensive Care,0,Healthcare & Nursing Jobs,0,0,0,0,0,0,0,0,1,0,0,0,0,0,0,0,0,0,0,0,0,0,0,0,0
42,Soliant Health,2018-10-01,"Full Time School Speech Language Pathologist (SLP) Job: Camarillo, CA",0,Unknown,0,0,0,0,0,0,0,0,0,0,0,0,0,0,0,0,0,0,0,0,0,0,0,0,1
43,Soliant Health,2018-10-01,California Occupational Therapist Needed,0,Unknown,0,0,0,0,0,0,0,0,0,0,0,0,0,0,0,0,0,0,0,0,0,0,0,0,1
44,Soliant Health,2018-10-01,"School Speech Therapy (SLP) Job- Camarillo, CA area",0,Unknown,0,0,0,0,0,0,0,0,0,0,0,0,0,0,0,0,0,0,0,0,0,0,0,0,1
45,Soliant Health,2018-10-01,Speech Language Pathologist,0,Unknown,0,0,0,0,0,0,0,0,0,0,0,0,0,0,0,0,0,0,0,0,0,0,0,0,1
46,Soliant Health,2018-10-01,"Full Time - Speech Language Pathologist - Camarillo, California",0,Unknown,0,0,0,0,0,0,0,0,0,0,0,0,0,0,0,0,0,0,0,0,0,0,0,0,1
47,Soliant Health,2018-10-01,"Camarillo, CA- Full-Time Occupational Therapist Job",0,Unknown,0,0,0,0,0,0,0,0,0,0,0,0,0,0,0,0,0,0,0,0,0,0,0,0,1
48,Soliant Health,2018-10-01,"Part Time SLP Job Opportunity near Camarillo, CA",0,Unknown,0,0,0,0,0,0,0,0,0,0,0,0,0,0,0,0,0,0,0,0,0,0,0,0,1
49,VIPKid,2018-10-01,Part-time English Teacher (Work From Home) - Make up to $22/hr - Apply now,0,Sales Jobs,0,0,0,0,0,0,0,0,0,0,0,0,0,0,0,0,0,0,0,1,0,0,0,0,0
50,CyberCoders,2018-10-01,"Audit Manager, CPA",0,Accounting & Finance Jobs,1,0,0,0,0,0,0,0,0,0,0,0,0,0,0,0,0,0,0,0,0,0,0,0,0
51,OSI Systems,2018-10-01,Quality Engineer,0,Engineering Jobs,0,0,0,0,0,0,1,0,0,0,0,0,0,0,0,0,0,0,0,0,0,0,0,0,0
52,"Parker Hannifin, Corporation",2018-10-01,Lean Leader Plant,0,Unknown,0,0,0,0,0,0,0,0,0,0,0,0,0,0,0,0,0,0,0,0,0,0,0,0,1
53,Molex,2018-10-01,Senior Quality Engineer,0,Engineering Jobs,0,0,0,0,0,0,1,0,0,0,0,0,0,0,0,0,0,0,0,0,0,0,0,0,0
54,Teledyne Scientific & Imaging,2018-10-01,Process Engineer,0,Engineering Jobs,0,0,0,0,0,0,1,0,0,0,0,0,0,0,0,0,0,0,0,0,0,0,0,0,0
55,"Jobelephant.com, Inc.",2018-10-01,"Assistant Vice President for Budget, Planning and Analysis/University Budget Officer",0,Teaching Jobs,0,0,0,0,0,0,0,0,0,0,0,0,0,0,0,0,0,0,0,0,0,0,1,0,0
56,Sears Holdings Corporation,2018-11-01,Loss Prevention Associate,0,Other/General Jobs,0,0,0,0,0,0,0,0,0,0,0,0,0,0,0,1,0,0,0,0,0,0,0,0,0
57,Community Memorial Health System,2018-11-01,Medical Assistant - CFH Camarillo,0,Healthcare & Nursing Jobs,0,0,0,0,0,0,0,0,1,0,0,0,0,0,0,0,0,0,0,0,0,0,0,0,0
58,Dignity Health,2018-11-01,Occupational Therapist I,0,Healthcare & Nursing Jobs,0,0,0,0,0,0,0,0,1,0,0,0,0,0,0,0,0,0,0,0,0,0,0,0,0
59,Dignity Health,2018-11-01,Clinical Lab Scientist II,0,Healthcare & Nursing Jobs,0,0,0,0,0,0,0,0,1,0,0,0,0,0,0,0,0,0,0,0,0,0,0,0,0
60,Dignity Health,2018-11-01,Director of Nursing (Sub-Acute),0,Healthcare & Nursing Jobs,0,0,0,0,0,0,0,0,1,0,0,0,0,0,0,0,0,0,0,0,0,0,0,0,0
61,Tory Burch,2018-11-01,Sales Associate - Full Time - Camarillo,0,Sales Jobs,0,0,0,0,0,0,0,0,0,0,0,0,0,0,0,0,0,0,0,1,0,0,0,0,0
62,Ralph Lauren,2018-11-01,"Sales Associate, Camarillo - Polo Factory Store - 5567570",0,Sales Jobs,0,0,0,0,0,0,0,0,0,0,0,0,0,0,0,0,0,0,0,1,0,0,0,0,0
63,"Tapestry, Inc.",2018-11-01,Sales Associate - Camarillo,0,Sales Jobs,0,0,0,0,0,0,0,0,0,0,0,0,0,0,0,0,0,0,0,1,0,0,0,0,0
64,CapitalSource,2018-11-01,"VP, Relationship Manager - Pacific Western Bank (Camarillo, CA)",0,Accounting & Finance Jobs,1,0,0,0,0,0,0,0,0,0,0,0,0,0,0,0,0,0,0,0,0,0,0,0,0
65,Ralph Lauren,2018-11-01,"Associate Manager, Camarillo - Polo Factory Store - 5559482",0,Manufacturing Jobs,0,0,0,0,0,0,0,0,0,0,0,0,0,0,1,0,0,0,0,0,0,0,0,0,0
66,Dignity Health,2018-11-01,Admin Supervisor-Nights,0,Unknown,0,0,0,0,0,0,0,0,0,0,0,0,0,0,0,0,0,0,0,0,0,0,0,0,1
67,KFC,2018-11-01,KFC Shift Supervisor,0,Customer Services Jobs,0,0,0,1,0,0,0,0,0,0,0,0,0,0,0,0,0,0,0,0,0,0,0,0,0
68,Fairfield Residential LLC,2018-11-01,Resident Services Coordinator,0,Customer Services Jobs,0,0,0,1,0,0,0,0,0,0,0,0,0,0,0,0,0,0,0,0,0,0,0,0,0
69,"Del Taco Restaurants, Inc.",2018-11-01,Shift Manager 01-048-0936 Camarillo CA,0,Customer Services Jobs,0,0,0,1,0,0,0,0,0,0,0,0,0,0,0,0,0,0,0,0,0,0,0,0,0
70,Domino's Pizza,2018-11-01,Assistant Manager(07859) - 3661 Las Posas,0,Unknown,0,0,0,0,0,0,0,0,0,0,0,0,0,0,0,0,0,0,0,0,0,0,0,0,1
71,"Tapestry, Inc.",2018-11-01,Associate Manager - Camarillo,0,Customer Services Jobs,0,0,0,1,0,0,0,0,0,0,0,0,0,0,0,0,0,0,0,0,0,0,0,0,0
72,Simon,2018-11-01,Shift Supervisor - Pink's Camarillo,0,Unknown,0,0,0,0,0,0,0,0,0,0,0,0,0,0,0,0,0,0,0,0,0,0,0,0,1
73,"Del Taco Restaurants, Inc.",2018-11-01,General Manager 01-048-0936 Camarillo CA,0,Customer Services Jobs,0,0,0,1,0,0,0,0,0,0,0,0,0,0,0,0,0,0,0,0,0,0,0,0,0
74,"Tapestry, Inc.",2018-11-01,Assistant Manager - Camarillo,0,Customer Services Jobs,0,0,0,1,0,0,0,0,0,0,0,0,0,0,0,0,0,0,0,0,0,0,0,0,0
75,"Del Taco Restaurants, Inc.",2018-11-01,Assistant General Manager 01-048-0936 Camarillo CA,0,Customer Services Jobs,0,0,0,1,0,0,0,0,0,0,0,0,0,0,0,0,0,0,0,0,0,0,0,0,0
76,"Tapestry, Inc.",2018-11-01,Stock Associate - Camarillo,0,Unknown,0,0,0,0,0,0,0,0,0,0,0,0,0,0,0,0,0,0,0,0,0,0,0,0,1
77,Oakmont Management Group,2018-11-01,Marketing Director - Oakmont of Camarillo,0,"PR, Advertising & Marketing Jobs",0,0,0,0,0,0,0,0,0,0,0,0,0,0,0,0,1,0,0,0,0,0,0,0,0
78,Panther Premium Logistics,2018-11-01,"OTR Team Tractor Drivers: New $18,000 sign-on bonus",0,Logistics & Warehouse Jobs,0,0,0,0,0,0,0,0,0,0,0,0,1,0,0,0,0,0,0,0,0,0,0,0,0
79,MaddieBrit Products,2018-11-01,Sales Coordinator for CPG Company,0,Unknown,0,0,0,0,0,0,0,0,0,0,0,0,0,0,0,0,0,0,0,0,0,0,0,0,1
80,Brooks Brothers,2018-11-01,"Store Associate, Part Time- Camarillo, CA",0,Sales Jobs,0,0,0,0,0,0,0,0,0,0,0,0,0,0,0,0,0,0,0,1,0,0,0,0,0
81,OSI Systems,2018-11-01,"Director, Sales & Marketing",0,Sales Jobs,0,0,0,0,0,0,0,0,0,0,0,0,0,0,0,0,0,0,0,1,0,0,0,0,0
82,"Brooks Brothers Group, Inc",2018-11-01,"Store Associate, Part Time- Camarillo, CA",0,Manufacturing Jobs,0,0,0,0,0,0,0,0,0,0,0,0,0,0,1,0,0,0,0,0,0,0,0,0,0
83,"J.Crew Group, Inc.",2018-11-01,"Assistant Manager (Part-Time), J.Crew Factory, Camarillo Premium",0,Unknown,0,0,0,0,0,0,0,0,0,0,0,0,0,0,0,0,0,0,0,0,0,0,0,0,1
84,Tesla,2018-11-01,Sr. Field Service Associate,0,Engineering Jobs,0,0,0,0,0,0,1,0,0,0,0,0,0,0,0,0,0,0,0,0,0,0,0,0,0
85,Tesla,2018-11-01,Field Service Licensed Electrician Crew Lead,0,Engineering Jobs,0,0,0,0,0,0,1,0,0,0,0,0,0,0,0,0,0,0,0,0,0,0,0,0,0
86,Tesla,2018-11-01,Lead Field Service Associate,0,Engineering Jobs,0,0,0,0,0,0,1,0,0,0,0,0,0,0,0,0,0,0,0,0,0,0,0,0,0
87,Tesla,2018-11-01,Field Service Crew Lead,0,Engineering Jobs,0,0,0,0,0,0,1,0,0,0,0,0,0,0,0,0,0,0,0,0,0,0,0,0,0
88,Tesla,2018-11-01,Field Service Associate,0,Engineering Jobs,0,0,0,0,0,0,1,0,0,0,0,0,0,0,0,0,0,0,0,0,0,0,0,0,0
89,"Comfort Keepers Home Care   Newbury Park, CA",2018-11-01,"Caregiver, Companion or Homemaker",0,Unknown,0,0,0,0,0,0,0,0,0,0,0,0,0,0,0,0,0,0,0,0,0,0,0,0,1
90,American Red Cross,2018-11-01,Regional Volunteer Services Officer,0,Social work Jobs,0,0,0,0,0,0,0,0,0,0,0,0,0,0,0,0,0,0,0,0,0,1,0,0,0
91,Luxottica Group,2018-11-01,Sunglass Hut - Sales Associate,0,Unknown,0,0,0,0,0,0,0,0,0,0,0,0,0,0,0,0,0,0,0,0,0,0,0,0,1
92,Ensign Group,2018-11-01,Licensed Vocational Nurse - LVN - Camarillo Healthcare Center,0,Unknown,0,0,0,0,0,0,0,0,0,0,0,0,0,0,0,0,0,0,0,0,0,0,0,0,1
93,Molex,2018-11-01,Webmaster & Marketing/Communications Associate,0,IT Jobs,0,0,0,0,0,0,0,0,0,0,1,0,0,0,0,0,0,0,0,0,0,0,0,0,0
94,Paysafe,2018-11-01,Inside Sales Representative,0,Sales Jobs,0,0,0,0,0,0,0,0,0,0,0,0,0,0,0,0,0,0,0,1,0,0,0,0,0
95,Technicolor,2018-11-01,"Director, Supply Chain, Major Studios",0,Unknown,0,0,0,0,0,0,0,0,0,0,0,0,0,0,0,0,0,0,0,0,0,0,0,0,1
96,California State University System,2018-11-01,Public Safety Officer I,0,Other/General Jobs,0,0,0,0,0,0,0,0,0,0,0,0,0,0,0,1,0,0,0,0,0,0,0,0,0
97,California State University System,2018-11-01,Police Officer Cadet - non represented,0,Other/General Jobs,0,0,0,0,0,0,0,0,0,0,0,0,0,0,0,1,0,0,0,0,0,0,0,0,0
98,California State University System,2018-11-01,Dean of the John Spoor Broome Library,0,Teaching Jobs,0,0,0,0,0,0,0,0,0,0,0,0,0,0,0,0,0,0,0,0,0,0,1,0,0
99,California State University System,2018-11-01,Manager of Institutional Equity,0,HR & Recruitment Jobs,0,0,0,0,0,0,0,1,0,0,0,0,0,0,0,0,0,0,0,0,0,0,0,0,0
100,Dignity Health,2018-11-01,Pharmacy Tech II,0,Scientific & QA Jobs,0,0,0,0,0,0,0,0,0,0,0,0,0,0,0,0,0,0,0,0,1,0,0,0,0
101,ProCare Therapy,2018-11-01,SLP- Telespeech Job- Full Time,0,Unknown,0,0,0,0,0,0,0,0,0,0,0,0,0,0,0,0,0,0,0,0,0,0,0,0,1
102,Nesco Resource,2018-11-01,Software Configuration Build Engineer - Secret Clearance,0,IT Jobs,0,0,0,0,0,0,0,0,0,0,1,0,0,0,0,0,0,0,0,0,0,0,0,0,0
103,Nesco Resource,2018-11-01,Sr. Software Development Engineer - Secret Clearance,0,IT Jobs,0,0,0,0,0,0,0,0,0,0,1,0,0,0,0,0,0,0,0,0,0,0,0,0,0
104,Carpenter,2018-11-01,Quality Manager,0,Unknown,0,0,0,0,0,0,0,0,0,0,0,0,0,0,0,0,0,0,0,0,0,0,0,0,1
105,OSI Systems,2018-11-01,Manufacturing Engineer,0,Engineering Jobs,0,0,0,0,0,0,1,0,0,0,0,0,0,0,0,0,0,0,0,0,0,0,0,0,0
106,"OmniUpdate, Inc.",2018-11-01,"Senior Account Manager, Team Lead",0,"PR, Advertising & Marketing Jobs",0,0,0,0,0,0,0,0,0,0,0,0,0,0,0,0,1,0,0,0,0,0,0,0,0
107,Soliant Health,2018-11-01,Occupational Therapist,0,Unknown,0,0,0,0,0,0,0,0,0,0,0,0,0,0,0,0,0,0,0,0,0,0,0,0,1
108,Soliant Health,2018-11-01,California SLP Full Time Job Opening,0,Unknown,0,0,0,0,0,0,0,0,0,0,0,0,0,0,0,0,0,0,0,0,0,0,0,0,1
109,OTJobs.com,2018-11-01,Occupational Therapist,0,Unknown,0,0,0,0,0,0,0,0,0,0,0,0,0,0,0,0,0,0,0,0,0,0,0,0,1
110,Stantec Inc.,2018-11-01,Senior Civil Engineer,0,Engineering Jobs,0,0,0,0,0,0,1,0,0,0,0,0,0,0,0,0,0,0,0,0,0,0,0,0,0
111,Dignity Health,2018-11-01,Registered Nurse,0,Unknown,0,0,0,0,0,0,0,0,0,0,0,0,0,0,0,0,0,0,0,0,0,0,0,0,1
112,Dignity Health,2018-11-01,Registered Nurse,0,Unknown,0,0,0,0,0,0,0,0,0,0,0,0,0,0,0,0,0,0,0,0,0,0,0,0,1
113,gogokid,2018-11-01,Online ESL Teacher (K-6 Students),0,Teaching Jobs,0,0,0,0,0,0,0,0,0,0,0,0,0,0,0,0,0,0,0,0,0,0,1,0,0
114,VITAS Healthcare,2018-12-01,Registered Nurse,0,Unknown,0,0,0,0,0,0,0,0,0,0,0,0,0,0,0,0,0,0,0,0,0,0,0,0,1
115,VITAS Healthcare,2018-12-01,Registered Nurse (RN) - Home Care California,0,Unknown,0,0,0,0,0,0,0,0,0,0,0,0,0,0,0,0,0,0,0,0,0,0,0,0,1
116,Care.com,2018-12-01,"Looking For A Pet Sitter For 1 Dog, 3 Cats In Camarillo",0,Social work Jobs,0,0,0,0,0,0,0,0,0,0,0,0,0,0,0,0,0,0,0,0,0,1,0,0,0
117,Carpenter Technology,2018-12-01,Business Developer - Technical Sales,0,Sales Jobs,0,0,0,0,0,0,0,0,0,0,0,0,0,0,0,0,0,0,0,1,0,0,0,0,0
118,Ensign Group,2018-12-01,Registered Nurse - RN - Camarillo Healthcare Center,0,Unknown,0,0,0,0,0,0,0,0,0,0,0,0,0,0,0,0,0,0,0,0,0,0,0,0,1
119,Brandes Associates,2018-12-01,Tools Software Engineer,0,IT Jobs,0,0,0,0,0,0,0,0,0,0,1,0,0,0,0,0,0,0,0,0,0,0,0,0,0
120,Department of the Treasury,2018-12-01,Revenue Officer 12 Month Roster,0,Accounting & Finance Jobs,1,0,0,0,0,0,0,0,0,0,0,0,0,0,0,0,0,0,0,0,0,0,0,0,0
121,Doordash,2018-12-01,Delivery Driver (part or full time) with DoorDash - Make up to 19/hour,0,Logistics & Warehouse Jobs,0,0,0,0,0,0,0,0,0,0,0,0,1,0,0,0,0,0,0,0,0,0,0,0,0
122,One Staff Medical,2018-12-01,Travel Registered Nurse RN Operating Room OR - Camarillo,0,Unknown,0,0,0,0,0,0,0,0,0,0,0,0,0,0,0,0,0,0,0,0,0,0,0,0,1
123,One Staff Medical,2018-12-01,Travel Registered Nurse RN Medical Surgical Telemetry - Camarillo,0,Unknown,0,0,0,0,0,0,0,0,0,0,0,0,0,0,0,0,0,0,0,0,0,0,0,0,1
124,One Staff Medical,2018-12-01,Travel Registered Nurse RN Intensive Care Unit ICU - Camarillo,0,Unknown,0,0,0,0,0,0,0,0,0,0,0,0,0,0,0,0,0,0,0,0,0,0,0,0,1
125,Revature,2018-12-01,Entry Level Software Engineer,0,IT Jobs,0,0,0,0,0,0,0,0,0,0,1,0,0,0,0,0,0,0,0,0,0,0,0,0,0
126,Modis,2018-12-01,"Manager, Quality Improvement",0,IT Jobs,0,0,0,0,0,0,0,0,0,0,1,0,0,0,0,0,0,0,0,0,0,0,0,0,0
127,Modis,2018-12-01,Sr. Business Systems Analyst,0,IT Jobs,0,0,0,0,0,0,0,0,0,0,1,0,0,0,0,0,0,0,0,0,0,0,0,0,0
128,Modis,2018-12-01,Sr. Business Systems Analyst,0,IT Jobs,0,0,0,0,0,0,0,0,0,0,1,0,0,0,0,0,0,0,0,0,0,0,0,0,0
129,Modis,2018-12-01,"Manager, Quality Improvement",0,IT Jobs,0,0,0,0,0,0,0,0,0,0,1,0,0,0,0,0,0,0,0,0,0,0,0,0,0
130,Allied Universal Security,2018-12-01,Hospital Security Officer - Part Time Evening Shift,0,Other/General Jobs,0,0,0,0,0,0,0,0,0,0,0,0,0,0,0,1,0,0,0,0,0,0,0,0,0
131,Allied Universal Security,2018-12-01,Hospital Security Officer - Part Time Night Shift,0,Other/General Jobs,0,0,0,0,0,0,0,0,0,0,0,0,0,0,0,1,0,0,0,0,0,0,0,0,0
132,Home Depot,2018-12-01,Home Srvs Project Specialist - Camarillo,0,Unknown,0,0,0,0,0,0,0,0,0,0,0,0,0,0,0,0,0,0,0,0,0,0,0,0,1
133,Crescent Solutions Inc,2018-12-01,Production Manager,0,IT Jobs,0,0,0,0,0,0,0,0,0,0,1,0,0,0,0,0,0,0,0,0,0,0,0,0,0
134,CVS Health,2018-12-01,Retail Store Manager - Camarillo Area 08 Region 66 District 05,0,Retail Jobs,0,0,0,0,0,0,0,0,0,0,0,0,0,0,0,0,0,0,1,0,0,0,0,0,0
135,William Warren Group,2018-12-01,Assistant Manager,0,Retail Jobs,0,0,0,0,0,0,0,0,0,0,0,0,0,0,0,0,0,0,1,0,0,0,0,0,0
136,Ensign Group,2018-12-01,Certified Nursing Assistant - CNA - Camarillo Healthcare Center,0,Healthcare & Nursing Jobs,0,0,0,0,0,0,0,0,1,0,0,0,0,0,0,0,0,0,0,0,0,0,0,0,0
137,OneStaff Medical,2018-12-01,Travel Registered Nurse RN Intensive Care Unit ICU,0,Unknown,0,0,0,0,0,0,0,0,0,0,0,0,0,0,0,0,0,0,0,0,0,0,0,0,1
138,OneStaff Medical,2018-12-01,Travel Registered Nurse RN Medical Surgical Telemetry,0,Unknown,0,0,0,0,0,0,0,0,0,0,0,0,0,0,0,0,0,0,0,0,0,0,0,0,1
139,OneStaff Medical,2018-12-01,Travel Registered Nurse RN Operating Room OR,0,Unknown,0,0,0,0,0,0,0,0,0,0,0,0,0,0,0,0,0,0,0,0,0,0,0,0,1
140,MissionCare,2018-12-01,Caregiver/Home Care Aide/PCA/CNA,0,Healthcare & Nursing Jobs,0,0,0,0,0,0,0,0,1,0,0,0,0,0,0,0,0,0,0,0,0,0,0,0,0
141,AdvantagePlusCaregivers,2018-12-01,Home Care Aide / Caregiver,0,Healthcare & Nursing Jobs,0,0,0,0,0,0,0,0,1,0,0,0,0,0,0,0,0,0,0,0,0,0,0,0,0
142,Parker Hannifin,2018-12-01,Operations Manager,0,Unknown,0,0,0,0,0,0,0,0,0,0,0,0,0,0,0,0,0,0,0,0,0,0,0,0,1
143,Compass Consulting,2018-12-01,Technical Services Concierge,0,IT Jobs,0,0,0,0,0,0,0,0,0,0,1,0,0,0,0,0,0,0,0,0,0,0,0,0,0
144,Arthur Martinez & Associates,2018-12-01,Customer Service Representative,0,Accounting & Finance Jobs,1,0,0,0,0,0,0,0,0,0,0,0,0,0,0,0,0,0,0,0,0,0,0,0,0
145,Care.com,2018-12-01,Senior Care,0,Social work Jobs,0,0,0,0,0,0,0,0,0,0,0,0,0,0,0,0,0,0,0,0,0,1,0,0,0
146,Sitter,2018-12-01,"Babysitting Wanted - Job Posting: A Dedicated Childminder Or Nanny In Camarillo, California, Seeking Sitter",0,Domestic help & Cleaning Jobs,0,0,0,0,1,0,0,0,0,0,0,0,0,0,0,0,0,0,0,0,0,0,0,0,0
147,Tesla,2018-12-01,Field Service Licensed Electrician Crew Lead,0,Trade & Construction Jobs,0,0,0,0,0,0,0,0,0,0,0,0,0,0,0,0,0,0,0,0,0,0,0,1,0
148,Tesla,2018-12-01,Sr. Field Service Associate,0,Customer Services Jobs,0,0,0,1,0,0,0,0,0,0,0,0,0,0,0,0,0,0,0,0,0,0,0,0,0
149,Tesla,2018-12-01,Field Service Crew Lead,0,Unknown,0,0,0,0,0,0,0,0,0,0,0,0,0,0,0,0,0,0,0,0,0,0,0,0,1
150,myCNAjobs,2018-12-01,Luxury Assisted Living Jobs - Resident Caregivers & CNAs,0,Healthcare & Nursing Jobs,0,0,0,0,0,0,0,0,1,0,0,0,0,0,0,0,0,0,0,0,0,0,0,0,0
151,AdvantagePlusCaregivers,2018-12-01,Home Care Aide/Caregiver,0,Healthcare & Nursing Jobs,0,0,0,0,0,0,0,0,1,0,0,0,0,0,0,0,0,0,0,0,0,0,0,0,0
152,Elite Restoration Services,2018-12-01,Customer Service Representative - Chat Support Agent,0,Customer Services Jobs,0,0,0,1,0,0,0,0,0,0,0,0,0,0,0,0,0,0,0,0,0,0,0,0,0
153,myCNAjobs,2018-12-01,Luxury Assisted Living Jobs - Resident Caregivers & CNAs,0,Healthcare & Nursing Jobs,0,0,0,0,0,0,0,0,1,0,0,0,0,0,0,0,0,0,0,0,0,0,0,0,0
154,AdvantagePlusCaregivers,2018-12-01,Home Care Aide/Caregiver,0,Healthcare & Nursing Jobs,0,0,0,0,0,0,0,0,1,0,0,0,0,0,0,0,0,0,0,0,0,0,0,0,0
155,Robert Half Finance & Accounting,2018-12-01,Controller,0,Accounting & Finance Jobs,1,0,0,0,0,0,0,0,0,0,0,0,0,0,0,0,0,0,0,0,0,0,0,0,0
156,HouseKeeper,2018-12-01,URGENT: Housekeeper Wanted - My Name Is Allison. I Need My House Cleaned For A Christmas Party.,0,Domestic help & Cleaning Jobs,0,0,0,0,1,0,0,0,0,0,0,0,0,0,0,0,0,0,0,0,0,0,0,0,0
157,Soliant Health,2018-12-01,Travel Certified Surgical Tech CST Job in Camarillo California,0,Unknown,0,0,0,0,0,0,0,0,0,0,0,0,0,0,0,0,0,0,0,0,0,0,0,0,1
158,Soliant Health,2018-12-01,Travel OR RN Operating Room Registered Nurse Job available in Camarillo California,0,Unknown,0,0,0,0,0,0,0,0,0,0,0,0,0,0,0,0,0,0,0,0,0,0,0,0,1
159,The Natural Latex Company,2018-12-01,Accounting Clerk,0,Accounting & Finance Jobs,1,0,0,0,0,0,0,0,0,0,0,0,0,0,0,0,0,0,0,0,0,0,0,0,0
160,Arnold Magnetics,2018-12-01,Quality Assurance Manager,0,Manufacturing Jobs,0,0,0,0,0,0,0,0,0,0,0,0,0,0,1,0,0,0,0,0,0,0,0,0,0
161,Dignity Health,2018-12-01,LVN II,0,Unknown,0,0,0,0,0,0,0,0,0,0,0,0,0,0,0,0,0,0,0,0,0,0,0,0,1
162,JPMorgan Chase,2018-12-01,"Relationship Banker - Simi Valley, Camarillo, Thousand Oaks and Surrounding Areas, CA (Series 6 and Life Preferred)",0,Accounting & Finance Jobs,1,0,0,0,0,0,0,0,0,0,0,0,0,0,0,0,0,0,0,0,0,0,0,0,0
163,JPMorgan Chase,2018-12-01,"Branch Manager Trainee- Simi Valley, Thousand Oaks, Camarillo and Surrounding Areas, CA",0,Retail Jobs,0,0,0,0,0,0,0,0,0,0,0,0,0,0,0,0,0,0,1,0,0,0,0,0,0
164,JPMorgan Chase,2018-12-01,"Sr Home Lending Advisor - Camarillo, CA",0,Unknown,0,0,0,0,0,0,0,0,0,0,0,0,0,0,0,0,0,0,0,0,0,0,0,0,1
165,Chesapeake Technology International Corp,2018-12-01,Software Engineer,0,IT Jobs,0,0,0,0,0,0,0,0,0,0,1,0,0,0,0,0,0,0,0,0,0,0,0,0,0
166,Prime Advantage LLC,2018-12-01,Direct Care Staff,0,Customer Services Jobs,0,0,0,1,0,0,0,0,0,0,0,0,0,0,0,0,0,0,0,0,0,0,0,0,0
167,Soliant Health,2018-12-01,California SLP job- Schools based,0,Unknown,0,0,0,0,0,0,0,0,0,0,0,0,0,0,0,0,0,0,0,0,0,0,0,0,1
168,Soliant Health,2018-12-01,Speech Language Pathologist - (SLP) - Job,0,Unknown,0,0,0,0,0,0,0,0,0,0,0,0,0,0,0,0,0,0,0,0,0,0,0,0,1
169,Soliant Health,2018-12-01,California SLP opening,0,Unknown,0,0,0,0,0,0,0,0,0,0,0,0,0,0,0,0,0,0,0,0,0,0,0,0,1
170,Soliant Health,2018-12-01,California SLP Job,0,Unknown,0,0,0,0,0,0,0,0,0,0,0,0,0,0,0,0,0,0,0,0,0,0,0,0,1
171,Soliant Health,2018-12-01,California Speech Language Pathologist Needed,0,Unknown,0,0,0,0,0,0,0,0,0,0,0,0,0,0,0,0,0,0,0,0,0,0,0,0,1
172,Soliant Health,2018-12-01,"SLP Opening (Camarillo, CA)",0,Unknown,0,0,0,0,0,0,0,0,0,0,0,0,0,0,0,0,0,0,0,0,0,0,0,0,1
173,Soliant Health,2018-12-01,SLP Job in California,0,Unknown,0,0,0,0,0,0,0,0,0,0,0,0,0,0,0,0,0,0,0,0,0,0,0,0,1
174,Soliant Health,2018-12-01,SLP job in CA,0,Unknown,0,0,0,0,0,0,0,0,0,0,0,0,0,0,0,0,0,0,0,0,0,0,0,0,1
175,Cameron Craig,2018-12-01,Service Technician - Waste Water Treatment,0,Unknown,0,0,0,0,0,0,0,0,0,0,0,0,0,0,0,0,0,0,0,0,0,0,0,0,1
176,clairesinc,2018-12-01,Assistant Store Manager,0,Retail Jobs,0,0,0,0,0,0,0,0,0,0,0,0,0,0,0,0,0,0,1,0,0,0,0,0,0
177,Pleasant Valley School District   Camarillo,2018-12-01,Classified Human Resources Technician,0,HR & Recruitment Jobs,0,0,0,0,0,0,0,1,0,0,0,0,0,0,0,0,0,0,0,0,0,0,0,0,0
178,Ventura County Office Of Education,2018-12-01,Accountant,0,Accounting & Finance Jobs,1,0,0,0,0,0,0,0,0,0,0,0,0,0,0,0,0,0,0,0,0,0,0,0,0
179,"OmniUpdate, Inc.",2018-12-01,Inside Sales Manager,0,Sales Jobs,0,0,0,0,0,0,0,0,0,0,0,0,0,0,0,0,0,0,0,1,0,0,0,0,0
180,Brookdale,2018-12-01,Flexible Physical Therapist - SNF - Sign-On Bonus Available w/ Competitve Rate,0,Unknown,0,0,0,0,0,0,0,0,0,0,0,0,0,0,0,0,0,0,0,0,0,0,0,0,1
181,Hub Group Trucking,2018-12-01,Dedicated CDL-A Driver | Top Tier Hourly  Overtime [185],0,Logistics & Warehouse Jobs,0,0,0,0,0,0,0,0,0,0,0,0,1,0,0,0,0,0,0,0,0,0,0,0,0
182,Green Agency,2018-12-01,Sales Professional,0,Other/General Jobs,0,0,0,0,0,0,0,0,0,0,0,0,0,0,0,1,0,0,0,0,0,0,0,0,0
183,California State University System,2018-12-01,Sustainability and Energy Manager,0,"Energy, Oil & Gas Jobs",0,0,0,0,0,1,0,0,0,0,0,0,0,0,0,0,0,0,0,0,0,0,0,0,0
184,Crescent Solutions Inc,2018-12-01,Technical Writer,0,IT Jobs,0,0,0,0,0,0,0,0,0,0,1,0,0,0,0,0,0,0,0,0,0,0,0,0,0
185,Brookdale Senior Living,2018-12-01,Flexible Physical Therapist - SNF - Sign-On Bonus Available w/ Competitve Rate,0,Healthcare & Nursing Jobs,0,0,0,0,0,0,0,0,1,0,0,0,0,0,0,0,0,0,0,0,0,0,0,0,0
186,Los Angeles Cleantech Incubator,2018-12-01,Sales Account Executive,0,Property Jobs,0,0,0,0,0,0,0,0,0,0,0,0,0,0,0,0,0,1,0,0,0,0,0,0,0
187,"Sunbelt Rentals, Inc.",2018-12-01,Road Mechanic,0,Maintenance Jobs,0,0,0,0,0,0,0,0,0,0,0,0,0,1,0,0,0,0,0,0,0,0,0,0,0
188,Care.com,2018-12-01,Nanny Needed For 19 Mo Girl - Number Of Days Is Flexible,0,Social work Jobs,0,0,0,0,0,0,0,0,0,0,0,0,0,0,0,0,0,0,0,0,0,1,0,0,0
189,Brookdale,2018-12-01,Flexible Physical Therapist - SNF - Sign-On Bonus Available w/ Competitve Rate,0,Healthcare & Nursing Jobs,0,0,0,0,0,0,0,0,1,0,0,0,0,0,0,0,0,0,0,0,0,0,0,0,0
190,Dollar tree,2018-12-01,OPERATIONS ASSISTANT MANAGER,0,Admin Jobs,0,1,0,0,0,0,0,0,0,0,0,0,0,0,0,0,0,0,0,0,0,0,0,0,0
191,Bureau of Ocean Energy Management,2018-12-01,Oceanographer,0,Unknown,0,0,0,0,0,0,0,0,0,0,0,0,0,0,0,0,0,0,0,0,0,0,0,0,1
192,"County of Ventura, CA",2018-12-01,Shelter Manager,0,Admin Jobs,0,1,0,0,0,0,0,0,0,0,0,0,0,0,0,0,0,0,0,0,0,0,0,0,0
193,RNnetwork,2018-12-01,Travel RN-ICU job in California,0,Unknown,0,0,0,0,0,0,0,0,0,0,0,0,0,0,0,0,0,0,0,0,0,0,0,0,1
194,Allstate,2018-12-01,Agency Sales Professional,0,Unknown,0,0,0,0,0,0,0,0,0,0,0,0,0,0,0,0,0,0,0,0,0,0,0,0,1
195,RNnetwork,2018-12-01,Travel RN-OR job in California,0,Unknown,0,0,0,0,0,0,0,0,0,0,0,0,0,0,0,0,0,0,0,0,0,0,0,0,1
196,Allstate,2018-12-01,Experienced Sales Representatives Wanted,0,Unknown,0,0,0,0,0,0,0,0,0,0,0,0,0,0,0,0,0,0,0,0,0,0,0,0,1
197,Allstate,2018-12-01,Outside Sales Agent,0,Unknown,0,0,0,0,0,0,0,0,0,0,0,0,0,0,0,0,0,0,0,0,0,0,0,0,1
198,Allstate,2018-12-01,Sales Agent - Insurance Sales,0,Unknown,0,0,0,0,0,0,0,0,0,0,0,0,0,0,0,0,0,0,0,0,0,0,0,0,1
199,Allstate,2018-12-01,Entry Level Sales Representative,0,Unknown,0,0,0,0,0,0,0,0,0,0,0,0,0,0,0,0,0,0,0,0,0,0,0,0,1
200,DaVita Inc,2018-12-01,STAR PCT 1,0,Healthcare & Nursing Jobs,0,0,0,0,0,0,0,0,1,0,0,0,0,0,0,0,0,0,0,0,0,0,0,0,0
201,Spanish Hills Interventional Pain Specialists,2018-12-01,Physician Assistant,0,Healthcare & Nursing Jobs,0,0,0,0,0,0,0,0,1,0,0,0,0,0,0,0,0,0,0,0,0,0,0,0,0
202,"Ventura Dental Services, LLC",2018-12-01,General Dentist,0,Healthcare & Nursing Jobs,0,0,0,0,0,0,0,0,1,0,0,0,0,0,0,0,0,0,0,0,0,0,0,0,0
203,FC Juice Partners LLC,2018-12-01,Store General Manager,0,Hospitality & Catering Jobs,0,0,0,0,0,0,0,0,0,1,0,0,0,0,0,0,0,0,0,0,0,0,0,0,0
204,Johnson Service Group,2018-12-01,Entry Level RF Design Engineer,0,IT Jobs,0,0,0,0,0,0,0,0,0,0,1,0,0,0,0,0,0,0,0,0,0,0,0,0,0
205,Care.com,2018-12-01,"Full Time Nanny, Experience With Infants",0,Social work Jobs,0,0,0,0,0,0,0,0,0,0,0,0,0,0,0,0,0,0,0,0,0,1,0,0,0
206,"Roadrunner Management Services, Inc.",2018-12-01,Transit Bus Driver / Operator,0,Logistics & Warehouse Jobs,0,0,0,0,0,0,0,0,0,0,0,0,1,0,0,0,0,0,0,0,0,0,0,0,0
207,Clinicas del Camino Real,2018-12-01,Clinic Operations Manager,0,Healthcare & Nursing Jobs,0,0,0,0,0,0,0,0,1,0,0,0,0,0,0,0,0,0,0,0,0,0,0,0,0
208,"Golden State Medical Supply, Inc.",2018-12-01,Business Intelligence Analyst,0,Sales Jobs,0,0,0,0,0,0,0,0,0,0,0,0,0,0,0,0,0,0,0,1,0,0,0,0,0
209,Artizen Floor Corp,2018-12-01,Hardwood flooring laborer/scraper,0,Trade & Construction Jobs,0,0,0,0,0,0,0,0,0,0,0,0,0,0,0,0,0,0,0,0,0,0,0,1,0
210,DP Technology,2018-12-01,Applications Engineer,0,Engineering Jobs,0,0,0,0,0,0,1,0,0,0,0,0,0,0,0,0,0,0,0,0,0,0,0,0,0
211,Salem Media Group,2018-12-01,Internal Auditor SOX 404,0,Accounting & Finance Jobs,1,0,0,0,0,0,0,0,0,0,0,0,0,0,0,0,0,0,0,0,0,0,0,0,0
212,Soliant Health,2018-12-01,Full Time School Based Contract : Speech-Language Pathologist,0,Unknown,0,0,0,0,0,0,0,0,0,0,0,0,0,0,0,0,0,0,0,0,0,0,0,0,1
213,AdvantagePlusCaregivers,2018-12-01,Home Care Aide / Caregiver - Flexible Shifts - Paid Training - Overtime Paid,0,Healthcare & Nursing Jobs,0,0,0,0,0,0,0,0,1,0,0,0,0,0,0,0,0,0,0,0,0,0,0,0,0
214,myCNAjobs,2018-12-01,Luxury Assisted Living Jobs - Resident Caregivers & CNAs,0,Healthcare & Nursing Jobs,0,0,0,0,0,0,0,0,1,0,0,0,0,0,0,0,0,0,0,0,0,0,0,0,0
215,Deckers Retail LLC,2018-12-01,"Sales Associate, UGG",0,Retail Jobs,0,0,0,0,0,0,0,0,0,0,0,0,0,0,0,0,0,0,1,0,0,0,0,0,0
216,"National Vision, Inc.",2018-12-01,Licensed General Manager,0,"PR, Advertising & Marketing Jobs",0,0,0,0,0,0,0,0,0,0,0,0,0,0,0,0,1,0,0,0,0,0,0,0,0
217,"National Vision, Inc.",2018-12-01,Licensed Optician,0,"PR, Advertising & Marketing Jobs",0,0,0,0,0,0,0,0,0,0,0,0,0,0,0,0,1,0,0,0,0,0,0,0,0
218,SIE,2018-12-01,Aircraft Structures Engineers,0,Engineering Jobs,0,0,0,0,0,0,1,0,0,0,0,0,0,0,0,0,0,0,0,0,0,0,0,0,0
219,Aspiranet,2018-12-01,Family Case Manager,0,Social work Jobs,0,0,0,0,0,0,0,0,0,0,0,0,0,0,0,0,0,0,0,0,0,1,0,0,0
220,Spanish Hills Country Club,2018-12-01,Event Catering Sales Manager,0,Hospitality & Catering Jobs,0,0,0,0,0,0,0,0,0,1,0,0,0,0,0,0,0,0,0,0,0,0,0,0,0
221,Brandes Associates,2018-12-01,Software Test Engineer,0,IT Jobs,0,0,0,0,0,0,0,0,0,0,1,0,0,0,0,0,0,0,0,0,0,0,0,0,0
222,Brandes Associates,2018-12-01,Deputy Software Architect,0,Unknown,0,0,0,0,0,0,0,0,0,0,0,0,0,0,0,0,0,0,0,0,0,0,0,0,1
223,Brandes Associates,2018-12-01,Software Engineer/ Coder,0,IT Jobs,0,0,0,0,0,0,0,0,0,0,1,0,0,0,0,0,0,0,0,0,0,0,0,0,0
224,Brandes Associates,2018-12-01,Systems Analyst,0,IT Jobs,0,0,0,0,0,0,0,0,0,0,1,0,0,0,0,0,0,0,0,0,0,0,0,0,0
225,E & S Ring Management,2018-12-01,Leasing Consultant,0,Property Jobs,0,0,0,0,0,0,0,0,0,0,0,0,0,0,0,0,0,1,0,0,0,0,0,0,0
226,"Bankers Life Securities, Inc.",2018-12-01,Entry Level Financial Advisor,0,Unknown,0,0,0,0,0,0,0,0,0,0,0,0,0,0,0,0,0,0,0,0,0,0,0,0,1
227,"Bankers Life Securities, Inc.",2018-12-01,Financial Advisor Insurance Sales Representative,0,Unknown,0,0,0,0,0,0,0,0,0,0,0,0,0,0,0,0,0,0,0,0,0,0,0,0,1
228,Bankers Life,2018-12-01,Entry Level Sales Representative,0,Unknown,0,0,0,0,0,0,0,0,0,0,0,0,0,0,0,0,0,0,0,0,0,0,0,0,1
229,Bankers Life,2018-12-01,Account Executive - Sales,0,Unknown,0,0,0,0,0,0,0,0,0,0,0,0,0,0,0,0,0,0,0,0,0,0,0,0,1
230,Bankers Life,2018-12-01,Entry Level Sales - Training Provided,0,Unknown,0,0,0,0,0,0,0,0,0,0,0,0,0,0,0,0,0,0,0,0,0,0,0,0,1
231,Bankers Life,2018-12-01,Sales Representative,0,Unknown,0,0,0,0,0,0,0,0,0,0,0,0,0,0,0,0,0,0,0,0,0,0,0,0,1
232,Bankers Life,2018-12-01,Customer Service Representative - Sales,0,Unknown,0,0,0,0,0,0,0,0,0,0,0,0,0,0,0,0,0,0,0,0,0,0,0,0,1
233,Fairfield Residential,2018-12-01,Leasing Consultant,0,Consultancy Jobs,0,0,1,0,0,0,0,0,0,0,0,0,0,0,0,0,0,0,0,0,0,0,0,0,0
234,Care.com,2019-01-01,Seeking Full-time Senior Care Provider In Camarillo,0,Social work Jobs,0,0,0,0,0,0,0,0,0,0,0,0,0,0,0,0,0,0,0,0,0,1,0,0,0
235,Ardwin Freight,2019-01-01,Duenos Operadores,0,Logistics & Warehouse Jobs,0,0,0,0,0,0,0,0,0,0,0,0,1,0,0,0,0,0,0,0,0,0,0,0,0
236,"DTI Associates, LLC",2019-01-01,Company Drivers & Owner Operators,0,Logistics & Warehouse Jobs,0,0,0,0,0,0,0,0,0,0,0,0,1,0,0,0,0,0,0,0,0,0,0,0,0
237,Vitas,2019-01-01,Registered Nurse (RN) - Hospice care- Field,0,Healthcare & Nursing Jobs,0,0,0,0,0,0,0,0,1,0,0,0,0,0,0,0,0,0,0,0,0,0,0,0,0
238,Ross Dress for Less,2019-01-01,"Specialist, Store Protection",0,Retail Jobs,0,0,0,0,0,0,0,0,0,0,0,0,0,0,0,0,0,0,1,0,0,0,0,0,0
239,Ensign Therapy,2019-01-01,Physical Therapist,0,Healthcare & Nursing Jobs,0,0,0,0,0,0,0,0,1,0,0,0,0,0,0,0,0,0,0,0,0,0,0,0,0
240,Ensign Therapy,2019-01-01,Speech Therapist - Traveler,0,Healthcare & Nursing Jobs,0,0,0,0,0,0,0,0,1,0,0,0,0,0,0,0,0,0,0,0,0,0,0,0,0
241,Hanes Brands,2019-01-01,"Key Carrier - Hanesbrands - Camarillo, CA",0,Logistics & Warehouse Jobs,0,0,0,0,0,0,0,0,0,0,0,0,1,0,0,0,0,0,0,0,0,0,0,0,0
242,New Level Resources,2019-01-01,Electromechanical Engineer,0,IT Jobs,0,0,0,0,0,0,0,0,0,0,1,0,0,0,0,0,0,0,0,0,0,0,0,0,0
243,New Level Resources,2019-01-01,Applications Engineer Sales,0,IT Jobs,0,0,0,0,0,0,0,0,0,0,1,0,0,0,0,0,0,0,0,0,0,0,0,0,0
244,Nurse Next Door,2019-01-01,Caregiver,0,Healthcare & Nursing Jobs,0,0,0,0,0,0,0,0,1,0,0,0,0,0,0,0,0,0,0,0,0,0,0,0,0
245,Hub Group,2019-01-01,Dedicated CDL-A Driver - Top Tier Hourly  Overtime [185],0,Logistics & Warehouse Jobs,0,0,0,0,0,0,0,0,0,0,0,0,1,0,0,0,0,0,0,0,0,0,0,0,0
246,Bartech Group,2019-01-01,Manufacturing Development Engineer,0,Engineering Jobs,0,0,0,0,0,0,1,0,0,0,0,0,0,0,0,0,0,0,0,0,0,0,0,0,0
247,RevLocal,2019-01-01,"Outside B2B Sales Representative: Camarillo, CA",0,Sales Jobs,0,0,0,0,0,0,0,0,0,0,0,0,0,0,0,0,0,0,0,1,0,0,0,0,0
248,Teledyne Technologies,2019-01-01,Senior Mixed Signal Integrated Circuits Design Engineer,0,IT Jobs,0,0,0,0,0,0,0,0,0,0,1,0,0,0,0,0,0,0,0,0,0,0,0,0,0
249,Follett Corporation,2019-01-01,Team Member (Part Time & Full Time),0,Customer Services Jobs,0,0,0,1,0,0,0,0,0,0,0,0,0,0,0,0,0,0,0,0,0,0,0,0,0
250,Kmart,2019-01-01,Evening Salesfloor Supervisor,0,Sales Jobs,0,0,0,0,0,0,0,0,0,0,0,0,0,0,0,0,0,0,0,1,0,0,0,0,0
251,Teledyne Technologies,2019-01-01,Electronics and Software Design Manager,0,IT Jobs,0,0,0,0,0,0,0,0,0,0,1,0,0,0,0,0,0,0,0,0,0,0,0,0,0
252,Bankers Life,2019-01-01,Sales Management and Entry Level Sales,0,Sales Jobs,0,0,0,0,0,0,0,0,0,0,0,0,0,0,0,0,0,0,0,1,0,0,0,0,0
253,Teledyne Technologies,2019-01-01,Program Planner,0,Admin Jobs,0,1,0,0,0,0,0,0,0,0,0,0,0,0,0,0,0,0,0,0,0,0,0,0,0
254,Fairfield Residential,2019-01-01,Leasing Consultant,0,Maintenance Jobs,0,0,0,0,0,0,0,0,0,0,0,0,0,1,0,0,0,0,0,0,0,0,0,0,0
255,Teledyne Technologies,2019-01-01,Principle Design Engineer,0,IT Jobs,0,0,0,0,0,0,0,0,0,0,1,0,0,0,0,0,0,0,0,0,0,0,0,0,0
256,Michael Baker International,2019-01-01,Technical Manager - Public Safety GIS,0,IT Jobs,0,0,0,0,0,0,0,0,0,0,1,0,0,0,0,0,0,0,0,0,0,0,0,0,0
257,Michael Baker International,2019-01-01,Land Development Department Manager,0,Trade & Construction Jobs,0,0,0,0,0,0,0,0,0,0,0,0,0,0,0,0,0,0,0,0,0,0,0,1,0
258,24Hr HomeCare,2019-01-01,Caregiver FT/PT (Oxnard and Camarillo),0,Healthcare & Nursing Jobs,0,0,0,0,0,0,0,0,1,0,0,0,0,0,0,0,0,0,0,0,0,0,0,0,0
259,MissionCare,2019-01-01,Hiring Full-Time Caregivers (PCA/HHA/CNA/Companions) – Flex Schedules,0,Healthcare & Nursing Jobs,0,0,0,0,0,0,0,0,1,0,0,0,0,0,0,0,0,0,0,0,0,0,0,0,0
260,Express,2019-01-01,Store Associate - Camarillo Premium,0,Retail Jobs,0,0,0,0,0,0,0,0,0,0,0,0,0,0,0,0,0,0,1,0,0,0,0,0,0
261,Construction Company,2019-01-01,General Branch Manager,0,Trade & Construction Jobs,0,0,0,0,0,0,0,0,0,0,0,0,0,0,0,0,0,0,0,0,0,0,0,1,0
262,Brandes Associates,2019-01-01,Systems Engineer,0,IT Jobs,0,0,0,0,0,0,0,0,0,0,1,0,0,0,0,0,0,0,0,0,0,0,0,0,0
263,Inkwerks Screen Printing & Design L,2019-01-01,Quality Control - Screen Print Shop,0,IT Jobs,0,0,0,0,0,0,0,0,0,0,1,0,0,0,0,0,0,0,0,0,0,0,0,0,0
264,Spanish Hills Interventional Pain Specialists,2019-01-01,Phone Operator,0,Healthcare & Nursing Jobs,0,0,0,0,0,0,0,0,1,0,0,0,0,0,0,0,0,0,0,0,0,0,0,0,0
265,ResourceMFG Search Group,2019-01-01,Electro-mechanical Technician,0,IT Jobs,0,0,0,0,0,0,0,0,0,0,1,0,0,0,0,0,0,0,0,0,0,0,0,0,0
266,Care.com,2019-01-01,Looking For A Dependable House Cleaner For Family Living In Camarillo,0,Social work Jobs,0,0,0,0,0,0,0,0,0,0,0,0,0,0,0,0,0,0,0,0,0,1,0,0,0
267,Ross Dress for Less,2019-01-01,Area Supervisor,0,Retail Jobs,0,0,0,0,0,0,0,0,0,0,0,0,0,0,0,0,0,0,1,0,0,0,0,0,0
268,J. Crew,2019-01-01,"Seasonal Sales Associate, J.Crew Factory, Camarillo Premium",0,Unknown,0,0,0,0,0,0,0,0,0,0,0,0,0,0,0,0,0,0,0,0,0,0,0,0,1
269,The Natural Latex Company,2019-01-01,ASSEMBLY LINE PRODUCTION WORKER,0,IT Jobs,0,0,0,0,0,0,0,0,0,0,1,0,0,0,0,0,0,0,0,0,0,0,0,0,0
270,Feldcare Connects,2019-01-01,Occupational Therapist (OTR/L) for Home Health needed to Service Camarillo Area,0,Unknown,0,0,0,0,0,0,0,0,0,0,0,0,0,0,0,0,0,0,0,0,0,0,0,0,1
271,Accountemps,2019-01-01,Corporate Tax Accountant,0,Accounting & Finance Jobs,1,0,0,0,0,0,0,0,0,0,0,0,0,0,0,0,0,0,0,0,0,0,0,0,0
272,"Millworks Etc., Inc",2019-01-01,Project Coordinator,0,Manufacturing Jobs,0,0,0,0,0,0,0,0,0,0,0,0,0,0,1,0,0,0,0,0,0,0,0,0,0
273,PeopleReady,2019-01-01,Electrician Foreman,0,Trade & Construction Jobs,0,0,0,0,0,0,0,0,0,0,0,0,0,0,0,0,0,0,0,0,0,0,0,1,0
274,Chesapeake Technology International Corp,2019-01-01,Program Manager,0,IT Jobs,0,0,0,0,0,0,0,0,0,0,1,0,0,0,0,0,0,0,0,0,0,0,0,0,0
275,D.B. Roberts,2019-01-01,Sales Manager,0,Sales Jobs,0,0,0,0,0,0,0,0,0,0,0,0,0,0,0,0,0,0,0,1,0,0,0,0,0
276,VENTURA COUNTY MEDICAL SOCIETY,2019-01-01,Nurse Practitioner,0,Healthcare & Nursing Jobs,0,0,0,0,0,0,0,0,1,0,0,0,0,0,0,0,0,0,0,0,0,0,0,0,0
277,DEX,2019-01-01,Repair Technician,0,IT Jobs,0,0,0,0,0,0,0,0,0,0,1,0,0,0,0,0,0,0,0,0,0,0,0,0,0
278,DEX,2019-01-01,Electrical Engineer,0,Engineering Jobs,0,0,0,0,0,0,1,0,0,0,0,0,0,0,0,0,0,0,0,0,0,0,0,0,0
279,Cal Coast Plumbing,2019-01-01,Apprentice Plumber/Plumber,0,Trade & Construction Jobs,0,0,0,0,0,0,0,0,0,0,0,0,0,0,0,0,0,0,0,0,0,0,0,1,0
280,DEX,2019-01-01,Account Manager,0,Sales Jobs,0,0,0,0,0,0,0,0,0,0,0,0,0,0,0,0,0,0,0,1,0,0,0,0,0
281,Camarillo Motels LLC,2019-01-01,Housekeeper/Houseman,0,Unknown,0,0,0,0,0,0,0,0,0,0,0,0,0,0,0,0,0,0,0,0,0,0,0,0,1
282,Amtec Inc.,2019-01-01,Quality Engineer (Direct and Permanent),0,Engineering Jobs,0,0,0,0,0,0,1,0,0,0,0,0,0,0,0,0,0,0,0,0,0,0,0,0,0
283,Jackson Nurse Professionals,2019-01-01,Emergency Room Travel RN,0,Healthcare & Nursing Jobs,0,0,0,0,0,0,0,0,1,0,0,0,0,0,0,0,0,0,0,0,0,0,0,0,0
284,RNnetwork,2019-01-01,Travel RN-OR job in California,0,Healthcare & Nursing Jobs,0,0,0,0,0,0,0,0,1,0,0,0,0,0,0,0,0,0,0,0,0,0,0,0,0
285,gogokid,2019-01-01,Teach Online From Home - ESL (K-6 Students),0,Teaching Jobs,0,0,0,0,0,0,0,0,0,0,0,0,0,0,0,0,0,0,0,0,0,0,1,0,0
286,Pacific Dental Services,2019-01-01,Registered Dental Assistant,0,Healthcare & Nursing Jobs,0,0,0,0,0,0,0,0,1,0,0,0,0,0,0,0,0,0,0,0,0,0,0,0,0
287,Heartland Express,2019-01-01,Class A CDL Truck Driver,0,Logistics & Warehouse Jobs,0,0,0,0,0,0,0,0,0,0,0,0,1,0,0,0,0,0,0,0,0,0,0,0,0
288,Care.com,2019-01-01,Part Time Night Nanny,0,Social work Jobs,0,0,0,0,0,0,0,0,0,0,0,0,0,0,0,0,0,0,0,0,0,1,0,0,0
289,Vitas,2019-01-01,Registered Nurse (RN) - Home Care California,0,Unknown,0,0,0,0,0,0,0,0,0,0,0,0,0,0,0,0,0,0,0,0,0,0,0,0,1
290,"Rains Lucia Stern St. Phalle & Silver, PC",2019-01-01,Legal Assistant/Paralegal,0,Legal Jobs,0,0,0,0,0,0,0,0,0,0,0,1,0,0,0,0,0,0,0,0,0,0,0,0,0
291,Caleres,2019-01-01,Assistant Sales Manager - Naturalizer,0,Sales Jobs,0,0,0,0,0,0,0,0,0,0,0,0,0,0,0,0,0,0,0,1,0,0,0,0,0
292,Compass Consulting,2019-01-01,IT Consultant / DevOps Engineer,0,IT Jobs,0,0,0,0,0,0,0,0,0,0,1,0,0,0,0,0,0,0,0,0,0,0,0,0,0
293,Care.com,2019-01-01,Nanny Needed For 2 Children In Camarillo.,0,Social work Jobs,0,0,0,0,0,0,0,0,0,0,0,0,0,0,0,0,0,0,0,0,0,1,0,0,0
294,The American National Red Cross,2019-01-01,"Regional CEO - Camarillo, CA",0,Social work Jobs,0,0,0,0,0,0,0,0,0,0,0,0,0,0,0,0,0,0,0,0,0,1,0,0,0
295,24Hr HomeCare,2019-01-01,Caregiver FT/PT (Oxnard and Camarillo),0,Healthcare & Nursing Jobs,0,0,0,0,0,0,0,0,1,0,0,0,0,0,0,0,0,0,0,0,0,0,0,0,0
296,MissionCare,2019-01-01,Hiring Full-Time Caregivers (PCA/HHA/CNA/Companions) – Flex Schedules,0,Healthcare & Nursing Jobs,0,0,0,0,0,0,0,0,1,0,0,0,0,0,0,0,0,0,0,0,0,0,0,0,0
297,Cobalt Security Services,2019-01-01,Security Guard (On-Site),0,Unknown,0,0,0,0,0,0,0,0,0,0,0,0,0,0,0,0,0,0,0,0,0,0,0,0,1
298,System Pavers,2019-01-01,Project Manager - Construction,0,Trade & Construction Jobs,0,0,0,0,0,0,0,0,0,0,0,0,0,0,0,0,0,0,0,0,0,0,0,1,0
299,Universal Services of America,2019-01-01,Security Officer - Full Time in Camarillo,0,Other/General Jobs,0,0,0,0,0,0,0,0,0,0,0,0,0,0,0,1,0,0,0,0,0,0,0,0,0
300,Coherus Biosciences,2019-01-01,"Research Associate, Translational Sciences",0,Unknown,0,0,0,0,0,0,0,0,0,0,0,0,0,0,0,0,0,0,0,0,0,0,0,0,1
301,AYM Alliance,2019-01-01,Mechanical Engineer,0,Engineering Jobs,0,0,0,0,0,0,1,0,0,0,0,0,0,0,0,0,0,0,0,0,0,0,0,0,0
302,H&R Block,2019-01-01,Receptionist,0,Retail Jobs,0,0,0,0,0,0,0,0,0,0,0,0,0,0,0,0,0,0,1,0,0,0,0,0,0
303,H&R Block,2019-01-01,Preseason Tax Professional,0,Retail Jobs,0,0,0,0,0,0,0,0,0,0,0,0,0,0,0,0,0,0,1,0,0,0,0,0,0
304,H&R Block,2019-01-01,Office Manager III - Multi Office,0,Retail Jobs,0,0,0,0,0,0,0,0,0,0,0,0,0,0,0,0,0,0,1,0,0,0,0,0,0
305,Soliant Health,2019-01-01,"Speech Language Pathologist (SLP) -Camarillo, CA",0,Unknown,0,0,0,0,0,0,0,0,0,0,0,0,0,0,0,0,0,0,0,0,0,0,0,0,1
306,SelectStaffing,2019-01-01,Executive Assistant,0,Unknown,0,0,0,0,0,0,0,0,0,0,0,0,0,0,0,0,0,0,0,0,0,0,0,0,1
307,SelectStaffing,2019-01-01,Warehouse Associate,0,Unknown,0,0,0,0,0,0,0,0,0,0,0,0,0,0,0,0,0,0,0,0,0,0,0,0,1
308,RemX,2019-01-01,"A/P Specialist - Camarillo, CA",0,Unknown,0,0,0,0,0,0,0,0,0,0,0,0,0,0,0,0,0,0,0,0,0,0,0,0,1
309,Crescent Solutions Inc,2019-01-01,Aerospace Quality Engineer,0,IT Jobs,0,0,0,0,0,0,0,0,0,0,1,0,0,0,0,0,0,0,0,0,0,0,0,0,0
310,"Fossil, Inc.",2019-01-01,Assistant Store Manager - Camarillo,0,Retail Jobs,0,0,0,0,0,0,0,0,0,0,0,0,0,0,0,0,0,0,1,0,0,0,0,0,0
311,AT&T,2019-01-01,Full Time and Part Retail Sales Consultants,0,Sales Jobs,0,0,0,0,0,0,0,0,0,0,0,0,0,0,0,0,0,0,0,1,0,0,0,0,0
312,DaVita Inc,2019-01-01,STAR PCT,0,Healthcare & Nursing Jobs,0,0,0,0,0,0,0,0,1,0,0,0,0,0,0,0,0,0,0,0,0,0,0,0,0
313,AT&T,2019-01-01,Bilingual Spanish Part Time Retail Sales Consultant,0,Sales Jobs,0,0,0,0,0,0,0,0,0,0,0,0,0,0,0,0,0,0,0,1,0,0,0,0,0
314,"Comfort Keepers Home Care   Newbury Park, CA",2019-01-01,Home Health Aide,0,Healthcare & Nursing Jobs,0,0,0,0,0,0,0,0,1,0,0,0,0,0,0,0,0,0,0,0,0,0,0,0,0
315,MARTEN,2019-01-01,CDL Truck Driving jobs - High Paying Dedicated - Home Weekly & Avg. 62 CPM,0,Logistics & Warehouse Jobs,0,0,0,0,0,0,0,0,0,0,0,0,1,0,0,0,0,0,0,0,0,0,0,0,0
316,"Comfort Keepers Home Care   Newbury Park, CA",2019-01-01,"Caregiver, Companion or Homemaker",0,Healthcare & Nursing Jobs,0,0,0,0,0,0,0,0,1,0,0,0,0,0,0,0,0,0,0,0,0,0,0,0,0
317,Pizza Hut,2019-01-01,Delivery Driver,0,Logistics & Warehouse Jobs,0,0,0,0,0,0,0,0,0,0,0,0,1,0,0,0,0,0,0,0,0,0,0,0,0
318,MARTEN,2019-01-01,CDL Truck Driving jobs - Dry Van - Home Weekly & Average 62 CPM,0,Logistics & Warehouse Jobs,0,0,0,0,0,0,0,0,0,0,0,0,1,0,0,0,0,0,0,0,0,0,0,0,0
319,"Comfort Keepers Home Care   Newbury Park, CA",2019-01-01,Certified Nursing Assistant,0,Healthcare & Nursing Jobs,0,0,0,0,0,0,0,0,1,0,0,0,0,0,0,0,0,0,0,0,0,0,0,0,0
320,Leaders Merchant Services,2019-01-01,Inside Sales Representative,0,Sales Jobs,0,0,0,0,0,0,0,0,0,0,0,0,0,0,0,0,0,0,0,1,0,0,0,0,0
321,Leaders Merchant Services,2019-01-01,Sales Representative / Inside Sales,0,Sales Jobs,0,0,0,0,0,0,0,0,0,0,0,0,0,0,0,0,0,0,0,1,0,0,0,0,0
322,Spanish Hills Surgery Center,2019-01-01,Ancillary Operating Room Tech,0,Healthcare & Nursing Jobs,0,0,0,0,0,0,0,0,1,0,0,0,0,0,0,0,0,0,0,0,0,0,0,0,0
323,Stonemark Construction Management,2019-01-01,Project Coordinator,0,Trade & Construction Jobs,0,0,0,0,0,0,0,0,0,0,0,0,0,0,0,0,0,0,0,0,0,0,0,1,0
324,Salem Media Group,2019-01-01,Internal Auditor,0,Accounting & Finance Jobs,1,0,0,0,0,0,0,0,0,0,0,0,0,0,0,0,0,0,0,0,0,0,0,0,0
325,Laksh Inc,2019-01-01,Dispatch Team Agent,0,Logistics & Warehouse Jobs,0,0,0,0,0,0,0,0,0,0,0,0,1,0,0,0,0,0,0,0,0,0,0,0,0
326,Rapid Expansion   Hiring Immediately!,2019-01-01,HIRING ASAP - ENTRY LEVEL CSR / SALES REPRESENTATIVE - HOSPITALITY,0,Sales Jobs,0,0,0,0,0,0,0,0,0,0,0,0,0,0,0,0,0,0,0,1,0,0,0,0,0
327,Innovative Premier Marketing,2019-01-01,Entry Level | CSR | Sales Associate GROWTH opportunities,0,Sales Jobs,0,0,0,0,0,0,0,0,0,0,0,0,0,0,0,0,0,0,0,1,0,0,0,0,0
328,Rapid Expansion   Hiring Immediately!,2019-01-01,MARKETING MANAGER -ENTRY LEVEL Paid Training,0,"PR, Advertising & Marketing Jobs",0,0,0,0,0,0,0,0,0,0,0,0,0,0,0,0,1,0,0,0,0,0,0,0,0
329,Rapid Expansion   Hiring Immediately!,2019-01-01,Full Time / ASAP Hire - Customer Service (Training Provided),0,Customer Services Jobs,0,0,0,1,0,0,0,0,0,0,0,0,0,0,0,0,0,0,0,0,0,0,0,0,0
330,Innovative Premier Marketing,2019-01-01,HIRING ASAP FULL TRAINING - Customer Service / Sales Representative,0,Customer Services Jobs,0,0,0,1,0,0,0,0,0,0,0,0,0,0,0,0,0,0,0,0,0,0,0,0,0
331,Rapid Expansion   Hiring Immediately!,2019-01-01,Hospitality Representative - Customer Service  Sales,0,Hospitality & Catering Jobs,0,0,0,0,0,0,0,0,0,1,0,0,0,0,0,0,0,0,0,0,0,0,0,0,0
332,Pizza Hut,2019-01-01,Delivery Driver,0,Unknown,0,0,0,0,0,0,0,0,0,0,0,0,0,0,0,0,0,0,0,0,0,0,0,0,1
333,Nike Inc.,2019-01-01,Converse Camarillo Part-Time Associate Under,0,Retail Jobs,0,0,0,0,0,0,0,0,0,0,0,0,0,0,0,0,0,0,1,0,0,0,0,0,0
334,Crescent Solutions Inc,2019-01-01,Aerospace Materials Manager,0,IT Jobs,0,0,0,0,0,0,0,0,0,0,1,0,0,0,0,0,0,0,0,0,0,0,0,0,0
335,Target,2019-01-01,Guest Service Team Member - Guest Service Attendant,0,Unknown,0,0,0,0,0,0,0,0,0,0,0,0,0,0,0,0,0,0,0,0,0,0,0,0,1
336,Home Care Assistance,2019-01-01,Hiring Caregivers/ CNA's/HHA's Immediately (Paid Training) 13.00- 15.00/Hr,0,Healthcare & Nursing Jobs,0,0,0,0,0,0,0,0,1,0,0,0,0,0,0,0,0,0,0,0,0,0,0,0,0
337,MissionCare,2019-01-01,Caregiver/Home Care Aide/PCA/CNA,0,Healthcare & Nursing Jobs,0,0,0,0,0,0,0,0,1,0,0,0,0,0,0,0,0,0,0,0,0,0,0,0,0
338,RD Nutrition Consultants,2019-01-01,Registered Dietitian,0,Healthcare & Nursing Jobs,0,0,0,0,0,0,0,0,1,0,0,0,0,0,0,0,0,0,0,0,0,0,0,0,0
339,CyberCoders,2019-01-01,Manufacturing Process Engineer,0,IT Jobs,0,0,0,0,0,0,0,0,0,0,1,0,0,0,0,0,0,0,0,0,0,0,0,0,0
340,Spanish Hills Surgery Center,2019-01-01,RN Pre Op PACU/ OR Circulator,0,Healthcare & Nursing Jobs,0,0,0,0,0,0,0,0,1,0,0,0,0,0,0,0,0,0,0,0,0,0,0,0,0
341,PrideStaff   Ventura County,2019-01-01,Packaging Associate,0,Logistics & Warehouse Jobs,0,0,0,0,0,0,0,0,0,0,0,0,1,0,0,0,0,0,0,0,0,0,0,0,0
342,Spanish Hills Interventional Pain Specialists,2019-01-01,Scribe/MA,0,Healthcare & Nursing Jobs,0,0,0,0,0,0,0,0,1,0,0,0,0,0,0,0,0,0,0,0,0,0,0,0,0
343,DEX,2019-01-01,Component Technician,0,IT Jobs,0,0,0,0,0,0,0,0,0,0,1,0,0,0,0,0,0,0,0,0,0,0,0,0,0
344,Salem Media Group,2019-01-01,Accounts Payable Specialist,0,Accounting & Finance Jobs,1,0,0,0,0,0,0,0,0,0,0,0,0,0,0,0,0,0,0,0,0,0,0,0,0
345,Innovative Premier Marketing,2019-01-01,Brand Marketing: Marketing & Promotional Retail Sales,0,"PR, Advertising & Marketing Jobs",0,0,0,0,0,0,0,0,0,0,0,0,0,0,0,0,1,0,0,0,0,0,0,0,0
346,Salem Media Group,2019-01-01,Administrative Assistant - IT,0,Admin Jobs,0,1,0,0,0,0,0,0,0,0,0,0,0,0,0,0,0,0,0,0,0,0,0,0,0
347,Cybercoders,2019-01-01,Electrical and Assembly Technician,0,IT Jobs,0,0,0,0,0,0,0,0,0,0,1,0,0,0,0,0,0,0,0,0,0,0,0,0,0
348,Care.com,2019-01-01,Live-in Home Care Needed For My Father In Camarillo,0,Social work Jobs,0,0,0,0,0,0,0,0,0,0,0,0,0,0,0,0,0,0,0,0,0,1,0,0,0
349,Care.com,2019-01-01,"Mobility Assistance And Bathing / Dressing Full-time Support Needed For My Father In Camarillo, CA.",0,Social work Jobs,0,0,0,0,0,0,0,0,0,0,0,0,0,0,0,0,0,0,0,0,0,1,0,0,0
350,Care.com,2019-01-01,Looking For A Help With Laundry & House Keeping,0,Social work Jobs,0,0,0,0,0,0,0,0,0,0,0,0,0,0,0,0,0,0,0,0,0,1,0,0,0
351,SelectStaffing,2019-01-01,Quality Inspector,0,Unknown,0,0,0,0,0,0,0,0,0,0,0,0,0,0,0,0,0,0,0,0,0,0,0,0,1
352,SelectStaffing,2019-01-01,Packaging,0,Unknown,0,0,0,0,0,0,0,0,0,0,0,0,0,0,0,0,0,0,0,0,0,0,0,0,1
353,SelectStaffing,2019-01-01,Warehouse Associate,0,Unknown,0,0,0,0,0,0,0,0,0,0,0,0,0,0,0,0,0,0,0,0,0,0,0,0,1
354,Simon Property Group,2019-01-01,"Director, Specialty Leasing",0,Unknown,0,0,0,0,0,0,0,0,0,0,0,0,0,0,0,0,0,0,0,0,0,0,0,0,1
355,SelectStaffing,2019-01-01,Executive Assistant,0,Unknown,0,0,0,0,0,0,0,0,0,0,0,0,0,0,0,0,0,0,0,0,0,0,0,0,1
356,Dignity Health,2019-01-01,Registered Nurse,0,Unknown,0,0,0,0,0,0,0,0,0,0,0,0,0,0,0,0,0,0,0,0,0,0,0,0,1
357,Dignity Health,2019-01-01,Registered Nurse,0,Unknown,0,0,0,0,0,0,0,0,0,0,0,0,0,0,0,0,0,0,0,0,0,0,0,0,1
358,Orkin,2019-01-01,Residential Service Specialist,0,"PR, Advertising & Marketing Jobs",0,0,0,0,0,0,0,0,0,0,0,0,0,0,0,0,1,0,0,0,0,0,0,0,0
359,PeopleReady,2019-01-01,Apprentice and Experienced Electricians,0,Trade & Construction Jobs,0,0,0,0,0,0,0,0,0,0,0,0,0,0,0,0,0,0,0,0,0,0,0,1,0
360,Allied Universal Security,2019-01-01,Security Officer - Full Time in Newbury Park,0,Other/General Jobs,0,0,0,0,0,0,0,0,0,0,0,0,0,0,0,1,0,0,0,0,0,0,0,0,0
361,Allied Universal Security,2019-01-01,Allied Universal Security Officer - Camarillo,0,Other/General Jobs,0,0,0,0,0,0,0,0,0,0,0,0,0,0,0,1,0,0,0,0,0,0,0,0,0
362,TherapyTravelers,2019-01-01,SLP 2018-19: Speech Language Pathologist| 5-year service tropical vacation,0,Unknown,0,0,0,0,0,0,0,0,0,0,0,0,0,0,0,0,0,0,0,0,0,0,0,0,1
363,Ventura County Office Of Education,2019-01-01,Substitute-Clerical Pool,0,Accounting & Finance Jobs,1,0,0,0,0,0,0,0,0,0,0,0,0,0,0,0,0,0,0,0,0,0,0,0,0
364,Allied Universal Security,2019-01-01,Security Officer - F/T High Rise in Oxnard,0,Unknown,0,0,0,0,0,0,0,0,0,0,0,0,0,0,0,0,0,0,0,0,0,0,0,0,1
365,Allied Universal Security,2019-01-01,Security Officer - Full Time in Camarillo,0,Other/General Jobs,0,0,0,0,0,0,0,0,0,0,0,0,0,0,0,1,0,0,0,0,0,0,0,0,0
366,TherapyTravelers,2019-01-01,SLP 2018-2019 SY: Speech Language Pathologist | Awesome benefits,0,Unknown,0,0,0,0,0,0,0,0,0,0,0,0,0,0,0,0,0,0,0,0,0,0,0,0,1
367,TherapyTravelers,2019-01-01,2018-2019: Speech Language Pathologist (Short-term Contract),0,Unknown,0,0,0,0,0,0,0,0,0,0,0,0,0,0,0,0,0,0,0,0,0,0,0,0,1
368,TherapyTravelers,2019-01-01,SLP 2018-2019: Speech Language Pathologist| 5-year service tropical vacation,0,Unknown,0,0,0,0,0,0,0,0,0,0,0,0,0,0,0,0,0,0,0,0,0,0,0,0,1
369,Brandes Associates,2019-01-01,Software Engineer Journeyman / Engineer IV,0,IT Jobs,0,0,0,0,0,0,0,0,0,0,1,0,0,0,0,0,0,0,0,0,0,0,0,0,0
370,FlexCare Medical Staffing,2019-01-01,"Travel RN - Telemetry - Nights - Camarillo , CA",0,Healthcare & Nursing Jobs,0,0,0,0,0,0,0,0,1,0,0,0,0,0,0,0,0,0,0,0,0,0,0,0,0
371,"Superior Duct Fabrication, Inc.",2019-01-01,Class C Driver- manufacturing,0,Logistics & Warehouse Jobs,0,0,0,0,0,0,0,0,0,0,0,0,1,0,0,0,0,0,0,0,0,0,0,0,0
372,"Superior Duct Fabrication, Inc.",2019-01-01,Office Admin/Clerk,0,Admin Jobs,0,1,0,0,0,0,0,0,0,0,0,0,0,0,0,0,0,0,0,0,0,0,0,0,0
373,Private Company,2019-01-01,Restaurant Manager,0,Hospitality & Catering Jobs,0,0,0,0,0,0,0,0,0,1,0,0,0,0,0,0,0,0,0,0,0,0,0,0,0
374,Rapid Expansion   Hiring Immediately!,2019-01-01,Sports Minded Marketing & Management (Full Time - Entry Level),0,"PR, Advertising & Marketing Jobs",0,0,0,0,0,0,0,0,0,0,0,0,0,0,0,0,1,0,0,0,0,0,0,0,0
375,Ross Dress for Less,2019-01-01,Retail Associate,0,Retail Jobs,0,0,0,0,0,0,0,0,0,0,0,0,0,0,0,0,0,0,1,0,0,0,0,0,0
376,SelectStaffing,2019-01-01,Quality Inspector,0,Unknown,0,0,0,0,0,0,0,0,0,0,0,0,0,0,0,0,0,0,0,0,0,0,0,0,1
377,SelectStaffing,2019-01-01,Packaging Machine Operator,0,Unknown,0,0,0,0,0,0,0,0,0,0,0,0,0,0,0,0,0,0,0,0,0,0,0,0,1
378,SelectStaffing,2019-01-01,Packaging,0,Unknown,0,0,0,0,0,0,0,0,0,0,0,0,0,0,0,0,0,0,0,0,0,0,0,0,1
379,Care.com,2019-01-01,"Caregiver Needed Tues, Wed, Thurs 1-4:30pm For 2 Boys, Ages 5 And 7",0,Social work Jobs,0,0,0,0,0,0,0,0,0,0,0,0,0,0,0,0,0,0,0,0,0,1,0,0,0
380,Care.com,2019-01-01,Looking For A Dependable House Cleaner For Family Living In Camarillo.,0,Social work Jobs,0,0,0,0,0,0,0,0,0,0,0,0,0,0,0,0,0,0,0,0,0,1,0,0,0
381,Care.com,2019-01-01,Hands-on Care Needed For My Father In Camarillo,0,Social work Jobs,0,0,0,0,0,0,0,0,0,0,0,0,0,0,0,0,0,0,0,0,0,1,0,0,0
382,SelectStaffing,2019-01-01,Quality Label Specialist,0,Unknown,0,0,0,0,0,0,0,0,0,0,0,0,0,0,0,0,0,0,0,0,0,0,0,0,1
383,Arnold Magnetics Corporation,2019-01-01,Power Supply Design Engineer,0,"Energy, Oil & Gas Jobs",0,0,0,0,0,1,0,0,0,0,0,0,0,0,0,0,0,0,0,0,0,0,0,0,0
384,AT&T,2019-01-01,In Home Sales Expert,0,Sales Jobs,0,0,0,0,0,0,0,0,0,0,0,0,0,0,0,0,0,0,0,1,0,0,0,0,0
385,Essex Property Trust,2019-01-01,Maintenance Technician,0,Unknown,0,0,0,0,0,0,0,0,0,0,0,0,0,0,0,0,0,0,0,0,0,0,0,0,1
386,Telecare,2019-01-01,Residential Program Manager (Full-Time) - Behavioral Health Program 162,0,Healthcare & Nursing Jobs,0,0,0,0,0,0,0,0,1,0,0,0,0,0,0,0,0,0,0,0,0,0,0,0,0
387,Elder Care Alliance,2019-01-01,Housekeeper - Camarillo,0,Healthcare & Nursing Jobs,0,0,0,0,0,0,0,0,1,0,0,0,0,0,0,0,0,0,0,0,0,0,0,0,0
388,Elder Care Alliance,2019-01-01,Cook - Camarillo,0,Healthcare & Nursing Jobs,0,0,0,0,0,0,0,0,1,0,0,0,0,0,0,0,0,0,0,0,0,0,0,0,0
389,Elder Care Alliance,2019-01-01,Resident Assistant (RA) - Camarillo,0,Healthcare & Nursing Jobs,0,0,0,0,0,0,0,0,1,0,0,0,0,0,0,0,0,0,0,0,0,0,0,0,0
390,"Bridgestone Americas, Inc",2019-01-01,Automotive Technician / Mechanic,0,Unknown,0,0,0,0,0,0,0,0,0,0,0,0,0,0,0,0,0,0,0,0,0,0,0,0,1
391,Logistics & Distribution Services Corp.,2019-01-01,Class A CDL Company Regional Driver,0,Logistics & Warehouse Jobs,0,0,0,0,0,0,0,0,0,0,0,0,1,0,0,0,0,0,0,0,0,0,0,0,0
392,"Horizon Air Measurement Services, Inc.",2019-01-01,Source Emissions Testing Project Manager,0,Scientific & QA Jobs,0,0,0,0,0,0,0,0,0,0,0,0,0,0,0,0,0,0,0,0,1,0,0,0,0
393,H&R Block,2019-01-01,Tax Professional,0,Retail Jobs,0,0,0,0,0,0,0,0,0,0,0,0,0,0,0,0,0,0,1,0,0,0,0,0,0
394,H&R Block,2019-01-01,First Year Tax Professional,0,Retail Jobs,0,0,0,0,0,0,0,0,0,0,0,0,0,0,0,0,0,0,1,0,0,0,0,0,0
395,One Staff Medical,2019-01-01,Travel Registered Nurse RN Emergency Room ER - Camarillo,0,Unknown,0,0,0,0,0,0,0,0,0,0,0,0,0,0,0,0,0,0,0,0,0,0,0,0,1
396,SelectStaffing,2019-01-01,Quality Label Specialist,0,Unknown,0,0,0,0,0,0,0,0,0,0,0,0,0,0,0,0,0,0,0,0,0,0,0,0,1
397,Care.com,2019-01-01,Hands-on Care Needed For My Loved One In Camarillo,0,Social work Jobs,0,0,0,0,0,0,0,0,0,0,0,0,0,0,0,0,0,0,0,0,0,1,0,0,0
398,Care.com,2019-01-01,Hands-on Care Needed For My Mother In Camarillo,0,Social work Jobs,0,0,0,0,0,0,0,0,0,0,0,0,0,0,0,0,0,0,0,0,0,1,0,0,0
399,Pinnacle Rehab Staffing,2019-01-01,Speech-Language Pathologist,0,Healthcare & Nursing Jobs,0,0,0,0,0,0,0,0,1,0,0,0,0,0,0,0,0,0,0,0,0,0,0,0,0
400,OneStaff Medical,2019-01-01,Travel Registered Nurse RN Intensive Care Unit ICU,0,Unknown,0,0,0,0,0,0,0,0,0,0,0,0,0,0,0,0,0,0,0,0,0,0,0,0,1
401,Panda Express,2019-01-01,"Restaurant Manager - Camarillo - Ventura - Oxnard, CA - V",0,Unknown,0,0,0,0,0,0,0,0,0,0,0,0,0,0,0,0,0,0,0,0,0,0,0,0,1
402,OneStaff Medical,2019-01-01,Travel Registered Nurse RN Medical Surgical Telemetry,0,Unknown,0,0,0,0,0,0,0,0,0,0,0,0,0,0,0,0,0,0,0,0,0,0,0,0,1
403,SEP,2019-01-01,Sr .NET Developer,0,IT Jobs,0,0,0,0,0,0,0,0,0,0,1,0,0,0,0,0,0,0,0,0,0,0,0,0,0
404,Ventura County Office Of Education,2019-01-01,In-house/Promotional Only)-Administrative Assistant III,0,Accounting & Finance Jobs,1,0,0,0,0,0,0,0,0,0,0,0,0,0,0,0,0,0,0,0,0,0,0,0,0
405,"Clean Harbors, Inc.",2019-01-01,Household Hazardous Waste Administrator,0,Unknown,0,0,0,0,0,0,0,0,0,0,0,0,0,0,0,0,0,0,0,0,0,0,0,0,1
406,OneStaff Medical,2019-01-01,Travel Registered Nurse RN Emergency Room ER,0,Unknown,0,0,0,0,0,0,0,0,0,0,0,0,0,0,0,0,0,0,0,0,0,0,0,0,1
407,"OmniUpdate, Inc.",2019-01-01,Inside Sales Representative,0,Sales Jobs,0,0,0,0,0,0,0,0,0,0,0,0,0,0,0,0,0,0,0,1,0,0,0,0,0
408,Swift Transportation,2019-01-01,Experienced CDL Class A Truck Drivers,0,Logistics & Warehouse Jobs,0,0,0,0,0,0,0,0,0,0,0,0,1,0,0,0,0,0,0,0,0,0,0,0,0
409,Compass Consulting,2019-01-01,.NET Web Developer,0,IT Jobs,0,0,0,0,0,0,0,0,0,0,1,0,0,0,0,0,0,0,0,0,0,0,0,0,0
410,Arthur Martinez & Associates,2019-01-01,Full Charge Bookkeeper,0,Accounting & Finance Jobs,1,0,0,0,0,0,0,0,0,0,0,0,0,0,0,0,0,0,0,0,0,0,0,0,0
411,DEX,2019-01-01,Digital Marketing Manager,0,"PR, Advertising & Marketing Jobs",0,0,0,0,0,0,0,0,0,0,0,0,0,0,0,0,1,0,0,0,0,0,0,0,0
412,Sterling General Security Inc,2019-01-01,Security Officer,0,Other/General Jobs,0,0,0,0,0,0,0,0,0,0,0,0,0,0,0,1,0,0,0,0,0,0,0,0,0
413,Concrete Rehab,2019-01-01,Construction Concrete Resurfacer,0,Trade & Construction Jobs,0,0,0,0,0,0,0,0,0,0,0,0,0,0,0,0,0,0,0,0,0,0,0,1,0
414,Clinicas del Camino Real,2019-01-01,Web Developer,0,Healthcare & Nursing Jobs,0,0,0,0,0,0,0,0,1,0,0,0,0,0,0,0,0,0,0,0,0,0,0,0,0
415,SEP,2019-01-01,Sr .NET Developer,0,IT Jobs,0,0,0,0,0,0,0,0,0,0,1,0,0,0,0,0,0,0,0,0,0,0,0,0,0
416,Clinicas del Camino Real,2019-01-01,Provider Relations Specialist,0,Healthcare & Nursing Jobs,0,0,0,0,0,0,0,0,1,0,0,0,0,0,0,0,0,0,0,0,0,0,0,0,0
417,Accelerate HC,2019-01-01,Accounting Clerk,0,Accounting & Finance Jobs,1,0,0,0,0,0,0,0,0,0,0,0,0,0,0,0,0,0,0,0,0,0,0,0,0
418,Innovative Premier Marketing,2019-01-01,Entry Level Management Trainee - NO NIGHTS OR WEEKENDS,0,"PR, Advertising & Marketing Jobs",0,0,0,0,0,0,0,0,0,0,0,0,0,0,0,0,1,0,0,0,0,0,0,0,0
419,PEAK Technical Staffing USA,2019-01-01,Electrical Engineer,0,Engineering Jobs,0,0,0,0,0,0,1,0,0,0,0,0,0,0,0,0,0,0,0,0,0,0,0,0,0
420,ZPower,2019-01-01,Senior Document Control Specialist,0,IT Jobs,0,0,0,0,0,0,0,0,0,0,1,0,0,0,0,0,0,0,0,0,0,0,0,0,0
421,Supplemental Health Care,2019-01-01,Travel Physical Therapist Corrections,0,Unknown,0,0,0,0,0,0,0,0,0,0,0,0,0,0,0,0,0,0,0,0,0,0,0,0,1
422,RNnetwork,2019-01-01,Travel RN-Telemetry job in California,0,Unknown,0,0,0,0,0,0,0,0,0,0,0,0,0,0,0,0,0,0,0,0,0,0,0,0,1
423,Care.com,2019-01-01,"Loves Kids, Creative, Fun, Helpful Nanny",0,Social work Jobs,0,0,0,0,0,0,0,0,0,0,0,0,0,0,0,0,0,0,0,0,0,1,0,0,0
424,RNnetwork,2019-01-01,Travel RN-ER job in California,0,Unknown,0,0,0,0,0,0,0,0,0,0,0,0,0,0,0,0,0,0,0,0,0,0,0,0,1
425,Care.com,2019-01-01,Looking For A Pet Sitter For 1 Cat In Camarillo,0,Social work Jobs,0,0,0,0,0,0,0,0,0,0,0,0,0,0,0,0,0,0,0,0,0,1,0,0,0
426,Care.com,2019-01-01,Looking For A Dependable House Cleaner For Family Living In Camarillo.,0,Social work Jobs,0,0,0,0,0,0,0,0,0,0,0,0,0,0,0,0,0,0,0,0,0,1,0,0,0
427,California State University at Channel Islands,2019-01-01,Tenure Track Faculty Positions,0,Teaching Jobs,0,0,0,0,0,0,0,0,0,0,0,0,0,0,0,0,0,0,0,0,0,0,1,0,0
428,"The Search Solutions, LLC",2019-01-01,Quality Engineer - Aerospace,0,IT Jobs,0,0,0,0,0,0,0,0,0,0,1,0,0,0,0,0,0,0,0,0,0,0,0,0,0
429,KORE1,2019-01-01,Sr. or mid-level Android Developer: full stack app dev (not embedded),0,IT Jobs,0,0,0,0,0,0,0,0,0,0,1,0,0,0,0,0,0,0,0,0,0,0,0,0,0
430,CRST Expedited,2019-01-01,Recent CDL-A Grad Truck Drivers,0,Logistics & Warehouse Jobs,0,0,0,0,0,0,0,0,0,0,0,0,1,0,0,0,0,0,0,0,0,0,0,0,0
431,CRST Expedited,2019-01-01,Class A CDL Truck Driver Recent Graduates,0,Logistics & Warehouse Jobs,0,0,0,0,0,0,0,0,0,0,0,0,1,0,0,0,0,0,0,0,0,0,0,0,0
432,RNnetwork,2019-01-01,Travel RN-ICU job in California,0,Healthcare & Nursing Jobs,0,0,0,0,0,0,0,0,1,0,0,0,0,0,0,0,0,0,0,0,0,0,0,0,0
433,RNnetwork,2019-01-01,Travel RN-ICU job in California,0,Healthcare & Nursing Jobs,0,0,0,0,0,0,0,0,1,0,0,0,0,0,0,0,0,0,0,0,0,0,0,0,0
434,Massage Envy,2019-01-01,Massage Therapist Careers - Ventura Area,0,Hospitality & Catering Jobs,0,0,0,0,0,0,0,0,0,1,0,0,0,0,0,0,0,0,0,0,0,0,0,0,0
435,RNnetwork,2019-01-01,Travel RN-ICU job in California,0,Healthcare & Nursing Jobs,0,0,0,0,0,0,0,0,1,0,0,0,0,0,0,0,0,0,0,0,0,0,0,0,0
436,RNnetwork,2019-01-01,Travel RN-OR job in California,0,Healthcare & Nursing Jobs,0,0,0,0,0,0,0,0,1,0,0,0,0,0,0,0,0,0,0,0,0,0,0,0,0
437,RNnetwork,2019-01-01,Travel RN-Telemetry job in California,0,Healthcare & Nursing Jobs,0,0,0,0,0,0,0,0,1,0,0,0,0,0,0,0,0,0,0,0,0,0,0,0,0
438,RNnetwork,2019-01-01,Travel RN-ER job in California,0,Healthcare & Nursing Jobs,0,0,0,0,0,0,0,0,1,0,0,0,0,0,0,0,0,0,0,0,0,0,0,0,0
439,Pacific Western Bank,2019-01-01,"VP, Relationship Manager",0,Unknown,0,0,0,0,0,0,0,0,0,0,0,0,0,0,0,0,0,0,0,0,0,0,0,0,1
440,NaviSite,2019-01-01,Advertisting Account Executive,0,Customer Services Jobs,0,0,0,1,0,0,0,0,0,0,0,0,0,0,0,0,0,0,0,0,0,0,0,0,0
441,Brookdale Care,2019-01-01,Certified Nursing Assistant,0,Healthcare & Nursing Jobs,0,0,0,0,0,0,0,0,1,0,0,0,0,0,0,0,0,0,0,0,0,0,0,0,0
442,"TechniPower, Inc.",2019-01-01,CMM Programmer,0,Unknown,0,0,0,0,0,0,0,0,0,0,0,0,0,0,0,0,0,0,0,0,0,0,0,0,1
443,myCNAjobs,2019-01-01,Luxury Assisted Living Jobs - Resident Caregivers & CNAs,0,Healthcare & Nursing Jobs,0,0,0,0,0,0,0,0,1,0,0,0,0,0,0,0,0,0,0,0,0,0,0,0,0
444,Home Care Assistance,2019-01-01,Hiring Hourly Caregiver/CNA-Paid Training offered,0,Healthcare & Nursing Jobs,0,0,0,0,0,0,0,0,1,0,0,0,0,0,0,0,0,0,0,0,0,0,0,0,0
445,System Pavers,2019-01-01,Construction Project Manager,0,Unknown,0,0,0,0,0,0,0,0,0,0,0,0,0,0,0,0,0,0,0,0,0,0,0,0,1
446,Teledyne Technologies,2019-01-01,Program Manager,0,IT Jobs,0,0,0,0,0,0,0,0,0,0,1,0,0,0,0,0,0,0,0,0,0,0,0,0,0
447,Teledyne Technologies,2019-01-01,Program Planner,0,IT Jobs,0,0,0,0,0,0,0,0,0,0,1,0,0,0,0,0,0,0,0,0,0,0,0,0,0
448,Dignity Health,2019-01-01,Registered Nurse,0,Unknown,0,0,0,0,0,0,0,0,0,0,0,0,0,0,0,0,0,0,0,0,0,0,0,0,1
449,Dignity Health,2019-01-01,Registered Nurse,0,Unknown,0,0,0,0,0,0,0,0,0,0,0,0,0,0,0,0,0,0,0,0,0,0,0,0,1
450,Dignity Health,2019-01-01,Registered Nurse,0,Unknown,0,0,0,0,0,0,0,0,0,0,0,0,0,0,0,0,0,0,0,0,0,0,0,0,1
451,Dignity Health,2019-01-01,Registered Nurse,0,Unknown,0,0,0,0,0,0,0,0,0,0,0,0,0,0,0,0,0,0,0,0,0,0,0,0,1
452,Michael Baker International,2019-01-01,Land Surveyor - LSIT,0,"PR, Advertising & Marketing Jobs",0,0,0,0,0,0,0,0,0,0,0,0,0,0,0,0,1,0,0,0,0,0,0,0,0
453,ZPower,2019-01-01,Senior Controls Engineer,0,Manufacturing Jobs,0,0,0,0,0,0,0,0,0,0,0,0,0,0,1,0,0,0,0,0,0,0,0,0,0
