,company,date,title,All_Sectors,Admin Jobs,Charity & Voluntary Jobs,Consultancy Jobs,Customer Services Jobs,"Energy, Oil & Gas Jobs",Engineering Jobs,HR & Recruitment Jobs,Healthcare & Nursing Jobs,Hospitality & Catering Jobs,IT Jobs,Logistics & Warehouse Jobs,Manufacturing Jobs,Other/General Jobs,"PR, Advertising & Marketing Jobs",Property Jobs,Retail Jobs,Sales Jobs,Teaching Jobs,Trade & Construction Jobs,Travel Jobs,Unknown
0,NASCAR,2018-03-01,Senior Infrastructure/Cloud Engineer,Engineering Jobs,0,0,0,0,0,1,0,0,0,0,0,0,0,0,0,0,0,0,0,0,0
1,Select Source International,2018-06-01,Field Engineer 4,Unknown,0,0,0,0,0,0,0,0,0,0,0,0,0,0,0,0,0,0,0,0,1
2,Superprof,2018-07-01,"Superprof, the USA’s 1 tutoring network, is offering you the chance to become a private ESL tutor - Charlotte",Teaching Jobs,0,0,0,0,0,0,0,0,0,0,0,0,0,0,0,0,0,1,0,0,0
3,First Future,2018-09-01,"ESL teacher,high salary,no commuting",Teaching Jobs,0,0,0,0,0,0,0,0,0,0,0,0,0,0,0,0,0,1,0,0,0
4,ESL Suite,2018-09-01,Online EFL/English Teacher,Teaching Jobs,0,0,0,0,0,0,0,0,0,0,0,0,0,0,0,0,0,1,0,0,0
5,First Future,2018-09-01,Part-time English Teacher working onl,Teaching Jobs,0,0,0,0,0,0,0,0,0,0,0,0,0,0,0,0,0,1,0,0,0
6,BlingABC by XDF,2018-09-01,Teach English Online From Home,Teaching Jobs,0,0,0,0,0,0,0,0,0,0,0,0,0,0,0,0,0,1,0,0,0
7,First Future,2018-09-01,Online ESL English Teacher Wanted,Teaching Jobs,0,0,0,0,0,0,0,0,0,0,0,0,0,0,0,0,0,1,0,0,0
8,First Future,2018-09-01,Online ESL Teachers for Chinese stude,Teaching Jobs,0,0,0,0,0,0,0,0,0,0,0,0,0,0,0,0,0,1,0,0,0
9,First Future,2018-09-01,Online ESL- English Teacher,Teaching Jobs,0,0,0,0,0,0,0,0,0,0,0,0,0,0,0,0,0,1,0,0,0
10,BlingABC by XDF,2018-10-01,Online ESL teacher,Teaching Jobs,0,0,0,0,0,0,0,0,0,0,0,0,0,0,0,0,0,1,0,0,0
11,Oasys Sports,2018-10-01,Sports Technology Sales Consultant - Sales Experience Required,Unknown,0,0,0,0,0,0,0,0,0,0,0,0,0,0,0,0,0,0,0,0,1
12,Duke Energy,2018-10-01,2019 IT Summer Internship,"Energy, Oil & Gas Jobs",0,0,0,0,1,0,0,0,0,0,0,0,0,0,0,0,0,0,0,0,0
13,Jacobs,2018-10-01,Civil Engineer in Training / Water,Engineering Jobs,0,0,0,0,0,1,0,0,0,0,0,0,0,0,0,0,0,0,0,0,0
14,BlingABC by XDF,2018-10-01,Online ESL Teacher $28-$36USD per 90,Teaching Jobs,0,0,0,0,0,0,0,0,0,0,0,0,0,0,0,0,0,1,0,0,0
15,"TekPartners, A P2P Company",2018-10-01,Mobile QA Engineer,IT Jobs,0,0,0,0,0,0,0,0,0,1,0,0,0,0,0,0,0,0,0,0,0
16,Wood,2018-11-01,Entry-Level Civil Engineer,"Energy, Oil & Gas Jobs",0,0,0,0,1,0,0,0,0,0,0,0,0,0,0,0,0,0,0,0,0
17,Wood,2018-11-01,Utility Services Analyst,"Energy, Oil & Gas Jobs",0,0,0,0,1,0,0,0,0,0,0,0,0,0,0,0,0,0,0,0,0
18,Wood,2018-11-01,CEI Inspector 4,"Energy, Oil & Gas Jobs",0,0,0,0,1,0,0,0,0,0,0,0,0,0,0,0,0,0,0,0,0
19,Wood,2018-11-01,Structural Building Engineer,"Energy, Oil & Gas Jobs",0,0,0,0,1,0,0,0,0,0,0,0,0,0,0,0,0,0,0,0,0
20,Wood,2018-11-01,Survey Field Technician,"Energy, Oil & Gas Jobs",0,0,0,0,1,0,0,0,0,0,0,0,0,0,0,0,0,0,0,0,0
21,Wood,2018-11-01,Senior-level Civil Transportation Engineer,"Energy, Oil & Gas Jobs",0,0,0,0,1,0,0,0,0,0,0,0,0,0,0,0,0,0,0,0,0
22,Wood,2018-11-01,CEI Inspector Aid,"Energy, Oil & Gas Jobs",0,0,0,0,1,0,0,0,0,0,0,0,0,0,0,0,0,0,0,0,0
23,Wood,2018-11-01,Senior Civil / Geotechnical Engineer,"Energy, Oil & Gas Jobs",0,0,0,0,1,0,0,0,0,0,0,0,0,0,0,0,0,0,0,0,0
24,Wood,2018-11-01,Senior Environmental Engineer,"Energy, Oil & Gas Jobs",0,0,0,0,1,0,0,0,0,0,0,0,0,0,0,0,0,0,0,0,0
25,Wood,2018-11-01,Survey Party Chief,"Energy, Oil & Gas Jobs",0,0,0,0,1,0,0,0,0,0,0,0,0,0,0,0,0,0,0,0,0
26,Wood,2018-11-01,Field Technician Intern,"Energy, Oil & Gas Jobs",0,0,0,0,1,0,0,0,0,0,0,0,0,0,0,0,0,0,0,0,0
27,VIPKid,2018-11-01,Online ESL Tutor for Children,Teaching Jobs,0,0,0,0,0,0,0,0,0,0,0,0,0,0,0,0,0,1,0,0,0
28,Duke Energy,2018-11-01,2019 Summer Intern - Transmission Planning,"Energy, Oil & Gas Jobs",0,0,0,0,1,0,0,0,0,0,0,0,0,0,0,0,0,0,0,0,0
29,Leidos,2018-11-01,Lead Distribution Engineer,"Energy, Oil & Gas Jobs",0,0,0,0,1,0,0,0,0,0,0,0,0,0,0,0,0,0,0,0,0
30,Wood,2018-11-01,Field Technician 2,"Energy, Oil & Gas Jobs",0,0,0,0,1,0,0,0,0,0,0,0,0,0,0,0,0,0,0,0,0
31,Duke Energy,2018-11-01,"Transmission Senior Engineer - Permitting & Engagement - Charlotte, NC","Energy, Oil & Gas Jobs",0,0,0,0,1,0,0,0,0,0,0,0,0,0,0,0,0,0,0,0,0
32,Duke Energy,2018-11-01,"Manager - Production Standards, Scoping and Support","Energy, Oil & Gas Jobs",0,0,0,0,1,0,0,0,0,0,0,0,0,0,0,0,0,0,0,0,0
33,Leidos,2018-11-01,Sr Distribution Engineer,"Energy, Oil & Gas Jobs",0,0,0,0,1,0,0,0,0,0,0,0,0,0,0,0,0,0,0,0,0
34,Duke Energy,2018-11-01,2019 Engineering Technology Intern - Full Year,"Energy, Oil & Gas Jobs",0,0,0,0,1,0,0,0,0,0,0,0,0,0,0,0,0,0,0,0,0
35,Duke Energy,2018-11-01,"Renewables - Engineering Intern - Charlotte, NC","Energy, Oil & Gas Jobs",0,0,0,0,1,0,0,0,0,0,0,0,0,0,0,0,0,0,0,0,0
36,Leidos,2018-11-01,Distribution Engineer,"Energy, Oil & Gas Jobs",0,0,0,0,1,0,0,0,0,0,0,0,0,0,0,0,0,0,0,0,0
37,Leidos,2018-11-01,Senior Distribution Engineer,"Energy, Oil & Gas Jobs",0,0,0,0,1,0,0,0,0,0,0,0,0,0,0,0,0,0,0,0,0
38,Enercon.,2018-11-01,Principal Engineer,"Energy, Oil & Gas Jobs",0,0,0,0,1,0,0,0,0,0,0,0,0,0,0,0,0,0,0,0,0
39,Enercon.,2018-11-01,Lead Distribution Line Engineer,"Energy, Oil & Gas Jobs",0,0,0,0,1,0,0,0,0,0,0,0,0,0,0,0,0,0,0,0,0
40,Duke Energy,2018-11-01,Lead Intelligence Analyst,"Energy, Oil & Gas Jobs",0,0,0,0,1,0,0,0,0,0,0,0,0,0,0,0,0,0,0,0,0
41,Duke Energy,2018-11-01,"Manager, Portfolio Analytics and Reporting","Energy, Oil & Gas Jobs",0,0,0,0,1,0,0,0,0,0,0,0,0,0,0,0,0,0,0,0,0
43,Duke Energy,2018-11-01,Digital Analytics Summer 2019 Intern,"Energy, Oil & Gas Jobs",0,0,0,0,1,0,0,0,0,0,0,0,0,0,0,0,0,0,0,0,0
44,Duke Energy,2018-11-01,IT Software Engineer,"Energy, Oil & Gas Jobs",0,0,0,0,1,0,0,0,0,0,0,0,0,0,0,0,0,0,0,0,0
45,Duke Energy,2018-11-01,Senior IT Software Engineer,"Energy, Oil & Gas Jobs",0,0,0,0,1,0,0,0,0,0,0,0,0,0,0,0,0,0,0,0,0
46,Duke Energy,2018-11-01,Contract Compliance Analyst,"Energy, Oil & Gas Jobs",0,0,0,0,1,0,0,0,0,0,0,0,0,0,0,0,0,0,0,0,0
47,Duke Energy,2018-11-01,Commercial Renewables Contract Analyst,"Energy, Oil & Gas Jobs",0,0,0,0,1,0,0,0,0,0,0,0,0,0,0,0,0,0,0,0,0
48,Tesla,2018-11-01,Service Advisor - Southeast Mobile Team (Charlotte),Engineering Jobs,0,0,0,0,0,1,0,0,0,0,0,0,0,0,0,0,0,0,0,0,0
49,Tesla,2018-11-01,Customer Experience Specialist,Engineering Jobs,0,0,0,0,0,1,0,0,0,0,0,0,0,0,0,0,0,0,0,0,0
50,Duke Energy,2018-11-01,Senior Project Accounting Specialist - Capital Projects,"Energy, Oil & Gas Jobs",0,0,0,0,1,0,0,0,0,0,0,0,0,0,0,0,0,0,0,0,0
51,Leidos,2018-11-01,Software Developer (MID),"Energy, Oil & Gas Jobs",0,0,0,0,1,0,0,0,0,0,0,0,0,0,0,0,0,0,0,0,0
52,Leidos,2018-11-01,Jr Software Developer,"Energy, Oil & Gas Jobs",0,0,0,0,1,0,0,0,0,0,0,0,0,0,0,0,0,0,0,0,0
53,Siemens,2018-11-01,Principal Solution Architect or Solutions Architect - Manufacturing Operations Management – Charlot,"Energy, Oil & Gas Jobs",0,0,0,0,1,0,0,0,0,0,0,0,0,0,0,0,0,0,0,0,0
54,Siemens,2018-11-01,Sr. Application Support Engineer (Sustaining Engineer),"Energy, Oil & Gas Jobs",0,0,0,0,1,0,0,0,0,0,0,0,0,0,0,0,0,0,0,0,0
55,Siemens,2018-11-01,Solution Architect - Teamcenter - Major U.S. City East Coast,"Energy, Oil & Gas Jobs",0,0,0,0,1,0,0,0,0,0,0,0,0,0,0,0,0,0,0,0,0
56,Tesla,2018-11-01,START Program Technician,Engineering Jobs,0,0,0,0,0,1,0,0,0,0,0,0,0,0,0,0,0,0,0,0,0
57,Tesla,2018-11-01,"Service Advisor - Charlotte, NC (Matthews)",Engineering Jobs,0,0,0,0,0,1,0,0,0,0,0,0,0,0,0,0,0,0,0,0,0
58,Leidos,2018-11-01,Site Integration Lead,"Energy, Oil & Gas Jobs",0,0,0,0,1,0,0,0,0,0,0,0,0,0,0,0,0,0,0,0,0
59,Tesla,2018-11-01,Gallery Advisor,Engineering Jobs,0,0,0,0,0,1,0,0,0,0,0,0,0,0,0,0,0,0,0,0,0
60,Tesla,2018-11-01,Delivery Experience Specialist,Engineering Jobs,0,0,0,0,0,1,0,0,0,0,0,0,0,0,0,0,0,0,0,0,0
61,Duke Energy,2018-11-01,Lead Change Management Consultant - IT and Cybersecurity,"Energy, Oil & Gas Jobs",0,0,0,0,1,0,0,0,0,0,0,0,0,0,0,0,0,0,0,0,0
62,Tesla,2018-11-01,Vehicle Prep Specialist,Engineering Jobs,0,0,0,0,0,1,0,0,0,0,0,0,0,0,0,0,0,0,0,0,0
63,Tesla,2018-11-01,"Service Technician - Charlotte, NC",Engineering Jobs,0,0,0,0,0,1,0,0,0,0,0,0,0,0,0,0,0,0,0,0,0
64,Embassy Suites Charlotte Uptown,2018-11-01,Housekeeper/Room Care - Embassy Suites Charlotte Uptown,Hospitality & Catering Jobs,0,0,0,0,0,0,0,0,1,0,0,0,0,0,0,0,0,0,0,0,0
65,Sears Outlet Stores L.L.C.,2018-11-01,Merchandise Processor - Part Time,Retail Jobs,0,0,0,0,0,0,0,0,0,0,0,0,0,0,0,1,0,0,0,0,0
66,Sears Outlet Stores L.L.C.,2018-11-01,Retail Sales Associate-Base Pay  Commission & Bonus Potential,Retail Jobs,0,0,0,0,0,0,0,0,0,0,0,0,0,0,0,1,0,0,0,0,0
67,Duke Energy,2018-11-01,Senior Data Engineer - Artificial Intelligence,"Energy, Oil & Gas Jobs",0,0,0,0,1,0,0,0,0,0,0,0,0,0,0,0,0,0,0,0,0
68,Duke Energy,2018-11-01,Engineer III- Grid Solutions,"Energy, Oil & Gas Jobs",0,0,0,0,1,0,0,0,0,0,0,0,0,0,0,0,0,0,0,0,0
69,Duke Energy,2018-11-01,IT Security Analyst - Operational Compliance,"Energy, Oil & Gas Jobs",0,0,0,0,1,0,0,0,0,0,0,0,0,0,0,0,0,0,0,0,0
70,Duke Energy,2018-11-01,Senior Data Engineer - Hadoop,"Energy, Oil & Gas Jobs",0,0,0,0,1,0,0,0,0,0,0,0,0,0,0,0,0,0,0,0,0
71,Under Armour,2018-11-01,"Assistant Store Manager - Charlotte, NC",Retail Jobs,0,0,0,0,0,0,0,0,0,0,0,0,0,0,0,1,0,0,0,0,0
72,Duke Energy,2018-11-01,Transmission Substation Tech II,"Energy, Oil & Gas Jobs",0,0,0,0,1,0,0,0,0,0,0,0,0,0,0,0,0,0,0,0,0
73,Duke Energy,2018-11-01,Associate Data Science Consultant,"Energy, Oil & Gas Jobs",0,0,0,0,1,0,0,0,0,0,0,0,0,0,0,0,0,0,0,0,0
74,Leidos,2018-11-01,Sr Project Manager/Electric Utilities -Charlotte NC,"Energy, Oil & Gas Jobs",0,0,0,0,1,0,0,0,0,0,0,0,0,0,0,0,0,0,0,0,0
75,Leidos,2018-11-01,Associate Distribution Engineer,"Energy, Oil & Gas Jobs",0,0,0,0,1,0,0,0,0,0,0,0,0,0,0,0,0,0,0,0,0
76,Duke Energy,2018-11-01,"Associate, Business Development Manager","Energy, Oil & Gas Jobs",0,0,0,0,1,0,0,0,0,0,0,0,0,0,0,0,0,0,0,0,0
77,Duke Energy,2018-11-01,Systems Administrator-GIS,"Energy, Oil & Gas Jobs",0,0,0,0,1,0,0,0,0,0,0,0,0,0,0,0,0,0,0,0,0
78,Leidos,2018-11-01,Strategy Analyst (careC2),"Energy, Oil & Gas Jobs",0,0,0,0,1,0,0,0,0,0,0,0,0,0,0,0,0,0,0,0,0
79,BMS Unlimited,2018-11-01,""" Class A Truck Driver-Home Weekends-$1300$1800/week-Flatbed Exp Required",Unknown,0,0,0,0,0,0,0,0,0,0,0,0,0,0,0,0,0,0,0,0,1
80,LaowaiCareer,2018-11-01,Work From Home Teaching English Onlin,Teaching Jobs,0,0,0,0,0,0,0,0,0,0,0,0,0,0,0,0,0,1,0,0,0
81,Duke Energy,2018-11-01,IT Business Analyst,"Energy, Oil & Gas Jobs",0,0,0,0,1,0,0,0,0,0,0,0,0,0,0,0,0,0,0,0,0
82,Duke Energy,2018-11-01,Senior IT Audit Consultant,"Energy, Oil & Gas Jobs",0,0,0,0,1,0,0,0,0,0,0,0,0,0,0,0,0,0,0,0,0
83,Leidos,2018-11-01,careC2 Product Manager,"Energy, Oil & Gas Jobs",0,0,0,0,1,0,0,0,0,0,0,0,0,0,0,0,0,0,0,0,0
84,Duke Energy,2018-11-01,Senior IT Security Analyst,"Energy, Oil & Gas Jobs",0,0,0,0,1,0,0,0,0,0,0,0,0,0,0,0,0,0,0,0,0
85,Duke Energy,2018-11-01,Technology Evaluation Manager,"Energy, Oil & Gas Jobs",0,0,0,0,1,0,0,0,0,0,0,0,0,0,0,0,0,0,0,0,0
86,Duke Energy,2018-11-01,Renewable Control Center Coordinator,"Energy, Oil & Gas Jobs",0,0,0,0,1,0,0,0,0,0,0,0,0,0,0,0,0,0,0,0,0
87,Vipkid,2018-11-01,Part Time - Online English Teacher,Teaching Jobs,0,0,0,0,0,0,0,0,0,0,0,0,0,0,0,0,0,1,0,0,0
88,Under Armour,2018-11-01,"Part - Time Sales Teammate - Charlotte, NC",Retail Jobs,0,0,0,0,0,0,0,0,0,0,0,0,0,0,0,1,0,0,0,0,0
89,Under Armour,2018-11-01,"Part-Time Sales Leader - Charlotte, NC",Retail Jobs,0,0,0,0,0,0,0,0,0,0,0,0,0,0,0,1,0,0,0,0,0
90,Under Armour,2018-11-01,"Part - Time Stock Teammate - Charlotte, NC",Retail Jobs,0,0,0,0,0,0,0,0,0,0,0,0,0,0,0,1,0,0,0,0,0
91,Vipkid,2018-11-01,[Remote] Part-time Online Teacher,Teaching Jobs,0,0,0,0,0,0,0,0,0,0,0,0,0,0,0,0,0,1,0,0,0
92,VIPKid,2018-11-01,Online English Instructor - Remote,Teaching Jobs,0,0,0,0,0,0,0,0,0,0,0,0,0,0,0,0,0,1,0,0,0
93,WUHAO HONG KONG LIMITED,2018-11-01,Part-time online ESL teaching,Teaching Jobs,0,0,0,0,0,0,0,0,0,0,0,0,0,0,0,0,0,1,0,0,0
94,"Paradies Atlanta,LLC",2018-12-01,Replenisher/Stocker - Charlotte Douglas International Airport,Retail Jobs,0,0,0,0,0,0,0,0,0,0,0,0,0,0,0,1,0,0,0,0,0
95,"The Paradies Shops, LLC",2018-12-01,Brand Associate - Charlotte Douglas International Airport,Retail Jobs,0,0,0,0,0,0,0,0,0,0,0,0,0,0,0,1,0,0,0,0,0
96,"Paradies Atlanta,LLC",2018-12-01,Retail Supervisor - Charlotte Douglas International Airport,Retail Jobs,0,0,0,0,0,0,0,0,0,0,0,0,0,0,0,1,0,0,0,0,0
97,"The Paradies Shops, LLC",2018-12-01,Assistant General Manager - Airport Retail - Multi Unit,Retail Jobs,0,0,0,0,0,0,0,0,0,0,0,0,0,0,0,1,0,0,0,0,0
98,VIPKid,2018-12-01,Online ESL Instructor - Remote,Teaching Jobs,0,0,0,0,0,0,0,0,0,0,0,0,0,0,0,0,0,1,0,0,0
99,HomeTeam Pest Defense,2018-12-01,Outside Service Technician,"PR, Advertising & Marketing Jobs",0,0,0,0,0,0,0,0,0,0,0,0,0,1,0,0,0,0,0,0,0
100,HomeTeam Pest Defense,2018-12-01,Outside Sales Representative,"PR, Advertising & Marketing Jobs",0,0,0,0,0,0,0,0,0,0,0,0,0,1,0,0,0,0,0,0,0
101,Orkin,2018-12-01,Outside Sales Professional,"PR, Advertising & Marketing Jobs",0,0,0,0,0,0,0,0,0,0,0,0,0,1,0,0,0,0,0,0,0
102,Orkin,2018-12-01,Customer Service Specialist,"PR, Advertising & Marketing Jobs",0,0,0,0,0,0,0,0,0,0,0,0,0,1,0,0,0,0,0,0,0
103,Transn IOL Technology Co..Ltd,2018-12-01,Comics Translation: Chinese-Spanish,Other/General Jobs,0,0,0,0,0,0,0,0,0,0,0,0,1,0,0,0,0,0,0,0,0
104,New York Life,2018-12-01,Entry Level Financial Professional,Sales Jobs,0,0,0,0,0,0,0,0,0,0,0,0,0,0,0,0,1,0,0,0,0
105,TruTech Wildlife Services,2018-12-01,Wildlife Route Specialist,"PR, Advertising & Marketing Jobs",0,0,0,0,0,0,0,0,0,0,0,0,0,1,0,0,0,0,0,0,0
106,Piedmont Plastics,2018-12-01,Business Development - Performance Glazing Specialist,Logistics & Warehouse Jobs,0,0,0,0,0,0,0,0,0,0,1,0,0,0,0,0,0,0,0,0,0
107,Piedmont Plastics,2018-12-01,C# Application Developer/Programmer,Logistics & Warehouse Jobs,0,0,0,0,0,0,0,0,0,0,1,0,0,0,0,0,0,0,0,0,0
108,VIPKid,2018-12-01,Online English Teacher for Children,Teaching Jobs,0,0,0,0,0,0,0,0,0,0,0,0,0,0,0,0,0,1,0,0,0
109,Riverside Millwork,2018-12-01,Custom Millwork Worker,Unknown,0,0,0,0,0,0,0,0,0,0,0,0,0,0,0,0,0,0,0,0,1
110,Riverside Millwork,2018-12-01,CNC Woodworking Operator,Unknown,0,0,0,0,0,0,0,0,0,0,0,0,0,0,0,0,0,0,0,0,1
111,Riverside Millwork,2018-12-01,Insulated Glass Technican,Unknown,0,0,0,0,0,0,0,0,0,0,0,0,0,0,0,0,0,0,0,0,1
112,Riverside Millwork,2018-12-01,AR/AP Specialist,Unknown,0,0,0,0,0,0,0,0,0,0,0,0,0,0,0,0,0,0,0,0,1
113,Dachser USA Air & Sea Logistics Inc.,2018-12-01,Accounting Specialist,Logistics & Warehouse Jobs,0,0,0,0,0,0,0,0,0,0,1,0,0,0,0,0,0,0,0,0,0
114,Brown Trucking,2018-12-01,Driver Recruiter,Logistics & Warehouse Jobs,0,0,0,0,0,0,0,0,0,0,1,0,0,0,0,0,0,0,0,0,0
115,Dachser USA Air & Sea Logistics Inc.,2018-12-01,Air Import Specialist,Logistics & Warehouse Jobs,0,0,0,0,0,0,0,0,0,0,1,0,0,0,0,0,0,0,0,0,0
116,TARGET CORPORATION,2018-12-01,Beauty Team Member,Retail Jobs,0,0,0,0,0,0,0,0,0,0,0,0,0,0,0,1,0,0,0,0,0
117,"JAS Forwarding , Inc.",2018-12-01,Customs Entry Specialist,Logistics & Warehouse Jobs,0,0,0,0,0,0,0,0,0,0,1,0,0,0,0,0,0,0,0,0,0
118,Dachser USA Air & Sea Logistics Inc.,2018-12-01,Customs House Brokerage Specialist,Logistics & Warehouse Jobs,0,0,0,0,0,0,0,0,0,0,1,0,0,0,0,0,0,0,0,0,0
119,"JAS Forwarding , Inc.",2018-12-01,Branch Manager,Logistics & Warehouse Jobs,0,0,0,0,0,0,0,0,0,0,1,0,0,0,0,0,0,0,0,0,0
120,青尚国际,2018-12-01,$15 - $25/hr on-line teacher,"PR, Advertising & Marketing Jobs",0,0,0,0,0,0,0,0,0,0,0,0,0,1,0,0,0,0,0,0,0
121,BCG Attorney Search,2018-12-01,Mid-level Litigation Associate Attorney,"PR, Advertising & Marketing Jobs",0,0,0,0,0,0,0,0,0,0,0,0,0,1,0,0,0,0,0,0,0
122,Robert Half International,2018-12-01,"Staffing Executive, Robert Half Technology - Charlotte","PR, Advertising & Marketing Jobs",0,0,0,0,0,0,0,0,0,0,0,0,0,1,0,0,0,0,0,0,0
123,Robert Half International,2018-12-01,"Recruiting Manager, Robert Half Technology - Charlotte","PR, Advertising & Marketing Jobs",0,0,0,0,0,0,0,0,0,0,0,0,0,1,0,0,0,0,0,0,0
124,UNC Charlotte,2018-12-01,Architect,Engineering Jobs,0,0,0,0,0,1,0,0,0,0,0,0,0,0,0,0,0,0,0,0,0
125,Boston Market | Boston Market Corporation,2018-12-01,Assistant GM - Restaurant,HR & Recruitment Jobs,0,0,0,0,0,0,1,0,0,0,0,0,0,0,0,0,0,0,0,0,0
126,CTG,2018-12-01,CALL CENTER REPRESENTATIVE - 18213679,IT Jobs,0,0,0,0,0,0,0,0,0,1,0,0,0,0,0,0,0,0,0,0,0
127,UNC Charlotte,2018-12-01,Business and Technology Application Specialist,Engineering Jobs,0,0,0,0,0,1,0,0,0,0,0,0,0,0,0,0,0,0,0,0,0
128,"Francesca's Collections, Inc.",2018-12-01,Key Holder,"PR, Advertising & Marketing Jobs",0,0,0,0,0,0,0,0,0,0,0,0,0,1,0,0,0,0,0,0,0
129,BCG Attorney Search,2018-12-01,Defense Attorney,"PR, Advertising & Marketing Jobs",0,0,0,0,0,0,0,0,0,0,0,0,0,1,0,0,0,0,0,0,0
130,BCG Attorney Search,2018-12-01,Intellectual Property Associate Attorney,"PR, Advertising & Marketing Jobs",0,0,0,0,0,0,0,0,0,0,0,0,0,1,0,0,0,0,0,0,0
131,Francesca's Service Corporation,2018-12-01,Key Holder - Future Opportunities,"PR, Advertising & Marketing Jobs",0,0,0,0,0,0,0,0,0,0,0,0,0,1,0,0,0,0,0,0,0
132,Corvid Technologies,2018-12-01,Aerospace Engineer - Motorsports Support,Engineering Jobs,0,0,0,0,0,1,0,0,0,0,0,0,0,0,0,0,0,0,0,0,0
133,U.S. Renal Care,2018-12-01,RN Charge Nurse,"PR, Advertising & Marketing Jobs",0,0,0,0,0,0,0,0,0,0,0,0,0,1,0,0,0,0,0,0,0
135,"Francesca's Collections, Inc.",2018-12-01,Assistant Store Manager - Future Opportunities,"PR, Advertising & Marketing Jobs",0,0,0,0,0,0,0,0,0,0,0,0,0,1,0,0,0,0,0,0,0
136,Francesca's Service Corporation,2018-12-01,Assistant Store Manager - Future Opportunities,"PR, Advertising & Marketing Jobs",0,0,0,0,0,0,0,0,0,0,0,0,0,1,0,0,0,0,0,0,0
137,"D.R. Horton, Inc.",2018-12-01,Junior Sales Representative,Trade & Construction Jobs,0,0,0,0,0,0,0,0,0,0,0,0,0,0,0,0,0,0,1,0,0
138,Orkin,2018-12-01,Region Sales Manager,"PR, Advertising & Marketing Jobs",0,0,0,0,0,0,0,0,0,0,0,0,0,1,0,0,0,0,0,0,0
139,Sunrise Systems Inc,2018-12-01,SAP Architect,Engineering Jobs,0,0,0,0,0,1,0,0,0,0,0,0,0,0,0,0,0,0,0,0,0
140,"Waste Connections US, Inc",2018-12-01,Operations Supervisor,Travel Jobs,0,0,0,0,0,0,0,0,0,0,0,0,0,0,0,0,0,0,0,1,0
141,Boehringer Ingelheim,2018-12-01,"IPF MSL/AD, Medical Science Liaison, North Carolina & South Carolina",Healthcare & Nursing Jobs,0,0,0,0,0,0,0,1,0,0,0,0,0,0,0,0,0,0,0,0,0
142,Canada Survey Job,2018-12-01,Data Entry Clerk - Customer Service - Work from Home,"PR, Advertising & Marketing Jobs",0,0,0,0,0,0,0,0,0,0,0,0,0,1,0,0,0,0,0,0,0
143,"MVM, Inc.",2018-12-01,"Spanish Linguist - Charlotte, NC",Admin Jobs,1,0,0,0,0,0,0,0,0,0,0,0,0,0,0,0,0,0,0,0,0
144,AXA,2018-12-01,Programmer,"PR, Advertising & Marketing Jobs",0,0,0,0,0,0,0,0,0,0,0,0,0,1,0,0,0,0,0,0,0
145,Colas,2018-12-01,Bridge Foreman,Trade & Construction Jobs,0,0,0,0,0,0,0,0,0,0,0,0,0,0,0,0,0,0,1,0,0
146,"Waste Connections US, Inc",2018-12-01,Container Shop Welder,Travel Jobs,0,0,0,0,0,0,0,0,0,0,0,0,0,0,0,0,0,0,0,1,0
147,"Waste Connections US, Inc",2018-12-01,Container Shop Repair Lead,Travel Jobs,0,0,0,0,0,0,0,0,0,0,0,0,0,0,0,0,0,0,0,1,0
148,U.S. Renal Care,2018-12-01,PCT PRN,"PR, Advertising & Marketing Jobs",0,0,0,0,0,0,0,0,0,0,0,0,0,1,0,0,0,0,0,0,0
149,Best Buy,2018-12-01,Connected Devices Sales Consultant,"PR, Advertising & Marketing Jobs",0,0,0,0,0,0,0,0,0,0,0,0,0,1,0,0,0,0,0,0,0
150,Pitney Bowes,2018-12-01,1st shift LEAD,"PR, Advertising & Marketing Jobs",0,0,0,0,0,0,0,0,0,0,0,0,0,1,0,0,0,0,0,0,0
151,UsaSurveyJob,2018-12-01,Work at Home Data Entry Clerk,"PR, Advertising & Marketing Jobs",0,0,0,0,0,0,0,0,0,0,0,0,0,1,0,0,0,0,0,0,0
152,The Door Escape Room,2018-12-01,Escape Room Game Master,"PR, Advertising & Marketing Jobs",0,0,0,0,0,0,0,0,0,0,0,0,0,1,0,0,0,0,0,0,0
153,Usa Survey Job,2018-12-01,Work from Home - Data Entry Clerk,Admin Jobs,1,0,0,0,0,0,0,0,0,0,0,0,0,0,0,0,0,0,0,0,0
154,Usa Survey Job,2018-12-01,Work at Home - Administrative Assistant,Admin Jobs,1,0,0,0,0,0,0,0,0,0,0,0,0,0,0,0,0,0,0,0,0
155,Usa Survey Job,2018-12-01,Data Entry - Part Time,Admin Jobs,1,0,0,0,0,0,0,0,0,0,0,0,0,0,0,0,0,0,0,0,0
156,Usa Survey Job,2018-12-01,Customer Service Agent - Work from Home,Admin Jobs,1,0,0,0,0,0,0,0,0,0,0,0,0,0,0,0,0,0,0,0,0
157,Usa Survey Job,2018-12-01,work at home data entry,Admin Jobs,1,0,0,0,0,0,0,0,0,0,0,0,0,0,0,0,0,0,0,0,0
158,Usa Survey Job,2018-12-01,Customer Service Representative,Admin Jobs,1,0,0,0,0,0,0,0,0,0,0,0,0,0,0,0,0,0,0,0,0
159,"XPO Logistics, Inc.",2018-12-01,Sr. HRIT Project Manager - HRIT,Logistics & Warehouse Jobs,0,0,0,0,0,0,0,0,0,0,1,0,0,0,0,0,0,0,0,0,0
160,Pink Cursive Luxury Kids Spa,2018-12-01,Glam Squad Member,Unknown,0,0,0,0,0,0,0,0,0,0,0,0,0,0,0,0,0,0,0,0,1
161,Robert Half International,2018-12-01,Robert Half Management Resources Client Service Director (Outside)- Charlotte,"PR, Advertising & Marketing Jobs",0,0,0,0,0,0,0,0,0,0,0,0,0,1,0,0,0,0,0,0,0
162,Robert Half International,2018-12-01,"Recruiting Manager, The Creative Group - Charlotte","PR, Advertising & Marketing Jobs",0,0,0,0,0,0,0,0,0,0,0,0,0,1,0,0,0,0,0,0,0
163,A Bridge to Achievement,2018-12-01,Board Certified Behavior Analyst (BCBA),Healthcare & Nursing Jobs,0,0,0,0,0,0,0,1,0,0,0,0,0,0,0,0,0,0,0,0,0
164,Adex Telecom,2018-12-01,"Field Tech I - Charlotte, NC",IT Jobs,0,0,0,0,0,0,0,0,0,1,0,0,0,0,0,0,0,0,0,0,0
165,UNC Charlotte,2018-12-01,Assistant Professor of Trumpet,HR & Recruitment Jobs,0,0,0,0,0,0,1,0,0,0,0,0,0,0,0,0,0,0,0,0,0
166,RingCentral,2018-12-01,"Account Executive, SMB",IT Jobs,0,0,0,0,0,0,0,0,0,1,0,0,0,0,0,0,0,0,0,0,0
167,Penske,2018-12-01,Customer Service Representative (Fueler/Washer/Detailer),Logistics & Warehouse Jobs,0,0,0,0,0,0,0,0,0,0,1,0,0,0,0,0,0,0,0,0,0
168,Premier Transportation,2019-01-01,"Tractor & Trailer Mechanics Needed - $ 1,000.00 Sign on Bonus",Logistics & Warehouse Jobs,0,0,0,0,0,0,0,0,0,0,1,0,0,0,0,0,0,0,0,0,0
169,A Smart Cookie,2019-01-01,Kiosk Sales Manager,Unknown,0,0,0,0,0,0,0,0,0,0,0,0,0,0,0,0,0,0,0,0,1
170,Interstate Truck Center,2019-01-01,Mobile Truck and Trailer Technician,Unknown,0,0,0,0,0,0,0,0,0,0,0,0,0,0,0,0,0,0,0,0,1
171,A Smart Cookie,2019-01-01,Kitchen Assistant,Unknown,0,0,0,0,0,0,0,0,0,0,0,0,0,0,0,0,0,0,0,0,1
172,BCG Attorney Search,2019-01-01,Title and Survey Attorney,"PR, Advertising & Marketing Jobs",0,0,0,0,0,0,0,0,0,0,0,0,0,1,0,0,0,0,0,0,0
173,Robert Half International,2019-01-01,"Recruiting Manager RH Finance and Accounting - Charlotte, NC","PR, Advertising & Marketing Jobs",0,0,0,0,0,0,0,0,0,0,0,0,0,1,0,0,0,0,0,0,0
174,Zero Waste Recycling,2019-01-01,General Laborer,Logistics & Warehouse Jobs,0,0,0,0,0,0,0,0,0,0,1,0,0,0,0,0,0,0,0,0,0
175,TalentBridge,2019-01-01,Marketing Director,Healthcare & Nursing Jobs,0,0,0,0,0,0,0,1,0,0,0,0,0,0,0,0,0,0,0,0,0
176,"XPO Logistics, Inc.",2019-01-01,Lead IT Service Continuity Specialist,Logistics & Warehouse Jobs,0,0,0,0,0,0,0,0,0,0,1,0,0,0,0,0,0,0,0,0,0
177,UsaSurveyJob,2019-01-01,Data Entry Clerk - Work from Home,Retail Jobs,0,0,0,0,0,0,0,0,0,0,0,0,0,0,0,1,0,0,0,0,0
178,AXA,2019-01-01,Life Operations Development Program - Call Center Associate,"PR, Advertising & Marketing Jobs",0,0,0,0,0,0,0,0,0,0,0,0,0,1,0,0,0,0,0,0,0
179,"WYN Consultants   Charlotte, NC Client",2019-01-01,IT Integration Manager,Engineering Jobs,0,0,0,0,0,1,0,0,0,0,0,0,0,0,0,0,0,0,0,0,0
180,Passaic Schools,2019-01-01,Administrative Assistant I,Admin Jobs,1,0,0,0,0,0,0,0,0,0,0,0,0,0,0,0,0,0,0,0,0
181,"Bedrock Properties, LLC",2019-01-01,Real Estate Opportunity,Property Jobs,0,0,0,0,0,0,0,0,0,0,0,0,0,0,1,0,0,0,0,0,0
182,1900 Mexican Grill & Tequila Bar,2019-01-01,Server/Waitstaff,Logistics & Warehouse Jobs,0,0,0,0,0,0,0,0,0,0,1,0,0,0,0,0,0,0,0,0,0
183,"XPO Logistics, Inc.",2019-01-01,Senior Strategic Pricing Analyst,Logistics & Warehouse Jobs,0,0,0,0,0,0,0,0,0,0,1,0,0,0,0,0,0,0,0,0,0
184,"XPO Logistics, Inc.",2019-01-01,Curriculum Program Manager,Logistics & Warehouse Jobs,0,0,0,0,0,0,0,0,0,0,1,0,0,0,0,0,0,0,0,0,0
185,"XPO Logistics, Inc.",2019-01-01,Director of Business Development,Logistics & Warehouse Jobs,0,0,0,0,0,0,0,0,0,0,1,0,0,0,0,0,0,0,0,0,0
186,Express,2019-01-01,Store Associate - Charlotte Premium,Retail Jobs,0,0,0,0,0,0,0,0,0,0,0,0,0,0,0,1,0,0,0,0,0
187,Dasmen Residential,2019-01-01,Assistant Property Manager - Training,Unknown,0,0,0,0,0,0,0,0,0,0,0,0,0,0,0,0,0,0,0,0,1
188,"Waste Connections US, Inc",2019-01-01,Residential Driver,Travel Jobs,0,0,0,0,0,0,0,0,0,0,0,0,0,0,0,0,0,0,0,1,0
189,infosys,2019-01-01,Technology Lead - US,Property Jobs,0,0,0,0,0,0,0,0,0,0,0,0,0,0,1,0,0,0,0,0,0
190,infosys,2019-01-01,Project Manager - US,Property Jobs,0,0,0,0,0,0,0,0,0,0,0,0,0,0,1,0,0,0,0,0,0
191,Driven Brands,2019-01-01,Sr Infrastructure Engineer,Manufacturing Jobs,0,0,0,0,0,0,0,0,0,0,0,1,0,0,0,0,0,0,0,0,0
192,HomeTeam Pest Defense,2019-01-01,Termite Technician,"PR, Advertising & Marketing Jobs",0,0,0,0,0,0,0,0,0,0,0,0,0,1,0,0,0,0,0,0,0
193,Best Buy,2019-01-01,Sales Consultant - Comp,"PR, Advertising & Marketing Jobs",0,0,0,0,0,0,0,0,0,0,0,0,0,1,0,0,0,0,0,0,0
194,Best Buy,2019-01-01,Best Buy Mobile Sales Consultant,"PR, Advertising & Marketing Jobs",0,0,0,0,0,0,0,0,0,0,0,0,0,1,0,0,0,0,0,0,0
195,Duke Energy,2019-01-01,Executive Assistant II - Global Risk Management & Insurance,Admin Jobs,1,0,0,0,0,0,0,0,0,0,0,0,0,0,0,0,0,0,0,0,0
196,Best In The Carolinas,2019-01-01,Closing Coordinator - Administrative Assistant,Property Jobs,0,0,0,0,0,0,0,0,0,0,0,0,0,0,1,0,0,0,0,0,0
197,Saturn Freight Systems,2019-01-01,Transportation Sales Professionals - Full-Time & P/T - Home Office - Salary W/Comm. or Comm. Only,Logistics & Warehouse Jobs,0,0,0,0,0,0,0,0,0,0,1,0,0,0,0,0,0,0,0,0,0
198,"XPO Logistics, Inc.",2019-01-01,"Sr. Manager, HR Technology - Audit and Compliance",Logistics & Warehouse Jobs,0,0,0,0,0,0,0,0,0,0,1,0,0,0,0,0,0,0,0,0,0
199,"XPO Logistics, Inc.",2019-01-01,Carrier Procurement Representative,Logistics & Warehouse Jobs,0,0,0,0,0,0,0,0,0,0,1,0,0,0,0,0,0,0,0,0,0
200,Core & Main,2019-01-01,Fusion Technician I,Logistics & Warehouse Jobs,0,0,0,0,0,0,0,0,0,0,1,0,0,0,0,0,0,0,0,0,0
201,"XPO Logistics, Inc.",2019-01-01,Account Executive,Logistics & Warehouse Jobs,0,0,0,0,0,0,0,0,0,0,1,0,0,0,0,0,0,0,0,0,0
202,Best Buy,2019-01-01,Best Buy Sales Consultant – Lifestyles,"PR, Advertising & Marketing Jobs",0,0,0,0,0,0,0,0,0,0,0,0,0,1,0,0,0,0,0,0,0
203,Federal Reserve Bank ,2019-01-01,Administrative Assistant Senior Charlotte Branch,"PR, Advertising & Marketing Jobs",0,0,0,0,0,0,0,0,0,0,0,0,0,1,0,0,0,0,0,0,0
204,AXA,2019-01-01,"Senior Manager, Systems Analysis","PR, Advertising & Marketing Jobs",0,0,0,0,0,0,0,0,0,0,0,0,0,1,0,0,0,0,0,0,0
205,Robert Half International,2019-01-01,"Recruiting Manager, Robert Half Technology - Charlotte","PR, Advertising & Marketing Jobs",0,0,0,0,0,0,0,0,0,0,0,0,0,1,0,0,0,0,0,0,0
208,Best Buy,2019-01-01,Computing Sales Consultant,"PR, Advertising & Marketing Jobs",0,0,0,0,0,0,0,0,0,0,0,0,0,1,0,0,0,0,0,0,0
210,Impark,2019-01-01,Parking Enforcement Agent Part-Time,"PR, Advertising & Marketing Jobs",0,0,0,0,0,0,0,0,0,0,0,0,0,1,0,0,0,0,0,0,0
211,Erie Insurance,2019-01-01,District Sales Manager Trainee,"PR, Advertising & Marketing Jobs",0,0,0,0,0,0,0,0,0,0,0,0,0,1,0,0,0,0,0,0,0
213,infosys,2019-01-01,Technology Analyst - US,Property Jobs,0,0,0,0,0,0,0,0,0,0,0,0,0,0,1,0,0,0,0,0,0
214,infosys,2019-01-01,Lead Consultant - US,Other/General Jobs,0,0,0,0,0,0,0,0,0,0,0,0,1,0,0,0,0,0,0,0,0
215,"FABERGENT, INC.",2019-01-01,SQL Database Analyst,IT Jobs,0,0,0,0,0,0,0,0,0,1,0,0,0,0,0,0,0,0,0,0,0
216,Ferguson,2019-01-01,Delivery Driver - Non CDL - No Overnights/No Weekends,"PR, Advertising & Marketing Jobs",0,0,0,0,0,0,0,0,0,0,0,0,0,1,0,0,0,0,0,0,0
217,AXA,2019-01-01,Head of Field Service and Account Engagement,"PR, Advertising & Marketing Jobs",0,0,0,0,0,0,0,0,0,0,0,0,0,1,0,0,0,0,0,0,0
218,AXA,2019-01-01,Administrative Assistant - Legal Department,"PR, Advertising & Marketing Jobs",0,0,0,0,0,0,0,0,0,0,0,0,0,1,0,0,0,0,0,0,0
220,Emerson Electric Co,2019-01-01,Associate Field Engineer,"PR, Advertising & Marketing Jobs",0,0,0,0,0,0,0,0,0,0,0,0,0,1,0,0,0,0,0,0,0
222,McKesson,2019-01-01,Regional Account Manager – Field Sales,"PR, Advertising & Marketing Jobs",0,0,0,0,0,0,0,0,0,0,0,0,0,1,0,0,0,0,0,0,0
223,"XPO Logistics, Inc.",2019-01-01,Splunk Security Engineer II,Logistics & Warehouse Jobs,0,0,0,0,0,0,0,0,0,0,1,0,0,0,0,0,0,0,0,0,0
224,The Doral Recruiting Group,2019-01-01,Underwriter,"PR, Advertising & Marketing Jobs",0,0,0,0,0,0,0,0,0,0,0,0,0,1,0,0,0,0,0,0,0
225,MASC Medical Recruitment Firm,2019-01-01,Dermatologist,HR & Recruitment Jobs,0,0,0,0,0,0,1,0,0,0,0,0,0,0,0,0,0,0,0,0,0
226,Best Buy,2019-01-01,NIKON EXPERIENCE EXPERT,"PR, Advertising & Marketing Jobs",0,0,0,0,0,0,0,0,0,0,0,0,0,1,0,0,0,0,0,0,0
227,XPO Logistics,2019-01-01,Internal Auditor,Consultancy Jobs,0,0,1,0,0,0,0,0,0,0,0,0,0,0,0,0,0,0,0,0,0
228,Logistic Dynamics Inc.,2019-01-01,Freight Broker Agent - Experience Required,Logistics & Warehouse Jobs,0,0,0,0,0,0,0,0,0,0,1,0,0,0,0,0,0,0,0,0,0
229,Premier Transportation,2019-01-01,Data Quality Manager,Logistics & Warehouse Jobs,0,0,0,0,0,0,0,0,0,0,1,0,0,0,0,0,0,0,0,0,0
230,AXA,2019-01-01,Sr. Associate – Branch Support,"PR, Advertising & Marketing Jobs",0,0,0,0,0,0,0,0,0,0,0,0,0,1,0,0,0,0,0,0,0
231,Source2 LLC,2019-01-01,Roadway Project Manager,"PR, Advertising & Marketing Jobs",0,0,0,0,0,0,0,0,0,0,0,0,0,1,0,0,0,0,0,0,0
232,Robert Half International,2019-01-01,"Division Director AT Rotation- Charlotte South, NC","PR, Advertising & Marketing Jobs",0,0,0,0,0,0,0,0,0,0,0,0,0,1,0,0,0,0,0,0,0
233,BLKTECH Interactive,2019-01-01,Product Specialist,Unknown,0,0,0,0,0,0,0,0,0,0,0,0,0,0,0,0,0,0,0,0,1
234,BLKTECH Interactive,2019-01-01,UX/UI Designer,Unknown,0,0,0,0,0,0,0,0,0,0,0,0,0,0,0,0,0,0,0,0,1
235,Tyler Search Consultants,2019-01-01,Export Compliance Administrator 5567,Logistics & Warehouse Jobs,0,0,0,0,0,0,0,0,0,0,1,0,0,0,0,0,0,0,0,0,0
236,"The Paradies Shops, LLC",2019-01-01,Sales Associate/Cashier - Charlotte Douglas International Airport,Retail Jobs,0,0,0,0,0,0,0,0,0,0,0,0,0,0,0,1,0,0,0,0,0
237,Dane Street,2019-01-01,IME Local Account Manager,Other/General Jobs,0,0,0,0,0,0,0,0,0,0,0,0,1,0,0,0,0,0,0,0,0
238,Oakwood Worldwide,2019-01-01,Housekeeping Supervisor,Hospitality & Catering Jobs,0,0,0,0,0,0,0,0,1,0,0,0,0,0,0,0,0,0,0,0,0
239,"Publix Super Markets, Inc.",2019-01-01,"Refrigeration Coord. 2, Facilities Services - Horry County, SC",Retail Jobs,0,0,0,0,0,0,0,0,0,0,0,0,0,0,0,1,0,0,0,0,0
240,AXA,2019-01-01,"Director - Project Management, Finance Business Operations","PR, Advertising & Marketing Jobs",0,0,0,0,0,0,0,0,0,0,0,0,0,1,0,0,0,0,0,0,0
241,WellCare,2019-01-01,"Director, Provider Relations",Healthcare & Nursing Jobs,0,0,0,0,0,0,0,1,0,0,0,0,0,0,0,0,0,0,0,0,0
242,Infosys,2019-01-01,Technology Analyst - US,Property Jobs,0,0,0,0,0,0,0,0,0,0,0,0,0,0,1,0,0,0,0,0,0
243,"XPO Logistics, Inc.",2019-01-01,Intern,Travel Jobs,0,0,0,0,0,0,0,0,0,0,0,0,0,0,0,0,0,0,0,1,0
244,"XPO Logistics, Inc.",2019-01-01,Federal Tax Analyst,Travel Jobs,0,0,0,0,0,0,0,0,0,0,0,0,0,0,0,0,0,0,0,1,0
245,Best Buy,2019-01-01,Geek Squad Consultation Agent,"PR, Advertising & Marketing Jobs",0,0,0,0,0,0,0,0,0,0,0,0,0,1,0,0,0,0,0,0,0
246,Byers Engineering,2019-01-01,Permitting Specialist,IT Jobs,0,0,0,0,0,0,0,0,0,1,0,0,0,0,0,0,0,0,0,0,0
247,Charlotte Mecklenburg Schools,2019-01-01,"Secretary, 10 mos (2018/2019)",Admin Jobs,1,0,0,0,0,0,0,0,0,0,0,0,0,0,0,0,0,0,0,0,0
248,The Arc of North Carolina,2019-01-01,Assistant Regional Director,Hospitality & Catering Jobs,0,0,0,0,0,0,0,0,1,0,0,0,0,0,0,0,0,0,0,0,0
249,"Roll Recruitment, LLC",2019-01-01,Ocean Freight Manager - Import/Export,Logistics & Warehouse Jobs,0,0,0,0,0,0,0,0,0,0,1,0,0,0,0,0,0,0,0,0,0
250,Premier National Inc.,2019-01-01,General Manager Freight Brokerage,Logistics & Warehouse Jobs,0,0,0,0,0,0,0,0,0,0,1,0,0,0,0,0,0,0,0,0,0
251,"XPO Logistics, Inc.",2019-01-01,Logistics Coordinator - 1st Shift,Logistics & Warehouse Jobs,0,0,0,0,0,0,0,0,0,0,1,0,0,0,0,0,0,0,0,0,0
252,"XPO Logistics, Inc.",2019-01-01,Manager International Tax,Logistics & Warehouse Jobs,0,0,0,0,0,0,0,0,0,0,1,0,0,0,0,0,0,0,0,0,0
253,"Roll Recruitment, LLC",2019-01-01,"Operations Director - Oversight of Ocean, Air, Import/Export, CHB, Warehouse, Domestic and Sales",Logistics & Warehouse Jobs,0,0,0,0,0,0,0,0,0,0,1,0,0,0,0,0,0,0,0,0,0
254,"XPO Logistics, Inc.",2019-01-01,Freight Operations Supervisor,Logistics & Warehouse Jobs,0,0,0,0,0,0,0,0,0,0,1,0,0,0,0,0,0,0,0,0,0
255,Isl Techsolutions Inc,2019-01-01,SAS Programmer with Insurance background,IT Jobs,0,0,0,0,0,0,0,0,0,1,0,0,0,0,0,0,0,0,0,0,0
256,Orkin,2019-01-01,Commercial Pest Control Technician,"PR, Advertising & Marketing Jobs",0,0,0,0,0,0,0,0,0,0,0,0,0,1,0,0,0,0,0,0,0
257,TruckerTime Xpress,2019-01-01,Regional CDL-A Driver Needed,HR & Recruitment Jobs,0,0,0,0,0,0,1,0,0,0,0,0,0,0,0,0,0,0,0,0,0
258,Zynex Medical,2019-01-01,Sales Representative,Healthcare & Nursing Jobs,0,0,0,0,0,0,0,1,0,0,0,0,0,0,0,0,0,0,0,0,0
259,Nord Gear Corporation,2019-01-01,Customer Service - NC,Manufacturing Jobs,0,0,0,0,0,0,0,0,0,0,0,1,0,0,0,0,0,0,0,0,0
260,Metrolina Nephrology Associates,2019-01-01,Medical Assistant 1,"PR, Advertising & Marketing Jobs",0,0,0,0,0,0,0,0,0,0,0,0,0,1,0,0,0,0,0,0,0
261,"ERM NC, Inc.",2019-01-01,Environmental Field Technician - Wastewater (Entry Level),"PR, Advertising & Marketing Jobs",0,0,0,0,0,0,0,0,0,0,0,0,0,1,0,0,0,0,0,0,0
262,Tailored Brands,2019-01-01,Retail Store Assistant Manager,"PR, Advertising & Marketing Jobs",0,0,0,0,0,0,0,0,0,0,0,0,0,1,0,0,0,0,0,0,0
263,"USA   Smith & Nephew, Inc.",2019-01-01,"Robotics Account Representative - Charlotte, NC",Healthcare & Nursing Jobs,0,0,0,0,0,0,0,1,0,0,0,0,0,0,0,0,0,0,0,0,0
264,McKesson,2019-01-01,Post Acute Care Account Manager - Charlotte,"PR, Advertising & Marketing Jobs",0,0,0,0,0,0,0,0,0,0,0,0,0,1,0,0,0,0,0,0,0
265,McNICHOLS,2019-01-01,Welder Generalist,Manufacturing Jobs,0,0,0,0,0,0,0,0,0,0,0,1,0,0,0,0,0,0,0,0,0
266,Valeant,2019-01-01,"Vision Care Regional Business Director, North/South Carolina","PR, Advertising & Marketing Jobs",0,0,0,0,0,0,0,0,0,0,0,0,0,1,0,0,0,0,0,0,0
267,"Roll Recruitment, LLC",2019-01-01,CHB Manager - Licensed Customs House Broker Required,Logistics & Warehouse Jobs,0,0,0,0,0,0,0,0,0,0,1,0,0,0,0,0,0,0,0,0,0
268,Salem Carriers,2019-01-01,Fleet Diesel Mechanic,Logistics & Warehouse Jobs,0,0,0,0,0,0,0,0,0,0,1,0,0,0,0,0,0,0,0,0,0
269,Premier Transportation,2019-01-01,Warehouse Dock Supervisor,Logistics & Warehouse Jobs,0,0,0,0,0,0,0,0,0,0,1,0,0,0,0,0,0,0,0,0,0
270,Concrete Strategies,2019-01-01,Traveling Commercial Concrete Foreman (Tilt Up),Unknown,0,0,0,0,0,0,0,0,0,0,0,0,0,0,0,0,0,0,0,0,1
271,Pitney Bowes,2019-01-01,3rd shift DISPATCH,"PR, Advertising & Marketing Jobs",0,0,0,0,0,0,0,0,0,0,0,0,0,1,0,0,0,0,0,0,0
272,Pitney Bowes,2019-01-01,3rd shift OPERATOR,"PR, Advertising & Marketing Jobs",0,0,0,0,0,0,0,0,0,0,0,0,0,1,0,0,0,0,0,0,0
273,Pitney Bowes,2019-01-01,3rd shift LEAD,"PR, Advertising & Marketing Jobs",0,0,0,0,0,0,0,0,0,0,0,0,0,1,0,0,0,0,0,0,0
274,Avail Vapor LLC,2019-01-01,Assistant Sales Manager,Retail Jobs,0,0,0,0,0,0,0,0,0,0,0,0,0,0,0,1,0,0,0,0,0
275,Infosys,2019-01-01,Technology Lead - US,Customer Services Jobs,0,0,0,1,0,0,0,0,0,0,0,0,0,0,0,0,0,0,0,0,0
276,MSA Security,2019-01-01,Explosive Detection Canine Handler,"PR, Advertising & Marketing Jobs",0,0,0,0,0,0,0,0,0,0,0,0,0,1,0,0,0,0,0,0,0
277,EF English First,2019-01-01,English Teacher - Work Abroad with Upfront Paid Flights - No Experience Required,Teaching Jobs,0,0,0,0,0,0,0,0,0,0,0,0,0,0,0,0,0,1,0,0,0
278,Best Buy,2019-01-01,Major Appliance Customer Service Specialist,"PR, Advertising & Marketing Jobs",0,0,0,0,0,0,0,0,0,0,0,0,0,1,0,0,0,0,0,0,0
279,Best Buy,2019-01-01,Project Team Specialist - Overnight,"PR, Advertising & Marketing Jobs",0,0,0,0,0,0,0,0,0,0,0,0,0,1,0,0,0,0,0,0,0
280,EF English First,2019-01-01,English Teacher - Teach English in China,Teaching Jobs,0,0,0,0,0,0,0,0,0,0,0,0,0,0,0,0,0,1,0,0,0
281,BLKTECH Interactive,2019-01-01,DevOps,Unknown,0,0,0,0,0,0,0,0,0,0,0,0,0,0,0,0,0,0,0,0,1
282,BLKTECH Interactive,2019-01-01,Scrum Master,Unknown,0,0,0,0,0,0,0,0,0,0,0,0,0,0,0,0,0,0,0,0,1
283,BLKTECH Interactive,2019-01-01,Business Systems Analyst,Unknown,0,0,0,0,0,0,0,0,0,0,0,0,0,0,0,0,0,0,0,0,1
284,HD Supply,2019-01-01,Warehouse Associate I,Logistics & Warehouse Jobs,0,0,0,0,0,0,0,0,0,0,1,0,0,0,0,0,0,0,0,0,0
285,"XPO Logistics, Inc.",2019-01-01,Sr. Tax Analyst International Income Tax,Logistics & Warehouse Jobs,0,0,0,0,0,0,0,0,0,0,1,0,0,0,0,0,0,0,0,0,0
286,"XPO Logistics, Inc.",2019-01-01,Senior FP&A Analyst,Logistics & Warehouse Jobs,0,0,0,0,0,0,0,0,0,0,1,0,0,0,0,0,0,0,0,0,0
287,Child Care Resources Inc.,2019-01-01,Statewide Technical Assistance & Professional Development Specialist,Charity & Voluntary Jobs,0,1,0,0,0,0,0,0,0,0,0,0,0,0,0,0,0,0,0,0,0
288,Child Care Resources Inc.,2019-01-01,Administrative Assistant - Charlotte NC,Charity & Voluntary Jobs,0,1,0,0,0,0,0,0,0,0,0,0,0,0,0,0,0,0,0,0,0
289,Child Care Resources Inc.,2019-01-01,Expulsion Prevention Specialist - Healthy Social Behaviors,Charity & Voluntary Jobs,0,1,0,0,0,0,0,0,0,0,0,0,0,0,0,0,0,0,0,0,0
290,Child Care Resources Inc.,2019-01-01,Child Development Specialist - Quality Initiatives,Charity & Voluntary Jobs,0,1,0,0,0,0,0,0,0,0,0,0,0,0,0,0,0,0,0,0,0
291,Child Care Resources Inc.,2019-01-01,Marketing and Development Coordinator,Charity & Voluntary Jobs,0,1,0,0,0,0,0,0,0,0,0,0,0,0,0,0,0,0,0,0,0
292,Child Care Resources Inc.,2019-01-01,Child and Adult Care Food Program (CACFP) Program,Charity & Voluntary Jobs,0,1,0,0,0,0,0,0,0,0,0,0,0,0,0,0,0,0,0,0,0
293,Child Care Resources Inc.,2019-01-01,"Sr Director, ECE Professional Development - Charlotte NC",Charity & Voluntary Jobs,0,1,0,0,0,0,0,0,0,0,0,0,0,0,0,0,0,0,0,0,0
294,Francesca's Service Corporation,2019-01-01,Retail Sales Associate,"PR, Advertising & Marketing Jobs",0,0,0,0,0,0,0,0,0,0,0,0,0,1,0,0,0,0,0,0,0
295,Shimadzu Scientific Instruments,2019-01-01,Field Sales Engineer,"PR, Advertising & Marketing Jobs",0,0,0,0,0,0,0,0,0,0,0,0,0,1,0,0,0,0,0,0,0
296,"XPO Logistics, Inc.",2019-01-01,IT Project Manager,Travel Jobs,0,0,0,0,0,0,0,0,0,0,0,0,0,0,0,0,0,0,0,1,0
297,BCG Attorney Search,2019-01-01,Computer Engineering Patent Agent,"PR, Advertising & Marketing Jobs",0,0,0,0,0,0,0,0,0,0,0,0,0,1,0,0,0,0,0,0,0
298,"The Paradies Shops, LLC",2019-01-01,Human Resources Assistant - Charlotte Douglas International Airport,Retail Jobs,0,0,0,0,0,0,0,0,0,0,0,0,0,0,0,1,0,0,0,0,0
299,Pitney Bowes,2019-01-01,1st shift DISPATCH,"PR, Advertising & Marketing Jobs",0,0,0,0,0,0,0,0,0,0,0,0,0,1,0,0,0,0,0,0,0
301,AXA,2019-01-01,Regional Counsel,"PR, Advertising & Marketing Jobs",0,0,0,0,0,0,0,0,0,0,0,0,0,1,0,0,0,0,0,0,0
302,Pitney Bowes,2019-01-01,1st shift OPERATOR,"PR, Advertising & Marketing Jobs",0,0,0,0,0,0,0,0,0,0,0,0,0,1,0,0,0,0,0,0,0
303,McGrath RentCorp,2019-01-01,Production Supervisor,"PR, Advertising & Marketing Jobs",0,0,0,0,0,0,0,0,0,0,0,0,0,1,0,0,0,0,0,0,0
304,Aruba Networks,2019-01-01,Customer Experience Manager,"PR, Advertising & Marketing Jobs",0,0,0,0,0,0,0,0,0,0,0,0,0,1,0,0,0,0,0,0,0
305,Pitney Bowes,2019-01-01,2nd shift OPERATOR,"PR, Advertising & Marketing Jobs",0,0,0,0,0,0,0,0,0,0,0,0,0,1,0,0,0,0,0,0,0
306,"Ferguson Enterprises, Inc.",2019-01-01,Receptionist,"PR, Advertising & Marketing Jobs",0,0,0,0,0,0,0,0,0,0,0,0,0,1,0,0,0,0,0,0,0
307,Spectrum,2019-01-01,Sr Bus Intel & Analytics Arch,Engineering Jobs,0,0,0,0,0,1,0,0,0,0,0,0,0,0,0,0,0,0,0,0,0
308,Salem Carriers,2019-01-01,Fleet Diesel Mechanics/Technician,Logistics & Warehouse Jobs,0,0,0,0,0,0,0,0,0,0,1,0,0,0,0,0,0,0,0,0,0
309,Worldwide Logistic Partners Inc,2019-01-01,Logistics Sales Professionals - Home Office,Logistics & Warehouse Jobs,0,0,0,0,0,0,0,0,0,0,1,0,0,0,0,0,0,0,0,0,0
310,"XPO Logistics, Inc.",2019-01-01,Transcriptionist,Logistics & Warehouse Jobs,0,0,0,0,0,0,0,0,0,0,1,0,0,0,0,0,0,0,0,0,0
311,Pathmark Transportation,2019-01-01,Freight Agent / Freight Broker,Logistics & Warehouse Jobs,0,0,0,0,0,0,0,0,0,0,1,0,0,0,0,0,0,0,0,0,0
312,Best Buy,2019-01-01,"Helper, Geek Squad Home Delivery (DOT-HUB Cadet)","PR, Advertising & Marketing Jobs",0,0,0,0,0,0,0,0,0,0,0,0,0,1,0,0,0,0,0,0,0
313,Infosys,2019-01-01,Consultant - US,IT Jobs,0,0,0,0,0,0,0,0,0,1,0,0,0,0,0,0,0,0,0,0,0
315,"XPO Logistics, Inc.",2019-01-01,Customer Billing Requirements and Resolution Analyst,Travel Jobs,0,0,0,0,0,0,0,0,0,0,0,0,0,0,0,0,0,0,0,1,0
316,Federal Reserve Bank ,2019-01-01,Large Bank Deputy Central Point of Contact (BB&T Corporation Supervisory Team),"PR, Advertising & Marketing Jobs",0,0,0,0,0,0,0,0,0,0,0,0,0,1,0,0,0,0,0,0,0
317,Best Buy,2019-01-01,Merchandising Specialist,"PR, Advertising & Marketing Jobs",0,0,0,0,0,0,0,0,0,0,0,0,0,1,0,0,0,0,0,0,0
318,"BGC Partners, Cantor Fitzgerald, Newmark Knight Frank, and GFI Group",2019-01-01,Production Analyst - Multifamily Capital Markets,"PR, Advertising & Marketing Jobs",0,0,0,0,0,0,0,0,0,0,0,0,0,1,0,0,0,0,0,0,0
319,BCG Attorney Search,2019-01-01,Real Estate Finance Attorney,"PR, Advertising & Marketing Jobs",0,0,0,0,0,0,0,0,0,0,0,0,0,1,0,0,0,0,0,0,0
320,Best Buy,2019-01-01,Asset Protection Associate,"PR, Advertising & Marketing Jobs",0,0,0,0,0,0,0,0,0,0,0,0,0,1,0,0,0,0,0,0,0
321,Siemens,2019-01-01,Front-End Developer,Engineering Jobs,0,0,0,0,0,1,0,0,0,0,0,0,0,0,0,0,0,0,0,0,0
322,Charlotte Mecklenburg Schools,2019-01-01,"Teacher, English Learner (EL) SPLIT POSITIONS EOY (2018/2019)","PR, Advertising & Marketing Jobs",0,0,0,0,0,0,0,0,0,0,0,0,0,1,0,0,0,0,0,0,0
323,Pathmark Transportation,2019-01-01,Freight Broker Agents / Agency Owners,Logistics & Warehouse Jobs,0,0,0,0,0,0,0,0,0,0,1,0,0,0,0,0,0,0,0,0,0
324,Infosys,2019-01-01,Technology Lead - US,IT Jobs,0,0,0,0,0,0,0,0,0,1,0,0,0,0,0,0,0,0,0,0,0
326,AXA,2019-01-01,Sr. Recruiting Manager - Investments and Financial Professionals,"PR, Advertising & Marketing Jobs",0,0,0,0,0,0,0,0,0,0,0,0,0,1,0,0,0,0,0,0,0
327,Orkin,2019-01-01,Work-From-Home Inbound Telesales Agent,"PR, Advertising & Marketing Jobs",0,0,0,0,0,0,0,0,0,0,0,0,0,1,0,0,0,0,0,0,0
328,Barnes Contractors LLC,2019-01-01,Framing Carpenter,Trade & Construction Jobs,0,0,0,0,0,0,0,0,0,0,0,0,0,0,0,0,0,0,1,0,0
