,company,date,title,All_Sectors,Accounting & Finance Jobs,Admin Jobs,Domestic help & Cleaning Jobs,"Energy, Oil & Gas Jobs",Engineering Jobs,HR & Recruitment Jobs,Healthcare & Nursing Jobs,Hospitality & Catering Jobs,IT Jobs,Logistics & Warehouse Jobs,Maintenance Jobs,Manufacturing Jobs,Other/General Jobs,"PR, Advertising & Marketing Jobs",Property Jobs,Retail Jobs,Teaching Jobs,Trade & Construction Jobs,Travel Jobs,Unknown
0,Select Source International,2018-06-01,Financial Analyst III,Unknown,0,0,0,0,0,0,0,0,0,0,0,0,0,0,0,0,0,0,0,1
1,Select Source International,2018-06-01,Customer Service Representative I,Unknown,0,0,0,0,0,0,0,0,0,0,0,0,0,0,0,0,0,0,0,1
2,Superprof,2018-07-01,"Superprof, the USA’s 1 tutoring network, is offering you the chance to become a private Academic English tutor - Memphis",Teaching Jobs,0,0,0,0,0,0,0,0,0,0,0,0,0,0,0,0,1,0,0,0
3,ACDi,2018-08-01,Business Operations Associate Analyst-98740,Unknown,0,0,0,0,0,0,0,0,0,0,0,0,0,0,0,0,0,0,0,1
4,ACDi,2018-08-01,Entry Level HR Specialist - 35340,Unknown,0,0,0,0,0,0,0,0,0,0,0,0,0,0,0,0,0,0,0,1
5,First Future,2018-09-01,Part-time English Teacher working onl,Teaching Jobs,0,0,0,0,0,0,0,0,0,0,0,0,0,0,0,0,1,0,0,0
6,BlingABC by XDF,2018-09-01,Teach English Online From Home,Teaching Jobs,0,0,0,0,0,0,0,0,0,0,0,0,0,0,0,0,1,0,0,0
7,First Future,2018-09-01,Online ESL English Teacher Wanted,Teaching Jobs,0,0,0,0,0,0,0,0,0,0,0,0,0,0,0,0,1,0,0,0
8,First Future,2018-09-01,Online ESL Teachers for Chinese stude,Teaching Jobs,0,0,0,0,0,0,0,0,0,0,0,0,0,0,0,0,1,0,0,0
9,First Future,2018-09-01,Online ESL- English Teacher,Teaching Jobs,0,0,0,0,0,0,0,0,0,0,0,0,0,0,0,0,1,0,0,0
10,First Future,2018-09-01,"ESL teacher,high salary,no commuting",Teaching Jobs,0,0,0,0,0,0,0,0,0,0,0,0,0,0,0,0,1,0,0,0
11,ESL Suite,2018-09-01,Online EFL/English Teacher,Teaching Jobs,0,0,0,0,0,0,0,0,0,0,0,0,0,0,0,0,1,0,0,0
12,Nike Inc.,2018-10-01,Nike Seasonal Athlete NCS US MEMPHIS,Retail Jobs,0,0,0,0,0,0,0,0,0,0,0,0,0,0,0,1,0,0,0,0
13,Nike Inc.,2018-10-01,"Global & North America, Technical Services Manager",Retail Jobs,0,0,0,0,0,0,0,0,0,0,0,0,0,0,0,1,0,0,0,0
14,Nike Inc.,2018-10-01,Senior Industrial Engineer,Retail Jobs,0,0,0,0,0,0,0,0,0,0,0,0,0,0,0,1,0,0,0,0
15,Nike Inc.,2018-10-01,Industrial Engineer,Retail Jobs,0,0,0,0,0,0,0,0,0,0,0,0,0,0,0,1,0,0,0,0
16,Jamie Homa and Associates,2018-10-01,Inventory Sales Management Coordinator,Unknown,0,0,0,0,0,0,0,0,0,0,0,0,0,0,0,0,0,0,0,1
17,Jamie Homa and Associates,2018-10-01,Junior Accountant,Unknown,0,0,0,0,0,0,0,0,0,0,0,0,0,0,0,0,0,0,0,1
18,BlingABC by XDF,2018-10-01,Online ESL teacher,Teaching Jobs,0,0,0,0,0,0,0,0,0,0,0,0,0,0,0,0,1,0,0,0
19,BlingABC by XDF,2018-10-01,Online ESL Teacher $28-$36USD per 90,Teaching Jobs,0,0,0,0,0,0,0,0,0,0,0,0,0,0,0,0,1,0,0,0
20,VIPKid,2018-11-01,Online ESL Tutor for Children,Teaching Jobs,0,0,0,0,0,0,0,0,0,0,0,0,0,0,0,0,1,0,0,0
21,Ferrellgas,2018-11-01,Class A Transport Driver,"Energy, Oil & Gas Jobs",0,0,0,1,0,0,0,0,0,0,0,0,0,0,0,0,0,0,0,0
22,Hitachi,2018-11-01,Deputy Site Manager (Bilingual Japanese),"Energy, Oil & Gas Jobs",0,0,0,1,0,0,0,0,0,0,0,0,0,0,0,0,0,0,0,0
23,Valero,2018-11-01,Electrician - Experienced,"Energy, Oil & Gas Jobs",0,0,0,1,0,0,0,0,0,0,0,0,0,0,0,0,0,0,0,0
24,Target Corporation,2018-11-01,Visual Merchandiser,Retail Jobs,0,0,0,0,0,0,0,0,0,0,0,0,0,0,0,1,0,0,0,0
25,Babysits,2018-11-01,Babysitter wanted in Memphis - babysitting Memphis,Domestic help & Cleaning Jobs,0,0,1,0,0,0,0,0,0,0,0,0,0,0,0,0,0,0,0,0
26,Nike Inc.,2018-11-01,Portfolio PMO Manager,Retail Jobs,0,0,0,0,0,0,0,0,0,0,0,0,0,0,0,1,0,0,0,0
27,Nike Inc.,2018-11-01,Transition Manager,Retail Jobs,0,0,0,0,0,0,0,0,0,0,0,0,0,0,0,1,0,0,0,0
28,BMS Unlimited,2018-11-01,""" Class A Truck Driver-Home Daily for Owner Operators-$2300$2700/week",Unknown,0,0,0,0,0,0,0,0,0,0,0,0,0,0,0,0,0,0,0,1
29,LaowaiCareer,2018-11-01,Work From Home Teaching English Onlin,Teaching Jobs,0,0,0,0,0,0,0,0,0,0,0,0,0,0,0,0,1,0,0,0
30,Vipkid,2018-11-01,Part Time - Online English Teacher,Teaching Jobs,0,0,0,0,0,0,0,0,0,0,0,0,0,0,0,0,1,0,0,0
31,Top Talent Careers,2018-11-01,General Manager (Remote),Unknown,0,0,0,0,0,0,0,0,0,0,0,0,0,0,0,0,0,0,0,1
32,COMP Performance Group,2018-11-01,Machine Operator,Other/General Jobs,0,0,0,0,0,0,0,0,0,0,0,0,1,0,0,0,0,0,0,0
33,COMP Performance Group,2018-11-01,Drivetrain Product Support And Sales Technician,Other/General Jobs,0,0,0,0,0,0,0,0,0,0,0,0,1,0,0,0,0,0,0,0
34,COMP Performance Group,2018-11-01,Information Technology Technician,Other/General Jobs,0,0,0,0,0,0,0,0,0,0,0,0,1,0,0,0,0,0,0,0
35,VIPKid,2018-11-01,Online English Instructor - Remote,Teaching Jobs,0,0,0,0,0,0,0,0,0,0,0,0,0,0,0,0,1,0,0,0
36,Vipkid,2018-11-01,[Remote] Part-time Online Teacher,Teaching Jobs,0,0,0,0,0,0,0,0,0,0,0,0,0,0,0,0,1,0,0,0
37,WUHAO HONG KONG LIMITED,2018-11-01,Part-time online ESL teaching,Teaching Jobs,0,0,0,0,0,0,0,0,0,0,0,0,0,0,0,0,1,0,0,0
38,Nike Inc.,2018-12-01,Environmental Safety and Health Specialist – North America Logistics Campus – Memphis,Retail Jobs,0,0,0,0,0,0,0,0,0,0,0,0,0,0,0,1,0,0,0,0
39,"The Kitchen Memphis, LLC   Crosstown",2018-12-01,Line Cook,Hospitality & Catering Jobs,0,0,0,0,0,0,0,1,0,0,0,0,0,0,0,0,0,0,0,0
40,VIPKid,2018-12-01,Online ESL Instructor - Remote,Teaching Jobs,0,0,0,0,0,0,0,0,0,0,0,0,0,0,0,0,1,0,0,0
41,"Paradies Memphis, LLC",2018-12-01,Airport Retail Sales Associate,Retail Jobs,0,0,0,0,0,0,0,0,0,0,0,0,0,0,0,1,0,0,0,0
42,Nike Inc.,2018-12-01,Senior IT Business Consultant,Retail Jobs,0,0,0,0,0,0,0,0,0,0,0,0,0,0,0,1,0,0,0,0
43,CONCORDE CAREER COLLEGES INC,2018-12-01,Medical Assistant Instructor,Healthcare & Nursing Jobs,0,0,0,0,0,0,1,0,0,0,0,0,0,0,0,0,0,0,0,0
44,Nike Inc.,2018-12-01,Global Lean (NIKE Logistics System) Director,Retail Jobs,0,0,0,0,0,0,0,0,0,0,0,0,0,0,0,1,0,0,0,0
45,Transn IOL Technology Co..Ltd,2018-12-01,Comics Translation: Chinese-Spanish,Other/General Jobs,0,0,0,0,0,0,0,0,0,0,0,0,1,0,0,0,0,0,0,0
46,VIPKid,2018-12-01,Online English Teacher for Children,Teaching Jobs,0,0,0,0,0,0,0,0,0,0,0,0,0,0,0,0,1,0,0,0
47,Cetacea,2018-12-01,Installation Technician,Unknown,0,0,0,0,0,0,0,0,0,0,0,0,0,0,0,0,0,0,0,1
48,JARS TD,2018-12-01,Accounting Intern,Unknown,0,0,0,0,0,0,0,0,0,0,0,0,0,0,0,0,0,0,0,1
49,Nike Inc.,2018-12-01,Distribution Center Area Manager,Retail Jobs,0,0,0,0,0,0,0,0,0,0,0,0,0,0,0,1,0,0,0,0
50,Ruan Transportation,2018-12-01,"Fleet Service Technician - $2,000 Sign on Bonus",Logistics & Warehouse Jobs,0,0,0,0,0,0,0,0,0,1,0,0,0,0,0,0,0,0,0,0
51,VE Inc   Nashville,2018-12-01,Intermodal Driver,Unknown,0,0,0,0,0,0,0,0,0,0,0,0,0,0,0,0,0,0,0,1
52,VE Inc   Nashville,2018-12-01,OTR Company Driver (FT),Unknown,0,0,0,0,0,0,0,0,0,0,0,0,0,0,0,0,0,0,0,1
53,青尚国际,2018-12-01,$15 - $25/hr on-line teacher,"PR, Advertising & Marketing Jobs",0,0,0,0,0,0,0,0,0,0,0,0,0,1,0,0,0,0,0,0
54,Nike Inc.,2018-12-01,Accommodations Analyst,Retail Jobs,0,0,0,0,0,0,0,0,0,0,0,0,0,0,0,1,0,0,0,0
55,Nike Inc.,2018-12-01,Production Business Analyst,Retail Jobs,0,0,0,0,0,0,0,0,0,0,0,0,0,0,0,1,0,0,0,0
56,Memphis Grizzlies,2018-12-01,"Full-Time Intern, Information Technology",IT Jobs,0,0,0,0,0,0,0,0,1,0,0,0,0,0,0,0,0,0,0,0
57,Nike Inc.,2018-12-01,WCS Business Systems Analyst,Retail Jobs,0,0,0,0,0,0,0,0,0,0,0,0,0,0,0,1,0,0,0,0
58,HILLER LLC,2018-12-01,Dispatcher,Trade & Construction Jobs,0,0,0,0,0,0,0,0,0,0,0,0,0,0,0,0,0,1,0,0
59,Francesca's Service Corporation,2018-12-01,Key Holder - Future Opportunities,"PR, Advertising & Marketing Jobs",0,0,0,0,0,0,0,0,0,0,0,0,0,1,0,0,0,0,0,0
60,Dynospeed Racing,2018-12-01,Technician,Other/General Jobs,0,0,0,0,0,0,0,0,0,0,0,0,1,0,0,0,0,0,0,0
61,RNR Tire Express & Custom Wheels,2018-12-01,ACCOUNT MANAGER / COLLECTION SPECIALIST,Accounting & Finance Jobs,1,0,0,0,0,0,0,0,0,0,0,0,0,0,0,0,0,0,0,0
62,Francesca's Service Corporation,2018-12-01,Assistant Store Manager - Future Opportunities,"PR, Advertising & Marketing Jobs",0,0,0,0,0,0,0,0,0,0,0,0,0,1,0,0,0,0,0,0
63,Service Master Facilities Maintenance,2018-12-01,Custodian Full-time/Wooddale HS 6:30am-2:00pm,Hospitality & Catering Jobs,0,0,0,0,0,0,0,1,0,0,0,0,0,0,0,0,0,0,0,0
64,"Execu Sys, Ltd",2018-12-01,"Full Time-JDE Business Analyst Needed, Memphis, TN area-110-115k range",Manufacturing Jobs,0,0,0,0,0,0,0,0,0,0,0,1,0,0,0,0,0,0,0,0
65,Summerfield Associates,2018-12-01,Solutions Architect,Engineering Jobs,0,0,0,0,1,0,0,0,0,0,0,0,0,0,0,0,0,0,0,0
66,XPO Logistics SC Corporate,2018-12-01,Manager Operations Support,Travel Jobs,0,0,0,0,0,0,0,0,0,0,0,0,0,0,0,0,0,0,1,0
67,CONCORDE CAREER COLLEGES INC,2018-12-01,English Composition Instructor,Teaching Jobs,0,0,0,0,0,0,0,0,0,0,0,0,0,0,0,0,1,0,0,0
68,XPO Logistics Supply Chain Inc,2018-12-01,Lead - 1st Shift,Travel Jobs,0,0,0,0,0,0,0,0,0,0,0,0,0,0,0,0,0,0,1,0
70,Best Buy,2018-12-01,Best Buy Apple Computing Master,"PR, Advertising & Marketing Jobs",0,0,0,0,0,0,0,0,0,0,0,0,0,1,0,0,0,0,0,0
71,Best Buy,2018-12-01,Major Appliance Customer Service Specialist,"PR, Advertising & Marketing Jobs",0,0,0,0,0,0,0,0,0,0,0,0,0,1,0,0,0,0,0,0
72,Best Buy,2018-12-01,"Car Install (MECP Basic, Geek Squad)","PR, Advertising & Marketing Jobs",0,0,0,0,0,0,0,0,0,0,0,0,0,1,0,0,0,0,0,0
73,UsaSurveyJob,2018-12-01,Work at Home Data Entry Clerk,"PR, Advertising & Marketing Jobs",0,0,0,0,0,0,0,0,0,0,0,0,0,1,0,0,0,0,0,0
74,Burlington Stores,2018-12-01,Loss Prevention Supervisor,HR & Recruitment Jobs,0,0,0,0,0,1,0,0,0,0,0,0,0,0,0,0,0,0,0,0
75,Usa Survey Job,2018-12-01,Work at Home - Administrative Assistant,Admin Jobs,0,1,0,0,0,0,0,0,0,0,0,0,0,0,0,0,0,0,0,0
76,Usa Survey Job,2018-12-01,Data Entry Work from Home,Admin Jobs,0,1,0,0,0,0,0,0,0,0,0,0,0,0,0,0,0,0,0,0
77,Usa Survey Job,2018-12-01,Data Entry Clerk,Admin Jobs,0,1,0,0,0,0,0,0,0,0,0,0,0,0,0,0,0,0,0,0
78,TruckerTime Xpress,2018-12-01,East Regional Solo Class A,HR & Recruitment Jobs,0,0,0,0,0,1,0,0,0,0,0,0,0,0,0,0,0,0,0,0
79,Line Up Aviation,2018-12-01,Aircraft Systems Instructors,Engineering Jobs,0,0,0,0,1,0,0,0,0,0,0,0,0,0,0,0,0,0,0,0
80,Core & Main,2019-01-01,Warehouse Associate I,Logistics & Warehouse Jobs,0,0,0,0,0,0,0,0,0,1,0,0,0,0,0,0,0,0,0,0
81,"Quality Distribution, Inc.",2019-01-01,Shop Manager,Logistics & Warehouse Jobs,0,0,0,0,0,0,0,0,0,1,0,0,0,0,0,0,0,0,0,0
82,Jack Cooper,2019-01-01,Diesel Fleet Mechanic,Logistics & Warehouse Jobs,0,0,0,0,0,0,0,0,0,1,0,0,0,0,0,0,0,0,0,0
83,Canada Survey Job,2019-01-01,Data Entry Clerk - Customer Service - Work from Home,"PR, Advertising & Marketing Jobs",0,0,0,0,0,0,0,0,0,0,0,0,0,1,0,0,0,0,0,0
84,"National Vision, Inc.",2019-01-01,Licensed General Manager,"PR, Advertising & Marketing Jobs",0,0,0,0,0,0,0,0,0,0,0,0,0,1,0,0,0,0,0,0
85,UsaSurveyJob,2019-01-01,Data Entry Clerk - Work from Home,Retail Jobs,0,0,0,0,0,0,0,0,0,0,0,0,0,0,0,1,0,0,0,0
86,Best Buy,2019-01-01,Merchandising Specialist,"PR, Advertising & Marketing Jobs",0,0,0,0,0,0,0,0,0,0,0,0,0,1,0,0,0,0,0,0
87,Confidential,2019-01-01,Logistics Engineer,Logistics & Warehouse Jobs,0,0,0,0,0,0,0,0,0,1,0,0,0,0,0,0,0,0,0,0
88,Guild Mortgage Company,2019-01-01,Loan Officer,Property Jobs,0,0,0,0,0,0,0,0,0,0,0,0,0,0,1,0,0,0,0,0
89,Mays & Schnapp Pain Clinic and Rehab Center,2019-01-01,Precertification Specialist,Accounting & Finance Jobs,1,0,0,0,0,0,0,0,0,0,0,0,0,0,0,0,0,0,0,0
90,Worldwide Logistic Partners Inc,2019-01-01,Logistics Sales Professionals - Home Office,Logistics & Warehouse Jobs,0,0,0,0,0,0,0,0,0,1,0,0,0,0,0,0,0,0,0,0
91,Saturn Freight Systems,2019-01-01,Transportation Sales Professionals - Full-Time & P/T - Home Office - Salary W/Comm. or Comm. Only,Logistics & Warehouse Jobs,0,0,0,0,0,0,0,0,0,1,0,0,0,0,0,0,0,0,0,0
92,Army National Guard,2019-01-01,92F Petroleum Supply Specialist,Logistics & Warehouse Jobs,0,0,0,0,0,0,0,0,0,1,0,0,0,0,0,0,0,0,0,0
93,US Xpress,2019-01-01,"Truck Drivers - Earn Up to $110,000 as a Certified Driver Trainer - Paid for All Dispatched & Empty Miles",Logistics & Warehouse Jobs,0,0,0,0,0,0,0,0,0,1,0,0,0,0,0,0,0,0,0,0
94,"USA   Smith & Nephew, Inc.",2019-01-01,Quality Engineer 1 - Complaint Investigation,Manufacturing Jobs,0,0,0,0,0,0,0,0,0,0,0,1,0,0,0,0,0,0,0,0
95,McKesson,2019-01-01,3rd Shift Maintenance Technician,"PR, Advertising & Marketing Jobs",0,0,0,0,0,0,0,0,0,0,0,0,0,1,0,0,0,0,0,0
96,"BGC Partners, Cantor Fitzgerald, Newmark Knight Frank, and GFI Group",2019-01-01,Brokerage Services Coordinator,"PR, Advertising & Marketing Jobs",0,0,0,0,0,0,0,0,0,0,0,0,0,1,0,0,0,0,0,0
97,Lee Company,2019-01-01,Site Mechanical Lead/HVAC/Industrial Maintenance (2K Bonus),"PR, Advertising & Marketing Jobs",0,0,0,0,0,0,0,0,0,0,0,0,0,1,0,0,0,0,0,0
98,Best Buy,2019-01-01,Best Buy Store Phone Operator,"PR, Advertising & Marketing Jobs",0,0,0,0,0,0,0,0,0,0,0,0,0,1,0,0,0,0,0,0
99,MCK McKesson Corporation,2019-01-01,1st Shift Material Handler,"PR, Advertising & Marketing Jobs",0,0,0,0,0,0,0,0,0,0,0,0,0,1,0,0,0,0,0,0
100,McKesson,2019-01-01,2nd Shift Material Handler,"PR, Advertising & Marketing Jobs",0,0,0,0,0,0,0,0,0,0,0,0,0,1,0,0,0,0,0,0
101,Enclara Pharmacia,2019-01-01,Pharmacy Technician Specialist,Healthcare & Nursing Jobs,0,0,0,0,0,0,1,0,0,0,0,0,0,0,0,0,0,0,0,0
102,HILLER LLC,2019-01-01,Plumbing Service Technician up to $25 hourly - Memphis,Trade & Construction Jobs,0,0,0,0,0,0,0,0,0,0,0,0,0,0,0,0,0,1,0,0
103,Canada Survey Job,2019-01-01,Data Entry Clerk - Work from Home,"PR, Advertising & Marketing Jobs",0,0,0,0,0,0,0,0,0,0,0,0,0,1,0,0,0,0,0,0
104,XPO Logistics Supply Chain Inc,2019-01-01,Forklift Operator - 1st Shift,Travel Jobs,0,0,0,0,0,0,0,0,0,0,0,0,0,0,0,0,0,0,1,0
105,XPO Logistics Supply Chain Inc,2019-01-01,Lead - 1st Shift,Travel Jobs,0,0,0,0,0,0,0,0,0,0,0,0,0,0,0,0,0,0,1,0
106,Kuehne + Nagel,2019-01-01,I.S. Project Manager,Logistics & Warehouse Jobs,0,0,0,0,0,0,0,0,0,1,0,0,0,0,0,0,0,0,0,0
107,"Premium Retail Services, Inc.",2019-01-01,Retail Specialist,Retail Jobs,0,0,0,0,0,0,0,0,0,0,0,0,0,0,0,1,0,0,0,0
108,Nike Inc.,2019-01-01,Sr. Project Engineer,Retail Jobs,0,0,0,0,0,0,0,0,0,0,0,0,0,0,0,1,0,0,0,0
109,O'Reilly Auto Parts,2019-01-01,Retail Merchandise Stocker,Logistics & Warehouse Jobs,0,0,0,0,0,0,0,0,0,1,0,0,0,0,0,0,0,0,0,0
110,"BGC Partners, Cantor Fitzgerald, Newmark Knight Frank, and GFI Group",2019-01-01,Transitions Manager Lease Administration,"PR, Advertising & Marketing Jobs",0,0,0,0,0,0,0,0,0,0,0,0,0,1,0,0,0,0,0,0
111,Nike Inc.,2019-01-01,Finance Analyst - North America Supply Chain - Shelby Drive,Retail Jobs,0,0,0,0,0,0,0,0,0,0,0,0,0,0,0,1,0,0,0,0
112,Pathmark Transportation,2019-01-01,Freight Broker Agents / Agency Owners,Logistics & Warehouse Jobs,0,0,0,0,0,0,0,0,0,1,0,0,0,0,0,0,0,0,0,0
113,Logistic Dynamics Inc.,2019-01-01,Freight Broker Agent - Experience Required,Logistics & Warehouse Jobs,0,0,0,0,0,0,0,0,0,1,0,0,0,0,0,0,0,0,0,0
114,Robert Half International,2019-01-01,OfficeTeam Branch Manager,"PR, Advertising & Marketing Jobs",0,0,0,0,0,0,0,0,0,0,0,0,0,1,0,0,0,0,0,0
115,University of Memphis,2019-01-01,Clinical Assistant/Associate Professor,Healthcare & Nursing Jobs,0,0,0,0,0,0,1,0,0,0,0,0,0,0,0,0,0,0,0,0
116,University of Memphis,2019-01-01,Custodian,Hospitality & Catering Jobs,0,0,0,0,0,0,0,1,0,0,0,0,0,0,0,0,0,0,0,0
117,"Core Mark International, Inc.",2019-01-01,Food Service Sales Consultant,Logistics & Warehouse Jobs,0,0,0,0,0,0,0,0,0,1,0,0,0,0,0,0,0,0,0,0
118,Robert Half International,2019-01-01,Accountemps Staffing Manager,"PR, Advertising & Marketing Jobs",0,0,0,0,0,0,0,0,0,0,0,0,0,1,0,0,0,0,0,0
119,McKesson,2019-01-01,Operations Supervisor - Memphis,"PR, Advertising & Marketing Jobs",0,0,0,0,0,0,0,0,0,0,0,0,0,1,0,0,0,0,0,0
120,XPO Logistics Freight Inc.,2019-01-01,Freight Operations Supervisor,Travel Jobs,0,0,0,0,0,0,0,0,0,0,0,0,0,0,0,0,0,0,1,0
121,CONCORDE CAREER COLLEGES INC,2019-01-01,Chemistry Adjunct Instructor,Teaching Jobs,0,0,0,0,0,0,0,0,0,0,0,0,0,0,0,0,1,0,0,0
122,XPO Logistics Supply Chain Inc,2019-01-01,Operations Manager - 2nd Shift,Travel Jobs,0,0,0,0,0,0,0,0,0,0,0,0,0,0,0,0,0,0,1,0
123,Tribune Media Company,2019-01-01,Accountant,Property Jobs,0,0,0,0,0,0,0,0,0,0,0,0,0,0,1,0,0,0,0,0
124,Core & Main,2019-01-01,"Manager, Branch Operations I",Logistics & Warehouse Jobs,0,0,0,0,0,0,0,0,0,1,0,0,0,0,0,0,0,0,0,0
125,Pathmark Transportation,2019-01-01,Freight Agent / Freight Broker,Logistics & Warehouse Jobs,0,0,0,0,0,0,0,0,0,1,0,0,0,0,0,0,0,0,0,0
126,Averitt Express,2019-01-01,Front Line Leader,Logistics & Warehouse Jobs,0,0,0,0,0,0,0,0,0,1,0,0,0,0,0,0,0,0,0,0
127,Interstate Truck Center,2019-01-01,Mobile Truck and Trailer Technician (Remote),Unknown,0,0,0,0,0,0,0,0,0,0,0,0,0,0,0,0,0,0,0,1
128,CONCORDE CAREER COLLEGES INC,2019-01-01,Part Time Pharmacy Technician Instructor,Teaching Jobs,0,0,0,0,0,0,0,0,0,0,0,0,0,0,0,0,1,0,0,0
129,CONCORDE CAREER COLLEGES INC,2019-01-01,Nutrition Instructor,Teaching Jobs,0,0,0,0,0,0,0,0,0,0,0,0,0,0,0,0,1,0,0,0
130,CONCORDE CAREER COLLEGES INC,2019-01-01,Radiologic Technology Instructor - Substitute,Teaching Jobs,0,0,0,0,0,0,0,0,0,0,0,0,0,0,0,0,1,0,0,0
131,Robert Half International,2019-01-01,390-Memphis-ITS-Recruiting Manager,"PR, Advertising & Marketing Jobs",0,0,0,0,0,0,0,0,0,0,0,0,0,1,0,0,0,0,0,0
132,CONCORDE CAREER COLLEGES INC,2019-01-01,Surgical Technology Instructor,Healthcare & Nursing Jobs,0,0,0,0,0,0,1,0,0,0,0,0,0,0,0,0,0,0,0,0
133,CONCORDE CAREER COLLEGES INC,2019-01-01,College Algebra Adjunct Instructor,Teaching Jobs,0,0,0,0,0,0,0,0,0,0,0,0,0,0,0,0,1,0,0,0
134,CONCORDE CAREER COLLEGES INC,2019-01-01,Dental Hygiene Sub Instructor,Healthcare & Nursing Jobs,0,0,0,0,0,0,1,0,0,0,0,0,0,0,0,0,0,0,0,0
135,EF English First,2019-01-01,English Teacher - Teach English in China,Teaching Jobs,0,0,0,0,0,0,0,0,0,0,0,0,0,0,0,0,1,0,0,0
136,Henkel Corporation,2019-01-01,Chemical Operator - 3rd Shift,Retail Jobs,0,0,0,0,0,0,0,0,0,0,0,0,0,0,0,1,0,0,0,0
137,CONCORDE CAREER COLLEGES INC,2019-01-01,Dental Assistant Instructor,Teaching Jobs,0,0,0,0,0,0,0,0,0,0,0,0,0,0,0,0,1,0,0,0
138,CONCORDE CAREER COLLEGES INC,2019-01-01,Mental Health Nursing Instructor,Healthcare & Nursing Jobs,0,0,0,0,0,0,1,0,0,0,0,0,0,0,0,0,0,0,0,0
139,"The Kitchen Memphis, LLC   Crosstown",2019-01-01,Server,Hospitality & Catering Jobs,0,0,0,0,0,0,0,1,0,0,0,0,0,0,0,0,0,0,0,0
140,Nike Inc.,2019-01-01,SR MAINTENANCE TECH,Retail Jobs,0,0,0,0,0,0,0,0,0,0,0,0,0,0,0,1,0,0,0,0
141,Nike Inc.,2019-01-01,Inventory Management Specialist,Retail Jobs,0,0,0,0,0,0,0,0,0,0,0,0,0,0,0,1,0,0,0,0
142,Army National Guard,2019-01-01,92S Shower/Laundry and Clothing Repair Specialist,Logistics & Warehouse Jobs,0,0,0,0,0,0,0,0,0,1,0,0,0,0,0,0,0,0,0,0
143,Army National Guard,2019-01-01,92L Petroleum Laboratory Specialist,Logistics & Warehouse Jobs,0,0,0,0,0,0,0,0,0,1,0,0,0,0,0,0,0,0,0,0
144,Kellogg's,2019-01-01,Plants Operations Supervisor,Logistics & Warehouse Jobs,0,0,0,0,0,0,0,0,0,1,0,0,0,0,0,0,0,0,0,0
145,Averitt Express,2019-01-01,Dock Worker Part Time,Logistics & Warehouse Jobs,0,0,0,0,0,0,0,0,0,1,0,0,0,0,0,0,0,0,0,0
146,Arcosa,2019-01-01,Director - Quality Systems,"PR, Advertising & Marketing Jobs",0,0,0,0,0,0,0,0,0,0,0,0,0,1,0,0,0,0,0,0
147,ICWG,2019-01-01,Full Time Lead Attendant,Retail Jobs,0,0,0,0,0,0,0,0,0,0,0,0,0,0,0,1,0,0,0,0
148,McKesson,2019-01-01,Reclamation Specialist,"PR, Advertising & Marketing Jobs",0,0,0,0,0,0,0,0,0,0,0,0,0,1,0,0,0,0,0,0
149,Orkin,2019-01-01,Commercial Sales Representative,"PR, Advertising & Marketing Jobs",0,0,0,0,0,0,0,0,0,0,0,0,0,1,0,0,0,0,0,0
150,McKesson,2019-01-01,DP Parcel Van,"PR, Advertising & Marketing Jobs",0,0,0,0,0,0,0,0,0,0,0,0,0,1,0,0,0,0,0,0
151,Francesca's Service Corporation,2019-01-01,Retail Sales Associate,"PR, Advertising & Marketing Jobs",0,0,0,0,0,0,0,0,0,0,0,0,0,1,0,0,0,0,0,0
152,McKesson,2019-01-01,Inventory Associate,"PR, Advertising & Marketing Jobs",0,0,0,0,0,0,0,0,0,0,0,0,0,1,0,0,0,0,0,0
153,Nike Inc.,2019-01-01,Business Systems Analyst - Warehouse Control Systems,Retail Jobs,0,0,0,0,0,0,0,0,0,0,0,0,0,0,0,1,0,0,0,0
154,Nike Inc.,2019-01-01,PMV Operator I,Retail Jobs,0,0,0,0,0,0,0,0,0,0,0,0,0,0,0,1,0,0,0,0
155,Nike Inc.,2019-01-01,Sr. Business Systems Analyst - WCS,Retail Jobs,0,0,0,0,0,0,0,0,0,0,0,0,0,0,0,1,0,0,0,0
156,Kuehne + Nagel,2019-01-01,WMS Implementation Manager,Logistics & Warehouse Jobs,0,0,0,0,0,0,0,0,0,1,0,0,0,0,0,0,0,0,0,0
157,Army National Guard,2019-01-01,92W Water Treatment Specialist,Logistics & Warehouse Jobs,0,0,0,0,0,0,0,0,0,1,0,0,0,0,0,0,0,0,0,0
158,Avis Budget Group,2019-01-01,Operations Manager,Logistics & Warehouse Jobs,0,0,0,0,0,0,0,0,0,1,0,0,0,0,0,0,0,0,0,0
159,Avis Budget Group,2019-01-01,Airport Manager,Logistics & Warehouse Jobs,0,0,0,0,0,0,0,0,0,1,0,0,0,0,0,0,0,0,0,0
160,Penske,2019-01-01,Fleet Maintenance Supervisor,Logistics & Warehouse Jobs,0,0,0,0,0,0,0,0,0,1,0,0,0,0,0,0,0,0,0,0
161,Legacy Partners,2019-01-01,Lead Maintenance Technician,Unknown,0,0,0,0,0,0,0,0,0,0,0,0,0,0,0,0,0,0,0,1
162,McKesson,2019-01-01,Customer Service Representative,"PR, Advertising & Marketing Jobs",0,0,0,0,0,0,0,0,0,0,0,0,0,1,0,0,0,0,0,0
163,U.S. Renal Care,2019-01-01,"Registered Nurse - Floater - $5,000 Sign on bonus available","PR, Advertising & Marketing Jobs",0,0,0,0,0,0,0,0,0,0,0,0,0,1,0,0,0,0,0,0
164,Best Buy,2019-01-01,Best Buy Sales Consultant – Computing and DI,"PR, Advertising & Marketing Jobs",0,0,0,0,0,0,0,0,0,0,0,0,0,1,0,0,0,0,0,0
165,U.S. Renal Care,2019-01-01,"Registered Nurse - SW Whitehaven - $5,000 sign on bonus available","PR, Advertising & Marketing Jobs",0,0,0,0,0,0,0,0,0,0,0,0,0,1,0,0,0,0,0,0
166,Nike Inc.,2019-01-01,Engineering Manager,Retail Jobs,0,0,0,0,0,0,0,0,0,0,0,0,0,0,0,1,0,0,0,0
167,"XPO Logistics, Inc.",2019-01-01,Operations Supervisor,Logistics & Warehouse Jobs,0,0,0,0,0,0,0,0,0,1,0,0,0,0,0,0,0,0,0,0
168,Tyler Search Consultants,2019-01-01,Transportation & Logistics Manager 5598,Logistics & Warehouse Jobs,0,0,0,0,0,0,0,0,0,1,0,0,0,0,0,0,0,0,0,0
169,Best Buy,2019-01-01,Core Home Theater Sales Consultant,"PR, Advertising & Marketing Jobs",0,0,0,0,0,0,0,0,0,0,0,0,0,1,0,0,0,0,0,0
170,HILLER LLC,2019-01-01,HVAC Service Technician up to $25 hourly - Memphis,Maintenance Jobs,0,0,0,0,0,0,0,0,0,0,1,0,0,0,0,0,0,0,0,0
171,Best Buy,2019-01-01,"Best Buy Sales Consultant –Home Theater, Magnolia Home Theater","PR, Advertising & Marketing Jobs",0,0,0,0,0,0,0,0,0,0,0,0,0,1,0,0,0,0,0,0
