,company,date,title,All_Sectors,Accounting & Finance Jobs,Admin Jobs,Consultancy Jobs,"Energy, Oil & Gas Jobs",Engineering Jobs,HR & Recruitment Jobs,Healthcare & Nursing Jobs,Hospitality & Catering Jobs,IT Jobs,Legal Jobs,Logistics & Warehouse Jobs,Maintenance Jobs,Manufacturing Jobs,Other/General Jobs,"PR, Advertising & Marketing Jobs",Property Jobs,Retail Jobs,Sales Jobs,Teaching Jobs,Trade & Construction Jobs,Travel Jobs,Unknown
0,Superprof,2018-07-01,"Superprof, the USA’s 1 tutoring network, is offering you the chance to become a private Mathematics tutor - Nashville",Teaching Jobs,0,0,0,0,0,0,0,0,0,0,0,0,0,0,0,0,0,0,1,0,0,0
1,ACDi,2018-08-01,Customer Support Representative 58246,Unknown,0,0,0,0,0,0,0,0,0,0,0,0,0,0,0,0,0,0,0,0,0,1
2,ACDi,2018-08-01,Business Analysis Consultant-90934,Unknown,0,0,0,0,0,0,0,0,0,0,0,0,0,0,0,0,0,0,0,0,0,1
3,ACDi,2018-08-01,Employment Specialist/HR - 45058,Unknown,0,0,0,0,0,0,0,0,0,0,0,0,0,0,0,0,0,0,0,0,0,1
4,First Future,2018-09-01,Online ESL Teachers for Chinese stude,Teaching Jobs,0,0,0,0,0,0,0,0,0,0,0,0,0,0,0,0,0,0,1,0,0,0
5,First Future,2018-09-01,Online ESL- English Teacher,Teaching Jobs,0,0,0,0,0,0,0,0,0,0,0,0,0,0,0,0,0,0,1,0,0,0
6,ESL Suite,2018-09-01,Online EFL/English Teacher,Teaching Jobs,0,0,0,0,0,0,0,0,0,0,0,0,0,0,0,0,0,0,1,0,0,0
7,First Future,2018-09-01,Online ESL English Teacher Wanted,Teaching Jobs,0,0,0,0,0,0,0,0,0,0,0,0,0,0,0,0,0,0,1,0,0,0
8,First Future,2018-09-01,"ESL teacher,high salary,no commuting",Teaching Jobs,0,0,0,0,0,0,0,0,0,0,0,0,0,0,0,0,0,0,1,0,0,0
9,First Future,2018-09-01,Part-time English Teacher working onl,Teaching Jobs,0,0,0,0,0,0,0,0,0,0,0,0,0,0,0,0,0,0,1,0,0,0
10,BlingABC by XDF,2018-09-01,Teach English Online From Home,Teaching Jobs,0,0,0,0,0,0,0,0,0,0,0,0,0,0,0,0,0,0,1,0,0,0
11,Nike Inc.,2018-10-01,Nike Seasonal Athlete,Retail Jobs,0,0,0,0,0,0,0,0,0,0,0,0,0,0,0,0,1,0,0,0,0,0
12,Under Armour,2018-10-01,Warehouse Teammate - 2nd Shift,Retail Jobs,0,0,0,0,0,0,0,0,0,0,0,0,0,0,0,0,1,0,0,0,0,0
13,Under Armour,2018-10-01,Warehouse Teammate - Weekend Shift,Retail Jobs,0,0,0,0,0,0,0,0,0,0,0,0,0,0,0,0,1,0,0,0,0,0
14,Under Armour,2018-10-01,Warehouse Teammate - 1st Shift,Retail Jobs,0,0,0,0,0,0,0,0,0,0,0,0,0,0,0,0,1,0,0,0,0,0
15,BlingABC by XDF,2018-10-01,Online ESL teacher,Teaching Jobs,0,0,0,0,0,0,0,0,0,0,0,0,0,0,0,0,0,0,1,0,0,0
16,Nike Inc.,2018-10-01,Converse Opry Mills Seasonal Associate,Retail Jobs,0,0,0,0,0,0,0,0,0,0,0,0,0,0,0,0,1,0,0,0,0,0
17,Magpie Marketing,2018-10-01,Inside Sales Representative (Remote - US Only),Unknown,0,0,0,0,0,0,0,0,0,0,0,0,0,0,0,0,0,0,0,0,0,1
18,Magpie Marketing,2018-10-01,Inside Sales Rep,Unknown,0,0,0,0,0,0,0,0,0,0,0,0,0,0,0,0,0,0,0,0,0,1
19,Wood,2018-10-01,Application Developer,"Energy, Oil & Gas Jobs",0,0,0,1,0,0,0,0,0,0,0,0,0,0,0,0,0,0,0,0,0,0
20,Jacobs,2018-10-01,Administrative Assistant,Engineering Jobs,0,0,0,0,1,0,0,0,0,0,0,0,0,0,0,0,0,0,0,0,0,0
21,Jacobs,2018-10-01,Client Account Manager-TN/KY,Engineering Jobs,0,0,0,0,1,0,0,0,0,0,0,0,0,0,0,0,0,0,0,0,0,0
22,Jacobs,2018-10-01,Water/Wastewater Engineer,Engineering Jobs,0,0,0,0,1,0,0,0,0,0,0,0,0,0,0,0,0,0,0,0,0,0
23,BlingABC by XDF,2018-10-01,Online ESL Teacher $28-$36USD per 90,Teaching Jobs,0,0,0,0,0,0,0,0,0,0,0,0,0,0,0,0,0,0,1,0,0,0
24,Wood,2018-11-01,Senior Water Resources Engineer Seller - Doer,"Energy, Oil & Gas Jobs",0,0,0,1,0,0,0,0,0,0,0,0,0,0,0,0,0,0,0,0,0,0
25,Wood,2018-11-01,Entry Level Environmental Scientist,"Energy, Oil & Gas Jobs",0,0,0,1,0,0,0,0,0,0,0,0,0,0,0,0,0,0,0,0,0,0
26,Wood,2018-11-01,Survey Technician II,"Energy, Oil & Gas Jobs",0,0,0,1,0,0,0,0,0,0,0,0,0,0,0,0,0,0,0,0,0,0
27,Wood,2018-11-01,Senior Civil / Project Engineer,"Energy, Oil & Gas Jobs",0,0,0,1,0,0,0,0,0,0,0,0,0,0,0,0,0,0,0,0,0,0
28,Siemens,2018-11-01,"Dispatching Operator/Service Coordinator - Nashville, TN","Energy, Oil & Gas Jobs",0,0,0,1,0,0,0,0,0,0,0,0,0,0,0,0,0,0,0,0,0,0
29,Wood,2018-11-01,Project Accounting Manager,"Energy, Oil & Gas Jobs",0,0,0,1,0,0,0,0,0,0,0,0,0,0,0,0,0,0,0,0,0,0
30,VIPKid,2018-11-01,Online ESL Tutor for Children,Teaching Jobs,0,0,0,0,0,0,0,0,0,0,0,0,0,0,0,0,0,0,1,0,0,0
31,Wood,2018-11-01,Senior Civil Engineer,"Energy, Oil & Gas Jobs",0,0,0,1,0,0,0,0,0,0,0,0,0,0,0,0,0,0,0,0,0,0
32,Wood,2018-11-01,Project Manager,"Energy, Oil & Gas Jobs",0,0,0,1,0,0,0,0,0,0,0,0,0,0,0,0,0,0,0,0,0,0
33,Tesla,2018-11-01,"Service Technician - Nashville, Tennessee (Brentwood)",Engineering Jobs,0,0,0,0,1,0,0,0,0,0,0,0,0,0,0,0,0,0,0,0,0,0
34,Tesla,2018-11-01,"Parts Advisor - Nashville, TN (Brentwood)",Engineering Jobs,0,0,0,0,1,0,0,0,0,0,0,0,0,0,0,0,0,0,0,0,0,0
35,Siemens,2018-11-01,"Engineering Specialist II - Building Automation/HVAC Controls - Nashville, TN","Energy, Oil & Gas Jobs",0,0,0,1,0,0,0,0,0,0,0,0,0,0,0,0,0,0,0,0,0,0
36,Tesla,2018-11-01,Vehicle Prep Specialist (VPS),Engineering Jobs,0,0,0,0,1,0,0,0,0,0,0,0,0,0,0,0,0,0,0,0,0,0
37,Tesla,2018-11-01,"Mobile Service Technician - Memphis, TN",Engineering Jobs,0,0,0,0,1,0,0,0,0,0,0,0,0,0,0,0,0,0,0,0,0,0
38,Siemens,2018-11-01,"Fire Alarm Inspector - Commercial Fire Alarms - Nashville, TN","Energy, Oil & Gas Jobs",0,0,0,1,0,0,0,0,0,0,0,0,0,0,0,0,0,0,0,0,0,0
39,Tesla,2018-11-01,Customer Experience Specialist,Engineering Jobs,0,0,0,0,1,0,0,0,0,0,0,0,0,0,0,0,0,0,0,0,0,0
40,Tesla,2018-11-01,"Service Technician - Nashville, TN (Brentwood)",Engineering Jobs,0,0,0,0,1,0,0,0,0,0,0,0,0,0,0,0,0,0,0,0,0,0
41,Tesla,2018-11-01,Owner Advisor,Engineering Jobs,0,0,0,0,1,0,0,0,0,0,0,0,0,0,0,0,0,0,0,0,0,0
42,Tesla,2018-11-01,"Mobile Service Technician - Nashville, TN (Brentwood)",Engineering Jobs,0,0,0,0,1,0,0,0,0,0,0,0,0,0,0,0,0,0,0,0,0,0
43,Tesla,2018-11-01,Delivery Experience Specialist,Engineering Jobs,0,0,0,0,1,0,0,0,0,0,0,0,0,0,0,0,0,0,0,0,0,0
44,HealthStream,2018-11-01,"Director of Product Architecture, Business Intelligence",Healthcare & Nursing Jobs,0,0,0,0,0,0,1,0,0,0,0,0,0,0,0,0,0,0,0,0,0,0
45,HealthStream,2018-11-01,Senior Director - Corporate Development,Healthcare & Nursing Jobs,0,0,0,0,0,0,1,0,0,0,0,0,0,0,0,0,0,0,0,0,0,0
46,Cross Technologies Inc,2018-11-01,Account Manager- Process Control Integration,Other/General Jobs,0,0,0,0,0,0,0,0,0,0,0,0,0,1,0,0,0,0,0,0,0,0
47,HealthStream,2018-11-01,Sr. Systems Engineer,Healthcare & Nursing Jobs,0,0,0,0,0,0,1,0,0,0,0,0,0,0,0,0,0,0,0,0,0,0
48,HealthStream,2018-11-01,Sales - Solution Executive - Talent Managment,Healthcare & Nursing Jobs,0,0,0,0,0,0,1,0,0,0,0,0,0,0,0,0,0,0,0,0,0,0
49,Wood,2018-11-01,Construction Inspector / Materials Technician,"Energy, Oil & Gas Jobs",0,0,0,1,0,0,0,0,0,0,0,0,0,0,0,0,0,0,0,0,0,0
50,Wood,2018-11-01,Junior Water Resources Engineer,"Energy, Oil & Gas Jobs",0,0,0,1,0,0,0,0,0,0,0,0,0,0,0,0,0,0,0,0,0,0
51,Wood,2018-11-01,Administrative Assistant,"Energy, Oil & Gas Jobs",0,0,0,1,0,0,0,0,0,0,0,0,0,0,0,0,0,0,0,0,0,0
52,Wood,2018-11-01,GIS Analyst,"Energy, Oil & Gas Jobs",0,0,0,1,0,0,0,0,0,0,0,0,0,0,0,0,0,0,0,0,0,0
53,BMS Unlimited,2018-11-01,""" Class A Truck Driver-Home Weekends-$1300$1800/week-Flatbed Exp Required",Unknown,0,0,0,0,0,0,0,0,0,0,0,0,0,0,0,0,0,0,0,0,0,1
54,LaowaiCareer,2018-11-01,Work From Home Teaching English Onlin,Teaching Jobs,0,0,0,0,0,0,0,0,0,0,0,0,0,0,0,0,0,0,1,0,0,0
55,Healthstream,2018-11-01,Sales - Clinical Specialist Onboarding & Retain,Healthcare & Nursing Jobs,0,0,0,0,0,0,1,0,0,0,0,0,0,0,0,0,0,0,0,0,0,0
56,Vipkid,2018-11-01,Part Time - Online English Teacher,Teaching Jobs,0,0,0,0,0,0,0,0,0,0,0,0,0,0,0,0,0,0,1,0,0,0
57,VIPKid,2018-11-01,Online English Instructor - Remote,Teaching Jobs,0,0,0,0,0,0,0,0,0,0,0,0,0,0,0,0,0,0,1,0,0,0
58,Vipkid,2018-11-01,[Remote] Part-time Online Teacher,Teaching Jobs,0,0,0,0,0,0,0,0,0,0,0,0,0,0,0,0,0,0,1,0,0,0
59,WUHAO HONG KONG LIMITED,2018-11-01,Part-time online ESL teaching,Teaching Jobs,0,0,0,0,0,0,0,0,0,0,0,0,0,0,0,0,0,0,1,0,0,0
60,CoreCivic,2018-11-01,Workforce Management Analyst,IT Jobs,0,0,0,0,0,0,0,0,1,0,0,0,0,0,0,0,0,0,0,0,0,0
61,Ergomed PLC,2018-12-01,Clinical Project Manager,Unknown,0,0,0,0,0,0,0,0,0,0,0,0,0,0,0,0,0,0,0,0,0,1
62,VIPKid,2018-12-01,Online ESL Instructor - Remote,Teaching Jobs,0,0,0,0,0,0,0,0,0,0,0,0,0,0,0,0,0,0,1,0,0,0
63,ContinuumGlobal,2018-12-01,Project Manager (Digital Marketing-Nashville),"PR, Advertising & Marketing Jobs",0,0,0,0,0,0,0,0,0,0,0,0,0,0,1,0,0,0,0,0,0,0
64,ContinuumGlobal,2018-12-01,Associate Project Manager (Nashville),"PR, Advertising & Marketing Jobs",0,0,0,0,0,0,0,0,0,0,0,0,0,0,1,0,0,0,0,0,0,0
65,"FreshPoint, Inc.",2018-12-01,Delivery Driver - MEMPHIS,Travel Jobs,0,0,0,0,0,0,0,0,0,0,0,0,0,0,0,0,0,0,0,0,1,0
66,HealthStream,2018-12-01,Accreditation and OSHA Standards Courseware Author,Healthcare & Nursing Jobs,0,0,0,0,0,0,1,0,0,0,0,0,0,0,0,0,0,0,0,0,0,0
67,HealthStream,2018-12-01,Senior Systems Engineer,HR & Recruitment Jobs,0,0,0,0,0,1,0,0,0,0,0,0,0,0,0,0,0,0,0,0,0,0
68,Transn IOL Technology Co..Ltd,2018-12-01,Comics Translation: Chinese-Spanish,Other/General Jobs,0,0,0,0,0,0,0,0,0,0,0,0,0,1,0,0,0,0,0,0,0,0
69,Orkin,2018-12-01,Termite Technician,"PR, Advertising & Marketing Jobs",0,0,0,0,0,0,0,0,0,0,0,0,0,0,1,0,0,0,0,0,0,0
70,Orkin,2018-12-01,Outside Sales Professional,"PR, Advertising & Marketing Jobs",0,0,0,0,0,0,0,0,0,0,0,0,0,0,1,0,0,0,0,0,0,0
71,Healthstream,2018-12-01,BI Developer,Healthcare & Nursing Jobs,0,0,0,0,0,0,1,0,0,0,0,0,0,0,0,0,0,0,0,0,0,0
72,Critter Control,2018-12-01,Wildlife Sales Consultant,"PR, Advertising & Marketing Jobs",0,0,0,0,0,0,0,0,0,0,0,0,0,0,1,0,0,0,0,0,0,0
73,Critter Control,2018-12-01,Wildlife Service Technician,"PR, Advertising & Marketing Jobs",0,0,0,0,0,0,0,0,0,0,0,0,0,0,1,0,0,0,0,0,0,0
74,CoreCivic,2018-12-01,Business Systems Administrator-SQL,IT Jobs,0,0,0,0,0,0,0,0,1,0,0,0,0,0,0,0,0,0,0,0,0,0
75,VIPKid,2018-12-01,Online English Teacher for Children,Teaching Jobs,0,0,0,0,0,0,0,0,0,0,0,0,0,0,0,0,0,0,1,0,0,0
76,"JAS Forwarding , Inc.",2018-12-01,Customs Entry Specialist,Logistics & Warehouse Jobs,0,0,0,0,0,0,0,0,0,0,1,0,0,0,0,0,0,0,0,0,0,0
77,DFOX LLC / Jani King Commercial Cleaning Services,2018-12-01,Janitorial Office Cleaner,Unknown,0,0,0,0,0,0,0,0,0,0,0,0,0,0,0,0,0,0,0,0,0,1
78,Menzies Aviation,2018-12-01,Fueler,Unknown,0,0,0,0,0,0,0,0,0,0,0,0,0,0,0,0,0,0,0,0,0,1
79,VE Inc   Nashville,2018-12-01,OTR Company Driver (FT),Unknown,0,0,0,0,0,0,0,0,0,0,0,0,0,0,0,0,0,0,0,0,0,1
80,Private Apparel Company,2018-12-01,"Outside Sales Representative (Covering AR, KA, KY, MO, MS, TN territo)",Sales Jobs,0,0,0,0,0,0,0,0,0,0,0,0,0,0,0,0,0,1,0,0,0,0
81,CoreCivic,2018-12-01,"Senior Paralegal, Contract Management and Corporate Services",Legal Jobs,0,0,0,0,0,0,0,0,0,1,0,0,0,0,0,0,0,0,0,0,0,0
82,CoreCivic,2018-12-01,Registered Nurse (PRN),Healthcare & Nursing Jobs,0,0,0,0,0,0,1,0,0,0,0,0,0,0,0,0,0,0,0,0,0,0
83,"JAS Forwarding , Inc.",2018-12-01,Branch Manager,Logistics & Warehouse Jobs,0,0,0,0,0,0,0,0,0,0,1,0,0,0,0,0,0,0,0,0,0,0
84,Prime Drivers Staffing,2018-12-01,Yard Switcher,Logistics & Warehouse Jobs,0,0,0,0,0,0,0,0,0,0,1,0,0,0,0,0,0,0,0,0,0,0
85,Legend Brands,2018-12-01,Warehouse Worker,Unknown,0,0,0,0,0,0,0,0,0,0,0,0,0,0,0,0,0,0,0,0,0,1
86,青尚国际,2018-12-01,$15 - $25/hr on-line teacher,"PR, Advertising & Marketing Jobs",0,0,0,0,0,0,0,0,0,0,0,0,0,0,1,0,0,0,0,0,0,0
87,TruckerTime Xpress,2018-12-01,Copy of CDL-A Hazmat/Tanker Driver,HR & Recruitment Jobs,0,0,0,0,0,1,0,0,0,0,0,0,0,0,0,0,0,0,0,0,0,0
88,BCG Attorney Search,2018-12-01,Consumer Bankruptcy Attorney,"PR, Advertising & Marketing Jobs",0,0,0,0,0,0,0,0,0,0,0,0,0,0,1,0,0,0,0,0,0,0
89,828 Newquest LLC,2018-12-01,RN Embedded Care Coordinator - North Downtown Nashville,Healthcare & Nursing Jobs,0,0,0,0,0,0,1,0,0,0,0,0,0,0,0,0,0,0,0,0,0,0
90,828 Newquest LLC,2018-12-01,Senior Segment HEDIS Lead (Quality Manager),Healthcare & Nursing Jobs,0,0,0,0,0,0,1,0,0,0,0,0,0,0,0,0,0,0,0,0,0,0
91,091 Cigna Health & Life Ins. Co.,2018-12-01,Quality Clinical Management Sr Manager (Seniors Segment) - Work at Home,Healthcare & Nursing Jobs,0,0,0,0,0,0,1,0,0,0,0,0,0,0,0,0,0,0,0,0,0,0
92,828 Newquest LLC,2018-12-01,Special Needs Plan Administrator of Operations - Work At Home,Healthcare & Nursing Jobs,0,0,0,0,0,0,1,0,0,0,0,0,0,0,0,0,0,0,0,0,0,0
93,Sarah Cannon Network,2018-12-01,Senior Project Manager - Work From Home,Healthcare & Nursing Jobs,0,0,0,0,0,0,1,0,0,0,0,0,0,0,0,0,0,0,0,0,0,0
94,HCA Corporate,2018-12-01,Assistant Vice President Strategy & Innovation,Consultancy Jobs,0,0,1,0,0,0,0,0,0,0,0,0,0,0,0,0,0,0,0,0,0,0
95,United Auto Credit Corporation,2018-12-01,Outside Sales- Base Salary Uncapped Commission,Sales Jobs,0,0,0,0,0,0,0,0,0,0,0,0,0,0,0,0,0,1,0,0,0,0
96,"Francesca's Collections, Inc.",2018-12-01,Key Holder,"PR, Advertising & Marketing Jobs",0,0,0,0,0,0,0,0,0,0,0,0,0,0,1,0,0,0,0,0,0,0
97,821 HealthSpring Inc,2018-12-01,"Pharmacy Technician- Nashville, TN",Healthcare & Nursing Jobs,0,0,0,0,0,0,1,0,0,0,0,0,0,0,0,0,0,0,0,0,0,0
98,Francesca's Service Corporation,2018-12-01,Key Holder - Future Opportunities,"PR, Advertising & Marketing Jobs",0,0,0,0,0,0,0,0,0,0,0,0,0,0,1,0,0,0,0,0,0,0
99,TruckerTime Xpress,2018-12-01,Regional Driver Home Weekly,HR & Recruitment Jobs,0,0,0,0,0,1,0,0,0,0,0,0,0,0,0,0,0,0,0,0,0,0
100,"Francesca's Collections, Inc.",2018-12-01,Assistant Store Manager - Future Opportunities,"PR, Advertising & Marketing Jobs",0,0,0,0,0,0,0,0,0,0,0,0,0,0,1,0,0,0,0,0,0,0
101,US Department of the Interior,2018-12-01,Administrative Operations Assistant (DE-NN),Admin Jobs,0,1,0,0,0,0,0,0,0,0,0,0,0,0,0,0,0,0,0,0,0,0
102,HealthStream,2018-12-01,Success Manager,Healthcare & Nursing Jobs,0,0,0,0,0,0,1,0,0,0,0,0,0,0,0,0,0,0,0,0,0,0
103,827 HealthSpring Mgmt of America L,2018-12-01,Clinical Pharmacist (Cigna-HealthSpring) – Operations Readiness,Healthcare & Nursing Jobs,0,0,0,0,0,0,1,0,0,0,0,0,0,0,0,0,0,0,0,0,0,0
104,Francesca's Service Corporation,2018-12-01,Assistant Store Manager - Future Opportunities,"PR, Advertising & Marketing Jobs",0,0,0,0,0,0,0,0,0,0,0,0,0,0,1,0,0,0,0,0,0,0
105,HILLER LLC,2018-12-01,Plumbing Re-pipe and Installation up to $25 hourly- Nashville,Trade & Construction Jobs,0,0,0,0,0,0,0,0,0,0,0,0,0,0,0,0,0,0,0,1,0,0
106,XPO Logistics SC Corporate,2018-12-01,Industrial Engineer,Travel Jobs,0,0,0,0,0,0,0,0,0,0,0,0,0,0,0,0,0,0,0,0,1,0
107,R1 RCM,2018-12-01,Patient Registration Representative - St. Thomas,"PR, Advertising & Marketing Jobs",0,0,0,0,0,0,0,0,0,0,0,0,0,0,1,0,0,0,0,0,0,0
108,U.S. Renal Care,2018-12-01,Reimbursement Representative,"PR, Advertising & Marketing Jobs",0,0,0,0,0,0,0,0,0,0,0,0,0,0,1,0,0,0,0,0,0,0
109,Land O'Lakes Inc.,2018-12-01,Housekeeping-First Shift,"PR, Advertising & Marketing Jobs",0,0,0,0,0,0,0,0,0,0,0,0,0,0,1,0,0,0,0,0,0,0
110,Usa Survey Job,2018-12-01,Data Entry - Part Time,Admin Jobs,0,1,0,0,0,0,0,0,0,0,0,0,0,0,0,0,0,0,0,0,0,0
111,Usa Survey Job,2018-12-01,Data Entry Clerk,Admin Jobs,0,1,0,0,0,0,0,0,0,0,0,0,0,0,0,0,0,0,0,0,0,0
112,Usa Survey Job,2018-12-01,Work at Home - Administrative Assistant,Admin Jobs,0,1,0,0,0,0,0,0,0,0,0,0,0,0,0,0,0,0,0,0,0,0
113,Usa Survey Job,2018-12-01,Data Entry Work from Home,Admin Jobs,0,1,0,0,0,0,0,0,0,0,0,0,0,0,0,0,0,0,0,0,0,0
114,Penske,2018-12-01,Diesel Technician/Mechanic III - Entry Level,Logistics & Warehouse Jobs,0,0,0,0,0,0,0,0,0,0,1,0,0,0,0,0,0,0,0,0,0,0
115,Penske,2019-01-01,Diesel Technician/Mechanic - Part-Time,Logistics & Warehouse Jobs,0,0,0,0,0,0,0,0,0,0,1,0,0,0,0,0,0,0,0,0,0,0
116,"XPO Logistics, Inc.",2019-01-01,Facilities Engineering Project Manager,Logistics & Warehouse Jobs,0,0,0,0,0,0,0,0,0,0,1,0,0,0,0,0,0,0,0,0,0,0
117,Logistic Dynamics Inc.,2019-01-01,Freight Broker Agent - Experience Required,Logistics & Warehouse Jobs,0,0,0,0,0,0,0,0,0,0,1,0,0,0,0,0,0,0,0,0,0,0
118,Canada Survey Job,2019-01-01,Data Entry Clerk - Customer Service - Work from Home,"PR, Advertising & Marketing Jobs",0,0,0,0,0,0,0,0,0,0,0,0,0,0,1,0,0,0,0,0,0,0
119,Best Buy,2019-01-01,Sales Consultant - Comp,"PR, Advertising & Marketing Jobs",0,0,0,0,0,0,0,0,0,0,0,0,0,0,1,0,0,0,0,0,0,0
120,Best Buy,2019-01-01,Connected Devices Sales Consultant,"PR, Advertising & Marketing Jobs",0,0,0,0,0,0,0,0,0,0,0,0,0,0,1,0,0,0,0,0,0,0
121,R1 RCM,2019-01-01,Patient Registration Representative - St. Thomas Midtown,"PR, Advertising & Marketing Jobs",0,0,0,0,0,0,0,0,0,0,0,0,0,0,1,0,0,0,0,0,0,0
122,"XPO Logistics, Inc.",2019-01-01,Freight Operations Supervisor,Logistics & Warehouse Jobs,0,0,0,0,0,0,0,0,0,0,1,0,0,0,0,0,0,0,0,0,0,0
123,Miller Way,2019-01-01,Marketing Manager (Remote),Unknown,0,0,0,0,0,0,0,0,0,0,0,0,0,0,0,0,0,0,0,0,0,1
124,UsaSurveyJob,2019-01-01,Data Entry Clerk - Work from Home,Retail Jobs,0,0,0,0,0,0,0,0,0,0,0,0,0,0,0,0,1,0,0,0,0,0
125,O'Reilly Auto Parts,2019-01-01,Warehouse Worker - Material Handler,Logistics & Warehouse Jobs,0,0,0,0,0,0,0,0,0,0,1,0,0,0,0,0,0,0,0,0,0,0
126,Best Buy,2019-01-01,Best Buy - Google Expert,"PR, Advertising & Marketing Jobs",0,0,0,0,0,0,0,0,0,0,0,0,0,0,1,0,0,0,0,0,0,0
127,HILLER LLC,2019-01-01,"HVAC Service Technician up to $25 hourly - Nashville, TN",Maintenance Jobs,0,0,0,0,0,0,0,0,0,0,0,1,0,0,0,0,0,0,0,0,0,0
128,HILLER LLC,2019-01-01,HVAC Install Technian up to $25 hourly- Nashville,Maintenance Jobs,0,0,0,0,0,0,0,0,0,0,0,1,0,0,0,0,0,0,0,0,0,0
129,828 Newquest LLC,2019-01-01,Nurse Practitioner,Healthcare & Nursing Jobs,0,0,0,0,0,0,1,0,0,0,0,0,0,0,0,0,0,0,0,0,0,0
130,Best Buy,2019-01-01,Sales Consultant - Home Theater,"PR, Advertising & Marketing Jobs",0,0,0,0,0,0,0,0,0,0,0,0,0,0,1,0,0,0,0,0,0,0
131,Extended Stay America,2019-01-01,KAI ESA Housekeeper Full Time-101060,Hospitality & Catering Jobs,0,0,0,0,0,0,0,1,0,0,0,0,0,0,0,0,0,0,0,0,0,0
132,CoreCivic,2019-01-01,Correctional Officer – Nashville Regional Area,Other/General Jobs,0,0,0,0,0,0,0,0,0,0,0,0,0,1,0,0,0,0,0,0,0,0
133,CoreCivic,2019-01-01,Correctional Officer,Other/General Jobs,0,0,0,0,0,0,0,0,0,0,0,0,0,1,0,0,0,0,0,0,0,0
134,J. Crew,2019-01-01,"Assistant Manager, Madewell, The Mall at Green Hills",Admin Jobs,0,1,0,0,0,0,0,0,0,0,0,0,0,0,0,0,0,0,0,0,0,0
135,J. Crew ,2019-01-01,"Assistant Manager, Madewell, The Mall at Green Hills",Admin Jobs,0,1,0,0,0,0,0,0,0,0,0,0,0,0,0,0,0,0,0,0,0,0
136,Averitt Express,2019-01-01,Freight Clerk,Logistics & Warehouse Jobs,0,0,0,0,0,0,0,0,0,0,1,0,0,0,0,0,0,0,0,0,0,0
137,Army National Guard,2019-01-01,15T UH-60 Utility Helicopter Repairer,Logistics & Warehouse Jobs,0,0,0,0,0,0,0,0,0,0,1,0,0,0,0,0,0,0,0,0,0,0
138,Army National Guard,2019-01-01,35G Imagery Analyst,Logistics & Warehouse Jobs,0,0,0,0,0,0,0,0,0,0,1,0,0,0,0,0,0,0,0,0,0,0
139,Averitt Express,2019-01-01,IS Developer,Logistics & Warehouse Jobs,0,0,0,0,0,0,0,0,0,0,1,0,0,0,0,0,0,0,0,0,0,0
140,Lee Company,2019-01-01,Sheet Metal Foreman (Fabrication),"PR, Advertising & Marketing Jobs",0,0,0,0,0,0,0,0,0,0,0,0,0,0,1,0,0,0,0,0,0,0
141,Robert Half International,2019-01-01,Recruiting Manager RH Finance and Accounting,"PR, Advertising & Marketing Jobs",0,0,0,0,0,0,0,0,0,0,0,0,0,0,1,0,0,0,0,0,0,0
142,Lee Company,2019-01-01,Plumber (Fabrication),"PR, Advertising & Marketing Jobs",0,0,0,0,0,0,0,0,0,0,0,0,0,0,1,0,0,0,0,0,0,0
143,Lee Company,2019-01-01,Sheet Metal Helper - Fabrication Shop,"PR, Advertising & Marketing Jobs",0,0,0,0,0,0,0,0,0,0,0,0,0,0,1,0,0,0,0,0,0,0
144,Lee Company,2019-01-01,Sheet Metal Mechanic (Fabrication),"PR, Advertising & Marketing Jobs",0,0,0,0,0,0,0,0,0,0,0,0,0,0,1,0,0,0,0,0,0,0
145,Lee Company,2019-01-01,Plumbing Foreman,"PR, Advertising & Marketing Jobs",0,0,0,0,0,0,0,0,0,0,0,0,0,0,1,0,0,0,0,0,0,0
146,HealthStream,2019-01-01,Onboarding Specialist,Healthcare & Nursing Jobs,0,0,0,0,0,0,1,0,0,0,0,0,0,0,0,0,0,0,0,0,0,0
147,HealthStream,2019-01-01,Systems Developer,Healthcare & Nursing Jobs,0,0,0,0,0,0,1,0,0,0,0,0,0,0,0,0,0,0,0,0,0,0
148,Lee Company,2019-01-01,Sheet Metal Mechanic (Fabrication) - Second Shift,"PR, Advertising & Marketing Jobs",0,0,0,0,0,0,0,0,0,0,0,0,0,0,1,0,0,0,0,0,0,0
149,Lee Company,2019-01-01,Sheet Metal Shop Supervisor,"PR, Advertising & Marketing Jobs",0,0,0,0,0,0,0,0,0,0,0,0,0,0,1,0,0,0,0,0,0,0
150,Lee Company,2019-01-01,Plumbing Helper - Fabrication Shop,"PR, Advertising & Marketing Jobs",0,0,0,0,0,0,0,0,0,0,0,0,0,0,1,0,0,0,0,0,0,0
151,Chubb,2019-01-01,Equipment Breakdown Risk Engineer,Property Jobs,0,0,0,0,0,0,0,0,0,0,0,0,0,0,0,1,0,0,0,0,0,0
152,J. Crew ,2019-01-01,"Assistant Manager (Part-Time), Madewell Ave Nashville",Unknown,0,0,0,0,0,0,0,0,0,0,0,0,0,0,0,0,0,0,0,0,0,1
153,Pathmark Transportation,2019-01-01,Freight Agent / Freight Broker,Logistics & Warehouse Jobs,0,0,0,0,0,0,0,0,0,0,1,0,0,0,0,0,0,0,0,0,0,0
154,ChanceLight,2019-01-01,Sr HRIS Analyst - ChanceLight,"PR, Advertising & Marketing Jobs",0,0,0,0,0,0,0,0,0,0,0,0,0,0,1,0,0,0,0,0,0,0
155,ChanceLight,2019-01-01,High School Teacher - Ombudsman,"PR, Advertising & Marketing Jobs",0,0,0,0,0,0,0,0,0,0,0,0,0,0,1,0,0,0,0,0,0,0
156,828 Newquest LLC,2019-01-01,"Customer Service Rep Sr. Associate, Nashville, TN (Call Center Environment)",Healthcare & Nursing Jobs,0,0,0,0,0,0,1,0,0,0,0,0,0,0,0,0,0,0,0,0,0,0
157,infosys,2019-01-01,Technology Lead - US,Other/General Jobs,0,0,0,0,0,0,0,0,0,0,0,0,0,1,0,0,0,0,0,0,0,0
158,Metropolitan Government of Nashville & Davidson County,2019-01-01,Building Maintenance Superintendent - Library,HR & Recruitment Jobs,0,0,0,0,0,1,0,0,0,0,0,0,0,0,0,0,0,0,0,0,0,0
159,Vanderbilt University Medical Center,2019-01-01,Temporary Administrative Assistant,Admin Jobs,0,1,0,0,0,0,0,0,0,0,0,0,0,0,0,0,0,0,0,0,0,0
160,CenturyLink,2019-01-01,SR COMMERCIAL ACCOUNT EXECUTIVE,IT Jobs,0,0,0,0,0,0,0,0,1,0,0,0,0,0,0,0,0,0,0,0,0,0
161,Lose Design,2019-01-01,Project Accounting Coordinator,Accounting & Finance Jobs,1,0,0,0,0,0,0,0,0,0,0,0,0,0,0,0,0,0,0,0,0,0
162,Betacom Incorporated,2019-01-01,Close Out Coordinators (Hendersonville),IT Jobs,0,0,0,0,0,0,0,0,1,0,0,0,0,0,0,0,0,0,0,0,0,0
163,Comcast,2019-01-01,Enterprise Solutions Account Executive - National Client Group,IT Jobs,0,0,0,0,0,0,0,0,1,0,0,0,0,0,0,0,0,0,0,0,0,0
164,"XPO Logistics, Inc.",2019-01-01,Freight Operations Manager,Logistics & Warehouse Jobs,0,0,0,0,0,0,0,0,0,0,1,0,0,0,0,0,0,0,0,0,0,0
165,O'Reilly Auto Parts,2019-01-01,Assistant Transportation Supervisor,Logistics & Warehouse Jobs,0,0,0,0,0,0,0,0,0,0,1,0,0,0,0,0,0,0,0,0,0,0
166,U.S. Renal Care,2019-01-01,Admissions Coordinator,"PR, Advertising & Marketing Jobs",0,0,0,0,0,0,0,0,0,0,0,0,0,0,1,0,0,0,0,0,0,0
167,Kenco,2019-01-01,Dock & Door Sales Rep,"PR, Advertising & Marketing Jobs",0,0,0,0,0,0,0,0,0,0,0,0,0,0,1,0,0,0,0,0,0,0
168,Orkin,2019-01-01,Outside Sales Representative,"PR, Advertising & Marketing Jobs",0,0,0,0,0,0,0,0,0,0,0,0,0,0,1,0,0,0,0,0,0,0
169,Orkin,2019-01-01,Termite Technician,"PR, Advertising & Marketing Jobs",0,0,0,0,0,0,0,0,0,0,0,0,0,0,1,0,0,0,0,0,0,0
170,Lambert's Coffee Service Inc,2019-01-01,Business Sales Area Manager,Accounting & Finance Jobs,1,0,0,0,0,0,0,0,0,0,0,0,0,0,0,0,0,0,0,0,0,0
171,BAGBNB,2019-01-01,Business Development Representative - project,Sales Jobs,0,0,0,0,0,0,0,0,0,0,0,0,0,0,0,0,0,1,0,0,0,0
172,Averitt Express,2019-01-01,Dock Worker Part Time,Logistics & Warehouse Jobs,0,0,0,0,0,0,0,0,0,0,1,0,0,0,0,0,0,0,0,0,0,0
173,Penske,2019-01-01,Customer Service Representative (Fueler/Washer/Detailer) - Part-Time,Logistics & Warehouse Jobs,0,0,0,0,0,0,0,0,0,0,1,0,0,0,0,0,0,0,0,0,0,0
174,O'Reilly Auto Parts,2019-01-01,Forklift Operator 2nd Shift,Logistics & Warehouse Jobs,0,0,0,0,0,0,0,0,0,0,1,0,0,0,0,0,0,0,0,0,0,0
175,Best Buy,2019-01-01,LG Experience Expert,"PR, Advertising & Marketing Jobs",0,0,0,0,0,0,0,0,0,0,0,0,0,0,1,0,0,0,0,0,0,0
176,Intrepid USA,2019-01-01,Business Office Manager,HR & Recruitment Jobs,0,0,0,0,0,1,0,0,0,0,0,0,0,0,0,0,0,0,0,0,0,0
177,Worldwide Logistic Partners Inc,2019-01-01,Logistics Sales Professionals - Home Office,Logistics & Warehouse Jobs,0,0,0,0,0,0,0,0,0,0,1,0,0,0,0,0,0,0,0,0,0,0
178,Five Star Food Services   Chattanooga,2019-01-01,Dining Center Crew Member (Cashier),Unknown,0,0,0,0,0,0,0,0,0,0,0,0,0,0,0,0,0,0,0,0,0,1
179,Newgen Aviation Corporation,2019-01-01,Interiors Mechanic,Unknown,0,0,0,0,0,0,0,0,0,0,0,0,0,0,0,0,0,0,0,0,0,1
180,Newgen Aviation Corporation,2019-01-01,A&P Mechanic,Unknown,0,0,0,0,0,0,0,0,0,0,0,0,0,0,0,0,0,0,0,0,0,1
181,Five Star Food Services   Chattanooga,2019-01-01,Barista,Unknown,0,0,0,0,0,0,0,0,0,0,0,0,0,0,0,0,0,0,0,0,0,1
182,Five Star Food Services   Chattanooga,2019-01-01,Dining Center Crew Member (Prep Cook),Unknown,0,0,0,0,0,0,0,0,0,0,0,0,0,0,0,0,0,0,0,0,0,1
183,HILLER LLC,2019-01-01,Electrical Instructor,Trade & Construction Jobs,0,0,0,0,0,0,0,0,0,0,0,0,0,0,0,0,0,0,0,1,0,0
184,Healthstream,2019-01-01,Associate Systems Administrator,Healthcare & Nursing Jobs,0,0,0,0,0,0,1,0,0,0,0,0,0,0,0,0,0,0,0,0,0,0
185,HILLER LLC,2019-01-01,Plumbing Manager,Trade & Construction Jobs,0,0,0,0,0,0,0,0,0,0,0,0,0,0,0,0,0,0,0,1,0,0
186,Healthstream,2019-01-01,Sales - Clinical Risk Specialist,Healthcare & Nursing Jobs,0,0,0,0,0,0,1,0,0,0,0,0,0,0,0,0,0,0,0,0,0,0
187,Leukemia & Lymphoma Society,2019-01-01,Fundraising Campaign Assistant,HR & Recruitment Jobs,0,0,0,0,0,1,0,0,0,0,0,0,0,0,0,0,0,0,0,0,0,0
188,USI,2019-01-01,Insulation Production Manager,Trade & Construction Jobs,0,0,0,0,0,0,0,0,0,0,0,0,0,0,0,0,0,0,0,1,0,0
189,Central Woodwork,2019-01-01,Sales Associate - Millwork,Manufacturing Jobs,0,0,0,0,0,0,0,0,0,0,0,0,1,0,0,0,0,0,0,0,0,0
190,Contessa Health LLC,2019-01-01,Senior Software Engineer,Engineering Jobs,0,0,0,0,1,0,0,0,0,0,0,0,0,0,0,0,0,0,0,0,0,0
191,Revolution Technologies,2019-01-01,Executive Assistant (temporary),Admin Jobs,0,1,0,0,0,0,0,0,0,0,0,0,0,0,0,0,0,0,0,0,0,0
192,DSL EX   Villa Park,2019-01-01,OTR Company Driver,Unknown,0,0,0,0,0,0,0,0,0,0,0,0,0,0,0,0,0,0,0,0,0,1
193,Best Buy,2019-01-01,"Best Buy Sales Consultant –Home Theater, Magnolia Home Theater","PR, Advertising & Marketing Jobs",0,0,0,0,0,0,0,0,0,0,0,0,0,0,1,0,0,0,0,0,0,0
194,Heartland Dental,2019-01-01,Dental Assistant,"PR, Advertising & Marketing Jobs",0,0,0,0,0,0,0,0,0,0,0,0,0,0,1,0,0,0,0,0,0,0
195,Heartland Dental,2019-01-01,Front Office Team Member - Business Assistant,"PR, Advertising & Marketing Jobs",0,0,0,0,0,0,0,0,0,0,0,0,0,0,1,0,0,0,0,0,0,0
196,Best Buy,2019-01-01,Best Buy Sales Consultant – Lifestyles,"PR, Advertising & Marketing Jobs",0,0,0,0,0,0,0,0,0,0,0,0,0,0,1,0,0,0,0,0,0,0
197,Robert Half International,2019-01-01,RHFA A/O Division Director,"PR, Advertising & Marketing Jobs",0,0,0,0,0,0,0,0,0,0,0,0,0,0,1,0,0,0,0,0,0,0
198,KePRO,2019-01-01,Contract Coordinator,Admin Jobs,0,1,0,0,0,0,0,0,0,0,0,0,0,0,0,0,0,0,0,0,0,0
199,Apogee Telecom,2019-01-01,Client Services Manager,IT Jobs,0,0,0,0,0,0,0,0,1,0,0,0,0,0,0,0,0,0,0,0,0,0
200,Superprof,2019-01-01,Work From Home / Tutoring,Teaching Jobs,0,0,0,0,0,0,0,0,0,0,0,0,0,0,0,0,0,0,1,0,0,0
201,CoreCivic,2019-01-01,"Director, Ethics and Compliance",Legal Jobs,0,0,0,0,0,0,0,0,0,1,0,0,0,0,0,0,0,0,0,0,0,0
202,Pathmark Transportation,2019-01-01,Freight Broker Agents / Agency Owners,Logistics & Warehouse Jobs,0,0,0,0,0,0,0,0,0,0,1,0,0,0,0,0,0,0,0,0,0,0
203,Army National Guard,2019-01-01,35T Military Intelligence Systems Maintainer/Integrator,Logistics & Warehouse Jobs,0,0,0,0,0,0,0,0,0,0,1,0,0,0,0,0,0,0,0,0,0,0
204,HD Supply,2019-01-01,Account Manager,Logistics & Warehouse Jobs,0,0,0,0,0,0,0,0,0,0,1,0,0,0,0,0,0,0,0,0,0,0
205,Interstate Truck Center,2019-01-01,Mobile Truck and Trailer Technician (Remote),Unknown,0,0,0,0,0,0,0,0,0,0,0,0,0,0,0,0,0,0,0,0,0,1
206,Concrete Strategies,2019-01-01,Traveling Commercial Concrete Foreman (Tilt Up),Unknown,0,0,0,0,0,0,0,0,0,0,0,0,0,0,0,0,0,0,0,0,0,1
207,EF English First,2019-01-01,English Teacher - Teach English in China,Teaching Jobs,0,0,0,0,0,0,0,0,0,0,0,0,0,0,0,0,0,0,1,0,0,0
208,Healthstream,2019-01-01,"Sales - Client Account Manager, Small Accounts",Healthcare & Nursing Jobs,0,0,0,0,0,0,1,0,0,0,0,0,0,0,0,0,0,0,0,0,0,0
209,R1 RCM,2019-01-01,Senior Operations Lead - Physician Revenue Cycle,"PR, Advertising & Marketing Jobs",0,0,0,0,0,0,0,0,0,0,0,0,0,0,1,0,0,0,0,0,0,0
210,Saturn Freight Systems,2019-01-01,Transportation Sales Professionals - Full-Time & P/T - Home Office - Salary W/Comm. or Comm. Only,Logistics & Warehouse Jobs,0,0,0,0,0,0,0,0,0,0,1,0,0,0,0,0,0,0,0,0,0,0
211,Army National Guard,2019-01-01,25U Signal Support Systems Specialist,Logistics & Warehouse Jobs,0,0,0,0,0,0,0,0,0,0,1,0,0,0,0,0,0,0,0,0,0,0
212,Army National Guard,2019-01-01,15B Aircraft Powerplant Repairer,Logistics & Warehouse Jobs,0,0,0,0,0,0,0,0,0,0,1,0,0,0,0,0,0,0,0,0,0,0
213,Army National Guard,2019-01-01,35P Cryptologic Linguist,Logistics & Warehouse Jobs,0,0,0,0,0,0,0,0,0,0,1,0,0,0,0,0,0,0,0,0,0,0
214,Army National Guard,2019-01-01,15N Avionics Mechanic,Logistics & Warehouse Jobs,0,0,0,0,0,0,0,0,0,0,1,0,0,0,0,0,0,0,0,0,0,0
215,Keurig Dr Pepper,2019-01-01,Warehouse Picker Order Selector-Eligible For Bonus,Logistics & Warehouse Jobs,0,0,0,0,0,0,0,0,0,0,1,0,0,0,0,0,0,0,0,0,0,0
216,Army National Guard,2019-01-01,15H Aircraft Pneudraulics Repairer,Logistics & Warehouse Jobs,0,0,0,0,0,0,0,0,0,0,1,0,0,0,0,0,0,0,0,0,0,0
217,Averitt Express,2019-01-01,Diesel Mechanic,Logistics & Warehouse Jobs,0,0,0,0,0,0,0,0,0,0,1,0,0,0,0,0,0,0,0,0,0,0
218,Express Goods,2019-01-01,Warehouse Worker/Material Handler (FT),Unknown,0,0,0,0,0,0,0,0,0,0,0,0,0,0,0,0,0,0,0,0,0,1
219,Express Goods,2019-01-01,Warehouse Worker (PT),Unknown,0,0,0,0,0,0,0,0,0,0,0,0,0,0,0,0,0,0,0,0,0,1
220,Common Ground Cooperative,2019-01-01,Registered Behavior Technician,Unknown,0,0,0,0,0,0,0,0,0,0,0,0,0,0,0,0,0,0,0,0,0,1
221,Francesca's Service Corporation,2019-01-01,Retail Sales Associate,"PR, Advertising & Marketing Jobs",0,0,0,0,0,0,0,0,0,0,0,0,0,0,1,0,0,0,0,0,0,0
222,Shimadzu Scientific Instruments,2019-01-01,Field Service Engineer,"PR, Advertising & Marketing Jobs",0,0,0,0,0,0,0,0,0,0,0,0,0,0,1,0,0,0,0,0,0,0
223,Healthstream,2019-01-01,Customer Service Specialist - Content,Healthcare & Nursing Jobs,0,0,0,0,0,0,1,0,0,0,0,0,0,0,0,0,0,0,0,0,0,0
224,"XPO Logistics, Inc.",2019-01-01,Carrier Procurement Representative,Travel Jobs,0,0,0,0,0,0,0,0,0,0,0,0,0,0,0,0,0,0,0,0,1,0
225,McAlpine  Architecture & Interiors,2019-01-01,Executive Administrative Assistant,Engineering Jobs,0,0,0,0,1,0,0,0,0,0,0,0,0,0,0,0,0,0,0,0,0,0
226,ADB Companies,2019-01-01,Project Manager/Supervisor,Trade & Construction Jobs,0,0,0,0,0,0,0,0,0,0,0,0,0,0,0,0,0,0,0,1,0,0
227,Army National Guard,2019-01-01,25B Information Technology Specialist,Logistics & Warehouse Jobs,0,0,0,0,0,0,0,0,0,0,1,0,0,0,0,0,0,0,0,0,0,0
228,Army National Guard,2019-01-01,35M Warrant Officer: Human Intelligence Collection Technician,Logistics & Warehouse Jobs,0,0,0,0,0,0,0,0,0,0,1,0,0,0,0,0,0,0,0,0,0,0
229,Avis Budget Group,2019-01-01,Local Market Sales Manager,Logistics & Warehouse Jobs,0,0,0,0,0,0,0,0,0,0,1,0,0,0,0,0,0,0,0,0,0,0
230,Avis Budget Group,2019-01-01,Vehicle Service Agent,Logistics & Warehouse Jobs,0,0,0,0,0,0,0,0,0,0,1,0,0,0,0,0,0,0,0,0,0,0
231,Army National Guard,2019-01-01,31B Military Police - Police Officer,Logistics & Warehouse Jobs,0,0,0,0,0,0,0,0,0,0,1,0,0,0,0,0,0,0,0,0,0,0
232,Army National Guard,2019-01-01,25L Cable Systems Installer/Maintainer,Logistics & Warehouse Jobs,0,0,0,0,0,0,0,0,0,0,1,0,0,0,0,0,0,0,0,0,0,0
234,Kimberly Clark Corporation,2019-01-01,Business Partner Analyst (Sales Analyst),"PR, Advertising & Marketing Jobs",0,0,0,0,0,0,0,0,0,0,0,0,0,0,1,0,0,0,0,0,0,0
235,Best Buy,2019-01-01,Technician/Agent. Geek Squad Advance Repair,"PR, Advertising & Marketing Jobs",0,0,0,0,0,0,0,0,0,0,0,0,0,0,1,0,0,0,0,0,0,0
236,ChanceLight,2019-01-01,Senior Manager of Billing,"PR, Advertising & Marketing Jobs",0,0,0,0,0,0,0,0,0,0,0,0,0,0,1,0,0,0,0,0,0,0
237,Best Buy,2019-01-01,Smart Home Expert,"PR, Advertising & Marketing Jobs",0,0,0,0,0,0,0,0,0,0,0,0,0,0,1,0,0,0,0,0,0,0
238,Securitas,2019-01-01,Project Manager (5255),HR & Recruitment Jobs,0,0,0,0,0,1,0,0,0,0,0,0,0,0,0,0,0,0,0,0,0,0
239,Brasfield & Gorrie,2019-01-01,Laborer,Teaching Jobs,0,0,0,0,0,0,0,0,0,0,0,0,0,0,0,0,0,0,1,0,0,0
240,Army National Guard,2019-01-01,91B Light-Wheel Vehicle Mechanic,Logistics & Warehouse Jobs,0,0,0,0,0,0,0,0,0,0,1,0,0,0,0,0,0,0,0,0,0,0
241,Salem Carriers,2019-01-01,Fleet Diesel Mechanics/Technician,Logistics & Warehouse Jobs,0,0,0,0,0,0,0,0,0,0,1,0,0,0,0,0,0,0,0,0,0,0
242,HILLER LLC,2019-01-01,Plumbing Service Technician up to $30 hourly - Nashville Area,Trade & Construction Jobs,0,0,0,0,0,0,0,0,0,0,0,0,0,0,0,0,0,0,0,1,0,0
