,company,date,title,salary,All_Sectors,Admin Jobs,Engineering Jobs,Healthcare & Nursing Jobs,Logistics & Warehouse Jobs,Social work Jobs,Travel Jobs,Unknown
0,J.S. Helwig and Sons LLC,2018-05-01,Company Truck Driver (CDL-A),0,Unknown,0,0,0,0,0,0,1
1,C.R. England,2018-06-01,"CDL Training School We Train, We Hire - Guaranteed",0,Logistics & Warehouse Jobs,0,0,0,1,0,0,0
2,C.R. England,2018-09-01,"Become a Truck Driver We Train, We Hire - Guaranteed",0,Logistics & Warehouse Jobs,0,0,0,1,0,0,0
3,C.R. England,2018-09-01,"Entry Level CDL Truck Driver We Train, We Hire - Guaranteed",0,Unknown,0,0,0,0,0,0,1
4,C.R. England,2018-10-01,Entry-Level CDL-A Truck Drivers - Paid Training & Guaranteed Placement,0,Unknown,0,0,0,0,0,0,1
5,C.R. England,2018-10-01,Recent Grad CDL-A Truck Driver - Paid Training,0,Unknown,0,0,0,0,0,0,1
6,C.R. England,2018-10-01,Truck Driver Class A CDL Recent Grads - Paid Training,0,Unknown,0,0,0,0,0,0,1
7,C.R. England,2018-11-01,No Experience - We Train New Truck Drivers,0,Unknown,0,0,0,0,0,0,1
8,Care.com,2018-11-01,Nanny Needed For 1 Child In Trinity.,0,Social work Jobs,0,0,0,0,1,0,0
9,Dollar General,2018-12-01,"LEAD SALES ASSOCIATE-PT in TRINITY, TX",0,Unknown,0,0,0,0,0,0,1
10,Dollar General,2018-12-01,"LEAD SALES ASSOCIATE-FT in TRINITY, TX",0,Unknown,0,0,0,0,0,0,1
11,Dollar General,2018-12-01,"SALES ASSOCIATE in TRINITY, TX",0,Unknown,0,0,0,0,0,0,1
12,Cox Communications,2018-12-01,Dispatcher Transport Coordinator,0,Unknown,0,0,0,0,0,0,1
13,Cox Communications,2018-12-01,Lot Operations Supervisor,0,Admin Jobs,1,0,0,0,0,0,0
14,Cox Communications,2018-12-01,Auto Auction Detail Technician-Interior,0,Engineering Jobs,0,1,0,0,0,0,0
15,Cox Communications,2019-01-01,Auto Auction Detail Technician/Car Washer,0,Unknown,0,0,0,0,0,0,1
16,Heartland Express,2019-01-01,Class A CDL Truck Driver,0,Logistics & Warehouse Jobs,0,0,0,1,0,0,0
17,LabCorp,2019-01-01,"Phlebotomist - Trinity, TX",0,Healthcare & Nursing Jobs,0,0,1,0,0,0,0
18,CRST Expedited,2019-01-01,Recent CDL-A Grad Truck Drivers,0,Logistics & Warehouse Jobs,0,0,0,1,0,0,0
19,C.R. England,2019-01-01,Flatbed CDL-A Dedicated Truck Drivers - Better Pay,0,Travel Jobs,0,0,0,0,0,1,0
