,company,date,title,All_Sectors,Admin Jobs,Engineering Jobs,Healthcare & Nursing Jobs,Logistics & Warehouse Jobs,Social work Jobs,Travel Jobs,Unknown
0,J.S. Helwig and Sons LLC,2018-05-01,Company Truck Driver (CDL-A),Unknown,0,0,0,0,0,0,1
1,C.R. England,2018-06-01,"CDL Training School We Train, We Hire - Guaranteed",Logistics & Warehouse Jobs,0,0,0,1,0,0,0
2,C.R. England,2018-09-01,"Become a Truck Driver We Train, We Hire - Guaranteed",Logistics & Warehouse Jobs,0,0,0,1,0,0,0
3,C.R. England,2018-09-01,"Entry Level CDL Truck Driver We Train, We Hire - Guaranteed",Unknown,0,0,0,0,0,0,1
4,C.R. England,2018-10-01,Entry-Level CDL-A Truck Drivers - Paid Training & Guaranteed Placement,Unknown,0,0,0,0,0,0,1
5,C.R. England,2018-10-01,Recent Grad CDL-A Truck Driver - Paid Training,Unknown,0,0,0,0,0,0,1
6,C.R. England,2018-10-01,Truck Driver Class A CDL Recent Grads - Paid Training,Unknown,0,0,0,0,0,0,1
7,C.R. England,2018-11-01,No Experience - We Train New Truck Drivers,Unknown,0,0,0,0,0,0,1
8,Care.com,2018-11-01,Nanny Needed For 1 Child In Trinity.,Social work Jobs,0,0,0,0,1,0,0
9,Dollar General,2018-12-01,"LEAD SALES ASSOCIATE-PT in TRINITY, TX",Unknown,0,0,0,0,0,0,1
10,Dollar General,2018-12-01,"LEAD SALES ASSOCIATE-FT in TRINITY, TX",Unknown,0,0,0,0,0,0,1
11,Dollar General,2018-12-01,"SALES ASSOCIATE in TRINITY, TX",Unknown,0,0,0,0,0,0,1
12,Cox Communications,2018-12-01,Lot Operations Supervisor,Admin Jobs,1,0,0,0,0,0,0
13,Cox Communications,2018-12-01,Auto Auction Detail Technician-Interior,Engineering Jobs,0,1,0,0,0,0,0
14,Cox Communications,2019-01-01,Auto Auction Detail Technician/Car Washer,Unknown,0,0,0,0,0,0,1
15,Heartland Express,2019-01-01,Class A CDL Truck Driver,Logistics & Warehouse Jobs,0,0,0,1,0,0,0
16,LabCorp,2019-01-01,"Phlebotomist - Trinity, TX",Unknown,0,0,0,0,0,0,1
17,LabCorp,2019-01-01,"Phlebotomist - Trinity, TX",Healthcare & Nursing Jobs,0,0,1,0,0,0,0
19,C.R. England,2019-01-01,Flatbed CDL-A Dedicated Truck Drivers - Better Pay,Travel Jobs,0,0,0,0,0,1,0
