,company,date,title,All_Sectors,Accounting & Finance Jobs,Admin Jobs,Charity & Voluntary Jobs,Consultancy Jobs,Customer Services Jobs,Domestic help & Cleaning Jobs,"Energy, Oil & Gas Jobs",Engineering Jobs,HR & Recruitment Jobs,Healthcare & Nursing Jobs,Hospitality & Catering Jobs,IT Jobs,Logistics & Warehouse Jobs,Manufacturing Jobs,Other/General Jobs,"PR, Advertising & Marketing Jobs",Property Jobs,Retail Jobs,Sales Jobs,Teaching Jobs,Trade & Construction Jobs,Travel Jobs,Unknown
0,Babysits,2018-06-01,Babysitter wanted in Austin - babysitting Austin,Domestic help & Cleaning Jobs,0,0,0,0,0,1,0,0,0,0,0,0,0,0,0,0,0,0,0,0,0,0,0
2,Superprof,2018-07-01,"Superprof, the USA’s 1 tutoring network, is offering you the chance to become a private tutor - Austin",Teaching Jobs,0,0,0,0,0,0,0,0,0,0,0,0,0,0,0,0,0,0,0,1,0,0,0
3,ACDi,2018-08-01,Asst Customer Service Supervisor 16386,Unknown,0,0,0,0,0,0,0,0,0,0,0,0,0,0,0,0,0,0,0,0,0,0,1
4,ACDi,2018-08-01,Inventory Analysis Business Analyst-94032,Unknown,0,0,0,0,0,0,0,0,0,0,0,0,0,0,0,0,0,0,0,0,0,0,1
5,ACDi,2018-08-01,Team Human Resources Specialist - 40828,Unknown,0,0,0,0,0,0,0,0,0,0,0,0,0,0,0,0,0,0,0,0,0,0,1
6,Macquarie Group,2018-09-01,Workplace Health Safety & Environment (WHSE) Manager,Consultancy Jobs,0,0,0,1,0,0,0,0,0,0,0,0,0,0,0,0,0,0,0,0,0,0,0
7,First Future,2018-09-01,Part-time English Teacher working onl,Teaching Jobs,0,0,0,0,0,0,0,0,0,0,0,0,0,0,0,0,0,0,0,1,0,0,0
8,First Future,2018-09-01,Online ESL English Teacher Wanted,Teaching Jobs,0,0,0,0,0,0,0,0,0,0,0,0,0,0,0,0,0,0,0,1,0,0,0
9,First Future,2018-09-01,Online ESL- English Teacher,Teaching Jobs,0,0,0,0,0,0,0,0,0,0,0,0,0,0,0,0,0,0,0,1,0,0,0
10,BlingABC by XDF,2018-09-01,Teach English Online From Home,Teaching Jobs,0,0,0,0,0,0,0,0,0,0,0,0,0,0,0,0,0,0,0,1,0,0,0
11,First Future,2018-09-01,"ESL teacher,high salary,no commuting",Teaching Jobs,0,0,0,0,0,0,0,0,0,0,0,0,0,0,0,0,0,0,0,1,0,0,0
12,First Future,2018-09-01,Online ESL Teachers for Chinese stude,Teaching Jobs,0,0,0,0,0,0,0,0,0,0,0,0,0,0,0,0,0,0,0,1,0,0,0
13,ESL Suite,2018-09-01,Online EFL/English Teacher,Teaching Jobs,0,0,0,0,0,0,0,0,0,0,0,0,0,0,0,0,0,0,0,1,0,0,0
14,Under Armour,2018-10-01,"Sr Manager, Experience Design",Retail Jobs,0,0,0,0,0,0,0,0,0,0,0,0,0,0,0,0,0,1,0,0,0,0,0
15,Under Armour,2018-10-01,Software Engineer,Retail Jobs,0,0,0,0,0,0,0,0,0,0,0,0,0,0,0,0,0,1,0,0,0,0,0
16,BlingABC by XDF,2018-10-01,Online ESL teacher,Teaching Jobs,0,0,0,0,0,0,0,0,0,0,0,0,0,0,0,0,0,0,0,1,0,0,0
17,Babysits,2018-10-01,Babysitter wanted in Austin - babysitting Austin,Domestic help & Cleaning Jobs,0,0,0,0,0,1,0,0,0,0,0,0,0,0,0,0,0,0,0,0,0,0,0
18,Under Armour,2018-10-01,Senior Interaction Designer,Retail Jobs,0,0,0,0,0,0,0,0,0,0,0,0,0,0,0,0,0,1,0,0,0,0,0
19,Under Armour,2018-10-01,Product Designer,Retail Jobs,0,0,0,0,0,0,0,0,0,0,0,0,0,0,0,0,0,1,0,0,0,0,0
20,Equinor,2018-10-01,Regulatory Compliance and Permitting Specialist,"Energy, Oil & Gas Jobs",0,0,0,0,0,0,1,0,0,0,0,0,0,0,0,0,0,0,0,0,0,0,0
21,Equinor,2018-10-01,Regulatory Compliance Senior Advisor & Specialist (PHMSA/DOT),"Energy, Oil & Gas Jobs",0,0,0,0,0,0,1,0,0,0,0,0,0,0,0,0,0,0,0,0,0,0,0
22,Jacobs,2018-10-01,GIS Professional,Engineering Jobs,0,0,0,0,0,0,0,1,0,0,0,0,0,0,0,0,0,0,0,0,0,0,0
23,Jacobs,2018-10-01,Energy & Power Electrical Engineer,Engineering Jobs,0,0,0,0,0,0,0,1,0,0,0,0,0,0,0,0,0,0,0,0,0,0,0
24,Jacobs,2018-10-01,Transportation Economist,Engineering Jobs,0,0,0,0,0,0,0,1,0,0,0,0,0,0,0,0,0,0,0,0,0,0,0
25,Jacobs,2018-10-01,Project Coordinator-Toll Studies Group,Engineering Jobs,0,0,0,0,0,0,0,1,0,0,0,0,0,0,0,0,0,0,0,0,0,0,0
26,Jacobs,2018-10-01,"Survey Project Manager, RPLS",Engineering Jobs,0,0,0,0,0,0,0,1,0,0,0,0,0,0,0,0,0,0,0,0,0,0,0
27,Jacobs,2018-10-01,Professional Transportation Schematic Engineer (Highway Planning and Design),Engineering Jobs,0,0,0,0,0,0,0,1,0,0,0,0,0,0,0,0,0,0,0,0,0,0,0
28,Jacobs,2018-10-01,Transportation Program Engineer or Planner,Engineering Jobs,0,0,0,0,0,0,0,1,0,0,0,0,0,0,0,0,0,0,0,0,0,0,0
29,Jacobs,2018-10-01,Civil / Drainage EIT - Highway Planning and Design,Engineering Jobs,0,0,0,0,0,0,0,1,0,0,0,0,0,0,0,0,0,0,0,0,0,0,0
30,Jacobs,2018-10-01,Intern- Planning,Engineering Jobs,0,0,0,0,0,0,0,1,0,0,0,0,0,0,0,0,0,0,0,0,0,0,0
31,Jacobs,2018-10-01,CEI Senior Inspector,Engineering Jobs,0,0,0,0,0,0,0,1,0,0,0,0,0,0,0,0,0,0,0,0,0,0,0
32,Jacobs,2018-10-01,Energy & Power Project Manager,Engineering Jobs,0,0,0,0,0,0,0,1,0,0,0,0,0,0,0,0,0,0,0,0,0,0,0
33,Jacobs,2018-10-01,Transportation Roadway PE - Highway Design Project Coordinator,Engineering Jobs,0,0,0,0,0,0,0,1,0,0,0,0,0,0,0,0,0,0,0,0,0,0,0
34,BlingABC by XDF,2018-10-01,Online ESL Teacher $28-$36USD per 90,Teaching Jobs,0,0,0,0,0,0,0,0,0,0,0,0,0,0,0,0,0,0,0,1,0,0,0
35,"Stocked Robotics, Inc.",2018-11-01,Full-Time Sales Representative,Unknown,0,0,0,0,0,0,0,0,0,0,0,0,0,0,0,0,0,0,0,0,0,0,1
36,Little Land Play Gym Franchise,2018-11-01,"Certified Occupational Therapy Assistant (COTA) - Pediatrics (Austin, TX)",Unknown,0,0,0,0,0,0,0,0,0,0,0,0,0,0,0,0,0,0,0,0,0,0,1
37,Siemens,2018-11-01,"Senior ATMS Program Manager, Intelligent Traffic Systems","Energy, Oil & Gas Jobs",0,0,0,0,0,0,1,0,0,0,0,0,0,0,0,0,0,0,0,0,0,0,0
38,Wood,2018-11-01,Coatings Inspector,"Energy, Oil & Gas Jobs",0,0,0,0,0,0,1,0,0,0,0,0,0,0,0,0,0,0,0,0,0,0,0
39,Jacobs,2018-11-01,Intern (Civil Engineering)- Bridge Design,Engineering Jobs,0,0,0,0,0,0,0,1,0,0,0,0,0,0,0,0,0,0,0,0,0,0,0
40,VIPKid,2018-11-01,Online ESL Tutor for Children,Teaching Jobs,0,0,0,0,0,0,0,0,0,0,0,0,0,0,0,0,0,0,0,1,0,0,0
41,Under Armour,2018-11-01,CRM Solutions Architect,Retail Jobs,0,0,0,0,0,0,0,0,0,0,0,0,0,0,0,0,0,1,0,0,0,0,0
42,Jacobs,2018-11-01,Civil/Drainage PE - Highway Planning and Design,Engineering Jobs,0,0,0,0,0,0,0,1,0,0,0,0,0,0,0,0,0,0,0,0,0,0,0
43,Leidos,2018-11-01,Project Manager,"Energy, Oil & Gas Jobs",0,0,0,0,0,0,1,0,0,0,0,0,0,0,0,0,0,0,0,0,0,0,0
44,Leidos,2018-11-01,IT Project Manager,"Energy, Oil & Gas Jobs",0,0,0,0,0,0,1,0,0,0,0,0,0,0,0,0,0,0,0,0,0,0,0
45,Siemens,2018-11-01,Senior Project Manager - Intelligent Traffic Systems,"Energy, Oil & Gas Jobs",0,0,0,0,0,0,1,0,0,0,0,0,0,0,0,0,0,0,0,0,0,0,0
46,Siemens,2018-11-01,Senior Bid Manager - Intelligent Traffic Systems,"Energy, Oil & Gas Jobs",0,0,0,0,0,0,1,0,0,0,0,0,0,0,0,0,0,0,0,0,0,0,0
47,E.ON,2018-11-01,Remote Operations Specialist,"Energy, Oil & Gas Jobs",0,0,0,0,0,0,1,0,0,0,0,0,0,0,0,0,0,0,0,0,0,0,0
48,E.ON,2018-11-01,Legal Billing Coordinator - Paralegal,"Energy, Oil & Gas Jobs",0,0,0,0,0,0,1,0,0,0,0,0,0,0,0,0,0,0,0,0,0,0,0
49,E.ON,2018-11-01,Lease Asset and Compliance Analyst,"Energy, Oil & Gas Jobs",0,0,0,0,0,0,1,0,0,0,0,0,0,0,0,0,0,0,0,0,0,0,0
50,E.ON,2018-11-01,"Manager, Project Management","Energy, Oil & Gas Jobs",0,0,0,0,0,0,1,0,0,0,0,0,0,0,0,0,0,0,0,0,0,0,0
51,Aegion,2018-11-01,Regional Sales Engineer,Engineering Jobs,0,0,0,0,0,0,0,1,0,0,0,0,0,0,0,0,0,0,0,0,0,0,0
52,Under Armour,2018-11-01,Senior Android Engineer,Retail Jobs,0,0,0,0,0,0,0,0,0,0,0,0,0,0,0,0,0,1,0,0,0,0,0
53,Ferrellgas,2018-11-01,Local Class A Driver (Southeast Austin),"Energy, Oil & Gas Jobs",0,0,0,0,0,0,1,0,0,0,0,0,0,0,0,0,0,0,0,0,0,0,0
54,Ferrellgas,2018-11-01,Local CDL Delivery Driver (Southeast Austin),"Energy, Oil & Gas Jobs",0,0,0,0,0,0,1,0,0,0,0,0,0,0,0,0,0,0,0,0,0,0,0
55,E.ON,2018-11-01,Operations Engineer - Solar,"Energy, Oil & Gas Jobs",0,0,0,0,0,0,1,0,0,0,0,0,0,0,0,0,0,0,0,0,0,0,0
56,Ferrellgas,2018-11-01,Senior Service Technician,"Energy, Oil & Gas Jobs",0,0,0,0,0,0,1,0,0,0,0,0,0,0,0,0,0,0,0,0,0,0,0
57,Wood,2018-11-01,PD&E Service Line Head Americas,"Energy, Oil & Gas Jobs",0,0,0,0,0,0,1,0,0,0,0,0,0,0,0,0,0,0,0,0,0,0,0
58,Siemens,2018-11-01,"Remote Energy Engineer - Building Technologies - Austin, TX","Energy, Oil & Gas Jobs",0,0,0,0,0,0,1,0,0,0,0,0,0,0,0,0,0,0,0,0,0,0,0
59,Siemens,2018-11-01,Senior ATMS Sales Engineer - Intelligent Traffic Solutions,"Energy, Oil & Gas Jobs",0,0,0,0,0,0,1,0,0,0,0,0,0,0,0,0,0,0,0,0,0,0,0
60,Siemens,2018-11-01,Senior Test Engineer - Intelligent Traffic Systems,"Energy, Oil & Gas Jobs",0,0,0,0,0,0,1,0,0,0,0,0,0,0,0,0,0,0,0,0,0,0,0
61,Tesla,2018-11-01,Memory Controller RTL Design Engineer,Engineering Jobs,0,0,0,0,0,0,0,1,0,0,0,0,0,0,0,0,0,0,0,0,0,0,0
62,Tesla,2018-11-01,Installer,Engineering Jobs,0,0,0,0,0,0,0,1,0,0,0,0,0,0,0,0,0,0,0,0,0,0,0
63,Tesla,2018-11-01,Energy Advisor,Engineering Jobs,0,0,0,0,0,0,0,1,0,0,0,0,0,0,0,0,0,0,0,0,0,0,0
64,Tesla,2018-11-01,Customer Experience Specialist,Engineering Jobs,0,0,0,0,0,0,0,1,0,0,0,0,0,0,0,0,0,0,0,0,0,0,0
65,Siemens,2018-11-01,Engineering Development Manager - Intelligent Traffic Solutions,"Energy, Oil & Gas Jobs",0,0,0,0,0,0,1,0,0,0,0,0,0,0,0,0,0,0,0,0,0,0,0
66,Tesla,2018-11-01,Service Advisor,Engineering Jobs,0,0,0,0,0,0,0,1,0,0,0,0,0,0,0,0,0,0,0,0,0,0,0
67,Tesla,2018-11-01,Senior Firmware Engineer - Autopilot,Engineering Jobs,0,0,0,0,0,0,0,1,0,0,0,0,0,0,0,0,0,0,0,0,0,0,0
68,Siemens,2018-11-01,Project Manager - Buildng Automation Solutions - Austin TX,"Energy, Oil & Gas Jobs",0,0,0,0,0,0,1,0,0,0,0,0,0,0,0,0,0,0,0,0,0,0,0
69,Tesla,2018-11-01,Licensed Electrician,Engineering Jobs,0,0,0,0,0,0,0,1,0,0,0,0,0,0,0,0,0,0,0,0,0,0,0
70,Tesla,2018-11-01,Orientation Specialist,Engineering Jobs,0,0,0,0,0,0,0,1,0,0,0,0,0,0,0,0,0,0,0,0,0,0,0
71,Tesla,2018-11-01,"Mobile Service Technician - Austin, TX area",Engineering Jobs,0,0,0,0,0,0,0,1,0,0,0,0,0,0,0,0,0,0,0,0,0,0,0
72,Tesla,2018-11-01,Gallery Advisor,Engineering Jobs,0,0,0,0,0,0,0,1,0,0,0,0,0,0,0,0,0,0,0,0,0,0,0
73,Tesla,2018-11-01,Design Verification Engineer,Engineering Jobs,0,0,0,0,0,0,0,1,0,0,0,0,0,0,0,0,0,0,0,0,0,0,0
74,Tesla,2018-11-01,CPU RTL Design Engineer,Engineering Jobs,0,0,0,0,0,0,0,1,0,0,0,0,0,0,0,0,0,0,0,0,0,0,0
75,Tesla,2018-11-01,Construction Manager - Supercharger,Engineering Jobs,0,0,0,0,0,0,0,1,0,0,0,0,0,0,0,0,0,0,0,0,0,0,0
76,"The Paradies Shops, LLC",2018-11-01,Hut's Hamburgers Bartender,Hospitality & Catering Jobs,0,0,0,0,0,0,0,0,0,0,1,0,0,0,0,0,0,0,0,0,0,0,0
77,Edward Jones,2018-11-01,"Branch Office Administrator - 15921 - Austin, TX",Property Jobs,0,0,0,0,0,0,0,0,0,0,0,0,0,0,0,0,1,0,0,0,0,0,0
78,"The Paradies Shops, LLC",2018-11-01,Hut's Hamburgers Cook,Hospitality & Catering Jobs,0,0,0,0,0,0,0,0,0,0,1,0,0,0,0,0,0,0,0,0,0,0,0
79,"Paradies Atlanta,LLC",2018-11-01,Airport Retail Warehouse Associate,Retail Jobs,0,0,0,0,0,0,0,0,0,0,0,0,0,0,0,0,0,1,0,0,0,0,0
80,"The Paradies Shops, LLC",2018-11-01,Airport Retail Sales Associate,Retail Jobs,0,0,0,0,0,0,0,0,0,0,0,0,0,0,0,0,0,1,0,0,0,0,0
81,"The Paradies Shops, LLC",2018-11-01,Host- Second Bar and Kitchen,Hospitality & Catering Jobs,0,0,0,0,0,0,0,0,0,0,1,0,0,0,0,0,0,0,0,0,0,0,0
82,Sears Outlet Stores L.L.C.,2018-11-01,Merchandise Processor,Retail Jobs,0,0,0,0,0,0,0,0,0,0,0,0,0,0,0,0,0,1,0,0,0,0,0
83,"Paradies Atlanta,LLC",2018-11-01,Berry Austin Fro Yo Associate,Hospitality & Catering Jobs,0,0,0,0,0,0,0,0,0,0,1,0,0,0,0,0,0,0,0,0,0,0,0
84,"The Paradies Shops, LLC",2018-11-01,Salad Artist - Mad Greens,Hospitality & Catering Jobs,0,0,0,0,0,0,0,0,0,0,1,0,0,0,0,0,0,0,0,0,0,0,0
85,"The Paradies Shops, LLC",2018-11-01,Hut's Hamburgers Server,Hospitality & Catering Jobs,0,0,0,0,0,0,0,0,0,0,1,0,0,0,0,0,0,0,0,0,0,0,0
86,Sears Outlet Stores L.L.C.,2018-11-01,Pricing & Merchandise Specialist,Retail Jobs,0,0,0,0,0,0,0,0,0,0,0,0,0,0,0,0,0,1,0,0,0,0,0
87,Equinor,2018-11-01,Automation & I&E Technical Professional,"Energy, Oil & Gas Jobs",0,0,0,0,0,0,1,0,0,0,0,0,0,0,0,0,0,0,0,0,0,0,0
88,Equinor,2018-11-01,Senior/Principal Analyst Supply Chain,"Energy, Oil & Gas Jobs",0,0,0,0,0,0,1,0,0,0,0,0,0,0,0,0,0,0,0,0,0,0,0
89,Leidos,2018-11-01,Software Quality Assurance and Test Engineer,"Energy, Oil & Gas Jobs",0,0,0,0,0,0,1,0,0,0,0,0,0,0,0,0,0,0,0,0,0,0,0
90,Leidos,2018-11-01,Programmatic Security Officer,"Energy, Oil & Gas Jobs",0,0,0,0,0,0,1,0,0,0,0,0,0,0,0,0,0,0,0,0,0,0,0
91,Leidos,2018-11-01,Chief Technology Officer - VA IOSS Program,"Energy, Oil & Gas Jobs",0,0,0,0,0,0,1,0,0,0,0,0,0,0,0,0,0,0,0,0,0,0,0
92,Leidos,2018-11-01,Chief Information Security Consultant (CISC),"Energy, Oil & Gas Jobs",0,0,0,0,0,0,1,0,0,0,0,0,0,0,0,0,0,0,0,0,0,0,0
94,Exelon,2018-11-01,Intern,"Energy, Oil & Gas Jobs",0,0,0,0,0,0,1,0,0,0,0,0,0,0,0,0,0,0,0,0,0,0,0
95,Leidos,2018-11-01,Technical Lead Program Manager,"Energy, Oil & Gas Jobs",0,0,0,0,0,0,1,0,0,0,0,0,0,0,0,0,0,0,0,0,0,0,0
96,"The Paradies Shops, LLC",2018-11-01,Second Bar and Kitchen Server,Hospitality & Catering Jobs,0,0,0,0,0,0,0,0,0,0,1,0,0,0,0,0,0,0,0,0,0,0,0
97,"The Paradies Shops, LLC",2018-11-01,Cook,Hospitality & Catering Jobs,0,0,0,0,0,0,0,0,0,0,1,0,0,0,0,0,0,0,0,0,0,0,0
98,BMS Unlimited,2018-11-01,""" Class A Truck Driver-Home Weekends-$1300$1800/week-Flatbed Exp Required",Unknown,0,0,0,0,0,0,0,0,0,0,0,0,0,0,0,0,0,0,0,0,0,0,1
99,Siemens,2018-11-01,Design Engineer II - Fire & Security Systems (NICET II),"Energy, Oil & Gas Jobs",0,0,0,0,0,0,1,0,0,0,0,0,0,0,0,0,0,0,0,0,0,0,0
100,LaowaiCareer,2018-11-01,Work From Home Teaching English Onlin,Teaching Jobs,0,0,0,0,0,0,0,0,0,0,0,0,0,0,0,0,0,0,0,1,0,0,0
101,Vipkid,2018-11-01,Part Time - Online English Teacher,Teaching Jobs,0,0,0,0,0,0,0,0,0,0,0,0,0,0,0,0,0,0,0,1,0,0,0
102,WORKFORCE,2018-11-01,Direct Sales and Management,Unknown,0,0,0,0,0,0,0,0,0,0,0,0,0,0,0,0,0,0,0,0,0,0,1
103,Sears Outlet Stores L.L.C.,2018-11-01,Retail Sales Lead-Base Pay  Commission & Bonus Potential,Retail Jobs,0,0,0,0,0,0,0,0,0,0,0,0,0,0,0,0,0,1,0,0,0,0,0
104,contact 12021,2018-11-01,Race Services Mechanic,Other/General Jobs,0,0,0,0,0,0,0,0,0,0,0,0,0,0,1,0,0,0,0,0,0,0,0
105,Under Armour,2018-11-01,Ad Ops Specialist,Retail Jobs,0,0,0,0,0,0,0,0,0,0,0,0,0,0,0,0,0,1,0,0,0,0,0
106,VIPKid,2018-11-01,Online English Instructor - Remote,Teaching Jobs,0,0,0,0,0,0,0,0,0,0,0,0,0,0,0,0,0,0,0,1,0,0,0
107,Vipkid,2018-11-01,[Remote] Part-time Online Teacher,Teaching Jobs,0,0,0,0,0,0,0,0,0,0,0,0,0,0,0,0,0,0,0,1,0,0,0
108,"The Paradies Shops, LLC",2018-11-01,Prep Cook,Hospitality & Catering Jobs,0,0,0,0,0,0,0,0,0,0,1,0,0,0,0,0,0,0,0,0,0,0,0
109,WUHAO HONG KONG LIMITED,2018-11-01,Part-time online ESL teaching,Teaching Jobs,0,0,0,0,0,0,0,0,0,0,0,0,0,0,0,0,0,0,0,1,0,0,0
110,"D.R. Horton, Inc.",2018-11-01,Quality Control Auditor II,Accounting & Finance Jobs,1,0,0,0,0,0,0,0,0,0,0,0,0,0,0,0,0,0,0,0,0,0,0
111,"Stocked Robotics, Inc.",2018-11-01,Autonomous Robotics Software Engineer (Perception and Navigation),Unknown,0,0,0,0,0,0,0,0,0,0,0,0,0,0,0,0,0,0,0,0,0,0,1
112,Sunroom,2018-11-01,Real Estate Agent at Sunroom,Customer Services Jobs,0,0,0,0,1,0,0,0,0,0,0,0,0,0,0,0,0,0,0,0,0,0,0
113,Emerson Electric Co,2018-11-01,DeltaV Senior Software Development Engineer in Test,"Energy, Oil & Gas Jobs",0,0,0,0,0,0,1,0,0,0,0,0,0,0,0,0,0,0,0,0,0,0,0
114,"The Paradies Shops, LLC",2018-11-01,Departure Lounge/Ruta Maya Barista,Hospitality & Catering Jobs,0,0,0,0,0,0,0,0,0,0,1,0,0,0,0,0,0,0,0,0,0,0,0
115,Create a Cig,2018-11-01,Kratom Packer,Unknown,0,0,0,0,0,0,0,0,0,0,0,0,0,0,0,0,0,0,0,0,0,0,1
116,Guild Mortgage Company,2018-12-01,Transaction Coordinator (Lead to Contract),Property Jobs,0,0,0,0,0,0,0,0,0,0,0,0,0,0,0,0,1,0,0,0,0,0,0
117,Macquarie Group,2018-12-01,Asset Manager (Conventional Energy),Consultancy Jobs,0,0,0,1,0,0,0,0,0,0,0,0,0,0,0,0,0,0,0,0,0,0,0
118,"D.R. Horton, Inc.",2018-12-01,Customer Service Assistant,Trade & Construction Jobs,0,0,0,0,0,0,0,0,0,0,0,0,0,0,0,0,0,0,0,0,1,0,0
119,"Paradies Shops, L.L.C.",2018-12-01,Airport Area Sales Manager,Retail Jobs,0,0,0,0,0,0,0,0,0,0,0,0,0,0,0,0,0,1,0,0,0,0,0
120,VIPKid,2018-12-01,Online ESL Instructor - Remote,Teaching Jobs,0,0,0,0,0,0,0,0,0,0,0,0,0,0,0,0,0,0,0,1,0,0,0
121,Emerson Electric Co,2018-12-01,Application Security Engineer,"Energy, Oil & Gas Jobs",0,0,0,0,0,0,1,0,0,0,0,0,0,0,0,0,0,0,0,0,0,0,0
122,Emerson Electric Co,2018-12-01,Instructor - Curriculum Developer,"Energy, Oil & Gas Jobs",0,0,0,0,0,0,1,0,0,0,0,0,0,0,0,0,0,0,0,0,0,0,0
123,"D.R. Horton, Inc.",2018-12-01,Closing Document Review Spc,Accounting & Finance Jobs,1,0,0,0,0,0,0,0,0,0,0,0,0,0,0,0,0,0,0,0,0,0,0
124,Transn IOL Technology Co..Ltd,2018-12-01,Comics Translation: Chinese-Spanish,Other/General Jobs,0,0,0,0,0,0,0,0,0,0,0,0,0,0,1,0,0,0,0,0,0,0,0
125,"Paradies Atlanta,LLC",2018-12-01,Thundercloud Subs Sandwich Artist,Hospitality & Catering Jobs,0,0,0,0,0,0,0,0,0,0,1,0,0,0,0,0,0,0,0,0,0,0,0
126,Rollins,2018-12-01,Branch Manager Trainee,"PR, Advertising & Marketing Jobs",0,0,0,0,0,0,0,0,0,0,0,0,0,0,0,1,0,0,0,0,0,0,0
127,HomeTeam Pest Defense,2018-12-01,Outside Service Technician,"PR, Advertising & Marketing Jobs",0,0,0,0,0,0,0,0,0,0,0,0,0,0,0,1,0,0,0,0,0,0,0
128,"The Paradies Shops, LLC",2018-12-01,Hut's Hamburgers FOH Supervisor,Hospitality & Catering Jobs,0,0,0,0,0,0,0,0,0,0,1,0,0,0,0,0,0,0,0,0,0,0,0
129,"The Paradies Shops, LLC",2018-12-01,Departure Lounge Supervisor,Hospitality & Catering Jobs,0,0,0,0,0,0,0,0,0,0,1,0,0,0,0,0,0,0,0,0,0,0,0
130,"Paradies Shops, L.L.C.",2018-12-01,Floor Supervisor,Retail Jobs,0,0,0,0,0,0,0,0,0,0,0,0,0,0,0,0,0,1,0,0,0,0,0
131,Emerson Electric Co,2018-12-01,User Experience Designer,"PR, Advertising & Marketing Jobs",0,0,0,0,0,0,0,0,0,0,0,0,0,0,0,1,0,0,0,0,0,0,0
132,VIPKid,2018-12-01,Online English Teacher for Children,Teaching Jobs,0,0,0,0,0,0,0,0,0,0,0,0,0,0,0,0,0,0,0,1,0,0,0
133,Help.com LLC,2018-12-01,Senior Software Engineer (Backend – Node.js),Engineering Jobs,0,0,0,0,0,0,0,1,0,0,0,0,0,0,0,0,0,0,0,0,0,0,0
134,Kaynes Technology,2018-12-01,DevOps Engineer,Unknown,0,0,0,0,0,0,0,0,0,0,0,0,0,0,0,0,0,0,0,0,0,0,1
135,Kaynes Technology,2018-12-01,Java/J2EE Architect,Unknown,0,0,0,0,0,0,0,0,0,0,0,0,0,0,0,0,0,0,0,0,0,0,1
136,Jenny Craig Weight Loss Center,2018-12-01,Health and Wellness Consultant (PT),Unknown,0,0,0,0,0,0,0,0,0,0,0,0,0,0,0,0,0,0,0,0,0,0,1
137,Kapsch TrafficCom USA,2018-12-01,Technical Delivery Manager,Unknown,0,0,0,0,0,0,0,0,0,0,0,0,0,0,0,0,0,0,0,0,0,0,1
138,Little Land Play Gym Franchise,2018-12-01,Gym Assistant/Customer Service,Unknown,0,0,0,0,0,0,0,0,0,0,0,0,0,0,0,0,0,0,0,0,0,0,1
139,Soluta,2018-12-01,Application Engineer,IT Jobs,0,0,0,0,0,0,0,0,0,0,0,1,0,0,0,0,0,0,0,0,0,0,0
140,Hanes Companies,2018-12-01,Technical Sales Representative,Unknown,0,0,0,0,0,0,0,0,0,0,0,0,0,0,0,0,0,0,0,0,0,0,1
141,Natera,2018-12-01,Customer Care Tier 1 Specialist,Unknown,0,0,0,0,0,0,0,0,0,0,0,0,0,0,0,0,0,0,0,0,0,0,1
142,SpectrumAM,2018-12-01,Compliance Driver- HOA Site Management,Property Jobs,0,0,0,0,0,0,0,0,0,0,0,0,0,0,0,0,1,0,0,0,0,0,0
143,青尚国际,2018-12-01,$15 - $25/hr on-line teacher,"PR, Advertising & Marketing Jobs",0,0,0,0,0,0,0,0,0,0,0,0,0,0,0,1,0,0,0,0,0,0,0
144,Critter Control,2018-12-01,Nuisance Wildlife Technician,"PR, Advertising & Marketing Jobs",0,0,0,0,0,0,0,0,0,0,0,0,0,0,0,1,0,0,0,0,0,0,0
145,BSA LifeStructures Inc.,2018-12-01,Summer 2019 Internship - Architecture,Customer Services Jobs,0,0,0,0,1,0,0,0,0,0,0,0,0,0,0,0,0,0,0,0,0,0,0
146,LSC Communications,2018-12-01,Account Integration Specialist 2,"PR, Advertising & Marketing Jobs",0,0,0,0,0,0,0,0,0,0,0,0,0,0,0,1,0,0,0,0,0,0,0
147,BSA LifeStructures Inc.,2018-12-01,Summer 2019 Internship - Interior Design,Customer Services Jobs,0,0,0,0,1,0,0,0,0,0,0,0,0,0,0,0,0,0,0,0,0,0,0
148,Pitney Bowes,2018-12-01,Driver I (Non CDL),"PR, Advertising & Marketing Jobs",0,0,0,0,0,0,0,0,0,0,0,0,0,0,0,1,0,0,0,0,0,0,0
149,Emerson Electric Co,2018-12-01,Software Engineer,"PR, Advertising & Marketing Jobs",0,0,0,0,0,0,0,0,0,0,0,0,0,0,0,1,0,0,0,0,0,0,0
150,Leading Edge Worldwide,2018-12-01,OSP Engineer,IT Jobs,0,0,0,0,0,0,0,0,0,0,0,1,0,0,0,0,0,0,0,0,0,0,0
151,"Technovision, Inc.",2018-12-01,"Junior Technical writer - 6m Contract - Austin, TX - A2813A_1",Accounting & Finance Jobs,1,0,0,0,0,0,0,0,0,0,0,0,0,0,0,0,0,0,0,0,0,0,0
152,Teema Solutions,2018-12-01,Corporate Safety Director,Teaching Jobs,0,0,0,0,0,0,0,0,0,0,0,0,0,0,0,0,0,0,0,1,0,0,0
153,Francesca's Service Corporation,2018-12-01,Key Holder - Future Opportunities,"PR, Advertising & Marketing Jobs",0,0,0,0,0,0,0,0,0,0,0,0,0,0,0,1,0,0,0,0,0,0,0
154,"Francesca's Collections, Inc.",2018-12-01,Assistant Store Manager - Future Opportunities,"PR, Advertising & Marketing Jobs",0,0,0,0,0,0,0,0,0,0,0,0,0,0,0,1,0,0,0,0,0,0,0
155,College Forward,2018-12-01,Sales Manager,Teaching Jobs,0,0,0,0,0,0,0,0,0,0,0,0,0,0,0,0,0,0,0,1,0,0,0
156,Ashley HomeStore,2018-12-01,Sales Associate,Retail Jobs,0,0,0,0,0,0,0,0,0,0,0,0,0,0,0,0,0,1,0,0,0,0,0
157,College Forward,2018-12-01,Sales Manager,Accounting & Finance Jobs,1,0,0,0,0,0,0,0,0,0,0,0,0,0,0,0,0,0,0,0,0,0,0
158,College Forward,2018-12-01,Partner Experience Manager,Unknown,0,0,0,0,0,0,0,0,0,0,0,0,0,0,0,0,0,0,0,0,0,0,1
159,College Forward,2018-12-01,Program Coordinator,Unknown,0,0,0,0,0,0,0,0,0,0,0,0,0,0,0,0,0,0,0,0,0,0,1
160,College Forward,2018-12-01,Grant Writer,Unknown,0,0,0,0,0,0,0,0,0,0,0,0,0,0,0,0,0,0,0,0,0,0,1
161,Engineering Selection,2018-12-01,Roadway Design Graduate Engineer,Engineering Jobs,0,0,0,0,0,0,0,1,0,0,0,0,0,0,0,0,0,0,0,0,0,0,0
162,Robert Half International,2018-12-01,"Senior Recruiter, The Creative Group - Austin","PR, Advertising & Marketing Jobs",0,0,0,0,0,0,0,0,0,0,0,0,0,0,0,1,0,0,0,0,0,0,0
163,Francesca's Service Corporation,2018-12-01,Assistant Store Manager - Future Opportunities,"PR, Advertising & Marketing Jobs",0,0,0,0,0,0,0,0,0,0,0,0,0,0,0,1,0,0,0,0,0,0,0
164,"D.R. Horton, Inc.",2018-12-01,Accounts Payable Clerk,Trade & Construction Jobs,0,0,0,0,0,0,0,0,0,0,0,0,0,0,0,0,0,0,0,0,1,0,0
165,"Francesca's Collections, Inc.",2018-12-01,Key Holder,"PR, Advertising & Marketing Jobs",0,0,0,0,0,0,0,0,0,0,0,0,0,0,0,1,0,0,0,0,0,0,0
166,Sonic Healthcare USA,2018-12-01,Laboratory Specimen Processor,"PR, Advertising & Marketing Jobs",0,0,0,0,0,0,0,0,0,0,0,0,0,0,0,1,0,0,0,0,0,0,0
167,Romano's Macaroni Grill,2018-12-01,Host / Hostess - Start at $6.50,Healthcare & Nursing Jobs,0,0,0,0,0,0,0,0,0,1,0,0,0,0,0,0,0,0,0,0,0,0,0
168,Selectek,2018-12-01,GIS Drafter (ArcGIS),IT Jobs,0,0,0,0,0,0,0,0,0,0,0,1,0,0,0,0,0,0,0,0,0,0,0
169,Hanley Wood,2018-12-01,Field Auditor - Austin,Property Jobs,0,0,0,0,0,0,0,0,0,0,0,0,0,0,0,0,1,0,0,0,0,0,0
170,The Line,2018-12-01,Arlo Grey Barback,Engineering Jobs,0,0,0,0,0,0,0,1,0,0,0,0,0,0,0,0,0,0,0,0,0,0,0
171,The Line,2018-12-01,Arlo Grey Host,Engineering Jobs,0,0,0,0,0,0,0,1,0,0,0,0,0,0,0,0,0,0,0,0,0,0,0
172,Mayo Clinic,2018-12-01,Licensed Practical Nurse (LPN) / Medical Assistant (MA) - Family Med,"PR, Advertising & Marketing Jobs",0,0,0,0,0,0,0,0,0,0,0,0,0,0,0,1,0,0,0,0,0,0,0
173,"The Paradies Shops, LLC",2018-12-01,Human Resources AGM - Airport Retail Multi - Unit,Hospitality & Catering Jobs,0,0,0,0,0,0,0,0,0,0,1,0,0,0,0,0,0,0,0,0,0,0,0
174,Best Buy,2018-12-01,Technician/Agent. Geek Squad Advance Repair,"PR, Advertising & Marketing Jobs",0,0,0,0,0,0,0,0,0,0,0,0,0,0,0,1,0,0,0,0,0,0,0
175,AXA,2018-12-01,SPAN - Producer Assistant,"PR, Advertising & Marketing Jobs",0,0,0,0,0,0,0,0,0,0,0,0,0,0,0,1,0,0,0,0,0,0,0
176,Best Buy,2018-12-01,Best Buy Store Phone Operator,"PR, Advertising & Marketing Jobs",0,0,0,0,0,0,0,0,0,0,0,0,0,0,0,1,0,0,0,0,0,0,0
177,"The Paradies Shops, LLC",2018-12-01,Food and Beverage Assistant Manager - Airport,Hospitality & Catering Jobs,0,0,0,0,0,0,0,0,0,0,1,0,0,0,0,0,0,0,0,0,0,0,0
178,Armature Studio,2018-12-01,Network Engineer,Engineering Jobs,0,0,0,0,0,0,0,1,0,0,0,0,0,0,0,0,0,0,0,0,0,0,0
179,iFly,2018-12-01,Customer Service Representative,"PR, Advertising & Marketing Jobs",0,0,0,0,0,0,0,0,0,0,0,0,0,0,0,1,0,0,0,0,0,0,0
180,CivicSolar,2018-12-01,Account Manager,Logistics & Warehouse Jobs,0,0,0,0,0,0,0,0,0,0,0,0,1,0,0,0,0,0,0,0,0,0,0
181,Novo Nordisk,2018-12-01,Pharma Field Sales Diabetes Care Specialist - Austin South Texas Job,Healthcare & Nursing Jobs,0,0,0,0,0,0,0,0,0,1,0,0,0,0,0,0,0,0,0,0,0,0,0
182,UsaSurveyJob,2018-12-01,Work at Home Data Entry Clerk,"PR, Advertising & Marketing Jobs",0,0,0,0,0,0,0,0,0,0,0,0,0,0,0,1,0,0,0,0,0,0,0
183,"The Paradies Shops, LLC",2018-12-01,Second Bar and Kitchen Supervisor,Hospitality & Catering Jobs,0,0,0,0,0,0,0,0,0,0,1,0,0,0,0,0,0,0,0,0,0,0,0
184,Veolia,2018-12-01,ESS : Administrative Assistant - Austin,Admin Jobs,0,1,0,0,0,0,0,0,0,0,0,0,0,0,0,0,0,0,0,0,0,0,0
185,Usa Survey Job,2018-12-01,Work from Home - Data Entry Clerk,Admin Jobs,0,1,0,0,0,0,0,0,0,0,0,0,0,0,0,0,0,0,0,0,0,0,0
186,Usa Survey Job,2018-12-01,Work at Home - Administrative Assistant,Admin Jobs,0,1,0,0,0,0,0,0,0,0,0,0,0,0,0,0,0,0,0,0,0,0,0
187,Usa Survey Job,2018-12-01,Data Entry - Part Time,Admin Jobs,0,1,0,0,0,0,0,0,0,0,0,0,0,0,0,0,0,0,0,0,0,0,0
188,Usa Survey Job,2018-12-01,Customer Service Agent - Work from Home,Admin Jobs,0,1,0,0,0,0,0,0,0,0,0,0,0,0,0,0,0,0,0,0,0,0,0
189,Usa Survey Job,2018-12-01,work at home data entry,Admin Jobs,0,1,0,0,0,0,0,0,0,0,0,0,0,0,0,0,0,0,0,0,0,0,0
190,Usa Survey Job,2018-12-01,Customer Service Representative,Admin Jobs,0,1,0,0,0,0,0,0,0,0,0,0,0,0,0,0,0,0,0,0,0,0,0
191,"XPO Logistics, Inc.",2018-12-01,Assistant Manager I,Logistics & Warehouse Jobs,0,0,0,0,0,0,0,0,0,0,0,0,1,0,0,0,0,0,0,0,0,0,0
192,SpectrumAM,2018-12-01,Operations Manager- Client Relations (HOA Management),Property Jobs,0,0,0,0,0,0,0,0,0,0,0,0,0,0,0,0,1,0,0,0,0,0,0
193,Hajoca Corporation,2018-12-01,Credit Administrator,"PR, Advertising & Marketing Jobs",0,0,0,0,0,0,0,0,0,0,0,0,0,0,0,1,0,0,0,0,0,0,0
195,Robert Half International,2018-12-01,"Lead Admin, Robert Half Technology, Austin","PR, Advertising & Marketing Jobs",0,0,0,0,0,0,0,0,0,0,0,0,0,0,0,1,0,0,0,0,0,0,0
197,Schumacher,2018-12-01,Digital Content Intern,Manufacturing Jobs,0,0,0,0,0,0,0,0,0,0,0,0,0,1,0,0,0,0,0,0,0,0,0
198,TrustRadius,2018-12-01,Principal Software Engineer,Trade & Construction Jobs,0,0,0,0,0,0,0,0,0,0,0,0,0,0,0,0,0,0,0,0,1,0,0
199,Schumacher,2018-12-01,Syndicated Content Intern,Manufacturing Jobs,0,0,0,0,0,0,0,0,0,0,0,0,0,1,0,0,0,0,0,0,0,0,0
200,ATX Family Dental,2018-12-01,Part Time to Full Time RDH / Dental Hygienist,Healthcare & Nursing Jobs,0,0,0,0,0,0,0,0,0,1,0,0,0,0,0,0,0,0,0,0,0,0,0
201,"Stocked Robotics, Inc.",2018-12-01,Autonomous Robotics Software Intern (Perception and Navigation) Intern - Summer 2019,Unknown,0,0,0,0,0,0,0,0,0,0,0,0,0,0,0,0,0,0,0,0,0,0,1
202,Best Buy,2019-01-01,Asset Protection Associate,"PR, Advertising & Marketing Jobs",0,0,0,0,0,0,0,0,0,0,0,0,0,0,0,1,0,0,0,0,0,0,0
203,R1 RCM,2019-01-01,Health Information Analyst - Seton Northwest Hospital,"PR, Advertising & Marketing Jobs",0,0,0,0,0,0,0,0,0,0,0,0,0,0,0,1,0,0,0,0,0,0,0
204,Best Buy,2019-01-01,Microsoft Expert,"PR, Advertising & Marketing Jobs",0,0,0,0,0,0,0,0,0,0,0,0,0,0,0,1,0,0,0,0,0,0,0
205,"Stocked Robotics, Inc.",2019-01-01,Mechanical Engineering Intern - Summer 2019,Unknown,0,0,0,0,0,0,0,0,0,0,0,0,0,0,0,0,0,0,0,0,0,0,1
206,"Stocked Robotics, Inc.",2019-01-01,Electrical Engineering Intern - Summer 2019,Unknown,0,0,0,0,0,0,0,0,0,0,0,0,0,0,0,0,0,0,0,0,0,0,1
207,amax,2019-01-01,Operations - Customer Service Representative/Insurance Agent,Accounting & Finance Jobs,1,0,0,0,0,0,0,0,0,0,0,0,0,0,0,0,0,0,0,0,0,0,0
208,Freebean Coffee Co.,2019-01-01,Independent Consultant,Teaching Jobs,0,0,0,0,0,0,0,0,0,0,0,0,0,0,0,0,0,0,0,1,0,0,0
209,Pathmark Transportation,2019-01-01,Freight Broker Agents / Agency Owners,Logistics & Warehouse Jobs,0,0,0,0,0,0,0,0,0,0,0,0,1,0,0,0,0,0,0,0,0,0,0
210,Saturn Freight Systems,2019-01-01,Transportation Sales Professionals - Full-Time & P/T - Home Office - Salary W/Comm. or Comm. Only,Logistics & Warehouse Jobs,0,0,0,0,0,0,0,0,0,0,0,0,1,0,0,0,0,0,0,0,0,0,0
211,Mayo Clinic,2019-01-01,Nurse Assistant - Med/Surg/Peds - Rotating Shifts,"PR, Advertising & Marketing Jobs",0,0,0,0,0,0,0,0,0,0,0,0,0,0,0,1,0,0,0,0,0,0,0
212,Best Buy,2019-01-01,Front End Leader,"PR, Advertising & Marketing Jobs",0,0,0,0,0,0,0,0,0,0,0,0,0,0,0,1,0,0,0,0,0,0,0
213,UsaSurveyJob,2019-01-01,Data Entry Clerk - Work from Home,Retail Jobs,0,0,0,0,0,0,0,0,0,0,0,0,0,0,0,0,0,1,0,0,0,0,0
214,Volunteers of America National Services,2019-01-01,Registered Nurse - Clinic,Healthcare & Nursing Jobs,0,0,0,0,0,0,0,0,0,1,0,0,0,0,0,0,0,0,0,0,0,0,0
215,Averitt Express,2019-01-01,Cdl-A Qualified Dock Worker,Logistics & Warehouse Jobs,0,0,0,0,0,0,0,0,0,0,0,0,1,0,0,0,0,0,0,0,0,0,0
216,Target Corporation,2019-01-01,Beauty Team Member,Retail Jobs,0,0,0,0,0,0,0,0,0,0,0,0,0,0,0,0,0,1,0,0,0,0,0
217,Express,2019-01-01,Store Associate - Barton Creek,Retail Jobs,0,0,0,0,0,0,0,0,0,0,0,0,0,0,0,0,0,1,0,0,0,0,0
218,Target Corporation,2019-01-01,Seasonal Beauty Team Member,Retail Jobs,0,0,0,0,0,0,0,0,0,0,0,0,0,0,0,0,0,1,0,0,0,0,0
219,Robert Half International,2019-01-01,"Account Executive, Robert Half Technology - Austin","PR, Advertising & Marketing Jobs",0,0,0,0,0,0,0,0,0,0,0,0,0,0,0,1,0,0,0,0,0,0,0
220,Robert Half International,2019-01-01,"Senior Recruiter, Robert Half Technology - Austin","PR, Advertising & Marketing Jobs",0,0,0,0,0,0,0,0,0,0,0,0,0,0,0,1,0,0,0,0,0,0,0
221,HomeTeam Pest Defense,2019-01-01,Installer,"PR, Advertising & Marketing Jobs",0,0,0,0,0,0,0,0,0,0,0,0,0,0,0,1,0,0,0,0,0,0,0
222,HomeTeam Pest Defense,2019-01-01,Outside Sales Representative,"PR, Advertising & Marketing Jobs",0,0,0,0,0,0,0,0,0,0,0,0,0,0,0,1,0,0,0,0,0,0,0
223,"Waste Connections US, Inc",2019-01-01,Assistant Controller,Retail Jobs,0,0,0,0,0,0,0,0,0,0,0,0,0,0,0,0,0,1,0,0,0,0,0
224,"Next Level Business Services, Inc.",2019-01-01,Test Development Engineer,Manufacturing Jobs,0,0,0,0,0,0,0,0,0,0,0,0,0,1,0,0,0,0,0,0,0,0,0
225,Army National Guard,2019-01-01,35F Intelligence Analyst,Logistics & Warehouse Jobs,0,0,0,0,0,0,0,0,0,0,0,0,1,0,0,0,0,0,0,0,0,0,0
226,City of Austin Animal Services Center,2019-01-01,Shelter Veterinarian,Unknown,0,0,0,0,0,0,0,0,0,0,0,0,0,0,0,0,0,0,0,0,0,0,1
227,"BGC Partners, Cantor Fitzgerald, Newmark Knight Frank, and GFI Group",2019-01-01,Intern,"PR, Advertising & Marketing Jobs",0,0,0,0,0,0,0,0,0,0,0,0,0,0,0,1,0,0,0,0,0,0,0
228,"D.R. Horton, Inc.",2019-01-01,Mortgage Mastery Trainee-Compliance,Accounting & Finance Jobs,1,0,0,0,0,0,0,0,0,0,0,0,0,0,0,0,0,0,0,0,0,0,0
229,SUNSHINE RETIREMENT LIVING LLC,2019-01-01,Kitchen Help,"PR, Advertising & Marketing Jobs",0,0,0,0,0,0,0,0,0,0,0,0,0,0,0,1,0,0,0,0,0,0,0
230,Ride Right,2019-01-01,Dispatcher,"PR, Advertising & Marketing Jobs",0,0,0,0,0,0,0,0,0,0,0,0,0,0,0,1,0,0,0,0,0,0,0
231,Ride Right,2019-01-01,"Administrative Assistant - Payroll (Austin, TX - South 509 Thompson Ln)","PR, Advertising & Marketing Jobs",0,0,0,0,0,0,0,0,0,0,0,0,0,0,0,1,0,0,0,0,0,0,0
232,"BGC Partners, Cantor Fitzgerald, Newmark Knight Frank, and GFI Group",2019-01-01,Transaction Services Manager,"PR, Advertising & Marketing Jobs",0,0,0,0,0,0,0,0,0,0,0,0,0,0,0,1,0,0,0,0,0,0,0
233,"RATP DEV USA, LLC",2019-01-01,Supervisor Vehicle Maintenance 451,"PR, Advertising & Marketing Jobs",0,0,0,0,0,0,0,0,0,0,0,0,0,0,0,1,0,0,0,0,0,0,0
234,"RATP DEV USA, LLC",2019-01-01,Supervisor Build Maint 457,"PR, Advertising & Marketing Jobs",0,0,0,0,0,0,0,0,0,0,0,0,0,0,0,1,0,0,0,0,0,0,0
235,R1 RCM,2019-01-01,Patient Registration Representative - Dell Children's Medical Center,"PR, Advertising & Marketing Jobs",0,0,0,0,0,0,0,0,0,0,0,0,0,0,0,1,0,0,0,0,0,0,0
237,Ride Right,2019-01-01,"Fleet Technician/Mechanic (Austin, TX - South 509 Thompson Ln)","PR, Advertising & Marketing Jobs",0,0,0,0,0,0,0,0,0,0,0,0,0,0,0,1,0,0,0,0,0,0,0
238,"D.R. Horton, Inc.",2019-01-01,Mortgage Mastery Trainee-FL Closing,Accounting & Finance Jobs,1,0,0,0,0,0,0,0,0,0,0,0,0,0,0,0,0,0,0,0,0,0,0
239,Westlake Dermatology & Cosmetic Surgery,2019-01-01,IT / Administrative Support Assistant,Admin Jobs,0,1,0,0,0,0,0,0,0,0,0,0,0,0,0,0,0,0,0,0,0,0,0
240,Banyan Water,2019-01-01,Enterprise Sales Manager,Property Jobs,0,0,0,0,0,0,0,0,0,0,0,0,0,0,0,0,1,0,0,0,0,0,0
241,"Conquest Consulting, LLC",2019-01-01,Java Developer (Contract to Hire - NO THIRD PARTY),Consultancy Jobs,0,0,0,1,0,0,0,0,0,0,0,0,0,0,0,0,0,0,0,0,0,0,0
242,Banyan Water,2019-01-01,Product Manager,Property Jobs,0,0,0,0,0,0,0,0,0,0,0,0,0,0,0,0,1,0,0,0,0,0,0
243,Banyan Water,2019-01-01,Project Manager,Accounting & Finance Jobs,1,0,0,0,0,0,0,0,0,0,0,0,0,0,0,0,0,0,0,0,0,0,0
244,Banyan Water,2019-01-01,VP of Enterprise Sales,Accounting & Finance Jobs,1,0,0,0,0,0,0,0,0,0,0,0,0,0,0,0,0,0,0,0,0,0,0
245,Under Armour,2019-01-01,"Project Manager, Localization",Retail Jobs,0,0,0,0,0,0,0,0,0,0,0,0,0,0,0,0,0,1,0,0,0,0,0
246,Under Armour,2019-01-01,Marketing Strategist - Media Sales,Retail Jobs,0,0,0,0,0,0,0,0,0,0,0,0,0,0,0,0,0,1,0,0,0,0,0
247,Averitt Express,2019-01-01,Dock Worker Part Time,Logistics & Warehouse Jobs,0,0,0,0,0,0,0,0,0,0,0,0,1,0,0,0,0,0,0,0,0,0,0
248,The Werd Company,2019-01-01,Project Manager- Audiovisual Event Production,Unknown,0,0,0,0,0,0,0,0,0,0,0,0,0,0,0,0,0,0,0,0,0,0,1
249,Texas Restaurant Association,2019-01-01,Director of Membership,Unknown,0,0,0,0,0,0,0,0,0,0,0,0,0,0,0,0,0,0,0,0,0,0,1
250,Best Buy,2019-01-01,Appliance Sales Specialist,"PR, Advertising & Marketing Jobs",0,0,0,0,0,0,0,0,0,0,0,0,0,0,0,1,0,0,0,0,0,0,0
251,Mayo Clinic,2019-01-01,Child Psychiatrist,"PR, Advertising & Marketing Jobs",0,0,0,0,0,0,0,0,0,0,0,0,0,0,0,1,0,0,0,0,0,0,0
252,Canada Survey Job,2019-01-01,Data Entry Clerk - Part Time,"PR, Advertising & Marketing Jobs",0,0,0,0,0,0,0,0,0,0,0,0,0,0,0,1,0,0,0,0,0,0,0
253,Best Buy,2019-01-01,"Car Install (MECP Basic, Geek Squad)","PR, Advertising & Marketing Jobs",0,0,0,0,0,0,0,0,0,0,0,0,0,0,0,1,0,0,0,0,0,0,0
254,Best Buy,2019-01-01,Best Buy - Google Expert,"PR, Advertising & Marketing Jobs",0,0,0,0,0,0,0,0,0,0,0,0,0,0,0,1,0,0,0,0,0,0,0
255,Mayo Clinic,2019-01-01,Registered Nurse (RN) Care Coordinator,"PR, Advertising & Marketing Jobs",0,0,0,0,0,0,0,0,0,0,0,0,0,0,0,1,0,0,0,0,0,0,0
256,XPO Logistics Freight Inc.,2019-01-01,Dock Worker (Full-Time),Travel Jobs,0,0,0,0,0,0,0,0,0,0,0,0,0,0,0,0,0,0,0,0,0,1,0
257,Oakwood Worldwide,2019-01-01,Turnover Housekeeper,Hospitality & Catering Jobs,0,0,0,0,0,0,0,0,0,0,1,0,0,0,0,0,0,0,0,0,0,0,0
258,Best Buy,2019-01-01,Project Team Specialist - OVERNIGHTS - AUSTIN,"PR, Advertising & Marketing Jobs",0,0,0,0,0,0,0,0,0,0,0,0,0,0,0,1,0,0,0,0,0,0,0
259,Nyle Maxwell Chrysler Dodge Jeep Ram,2019-01-01,EXECUTIVE ASSISTANT,Admin Jobs,0,1,0,0,0,0,0,0,0,0,0,0,0,0,0,0,0,0,0,0,0,0,0
260,"Premium Retail Services, Inc.",2019-01-01,District Manager – Wireless,Retail Jobs,0,0,0,0,0,0,0,0,0,0,0,0,0,0,0,0,0,1,0,0,0,0,0
261,Amherst Holdings LLC,2019-01-01,Associate Real Estate Agent,Property Jobs,0,0,0,0,0,0,0,0,0,0,0,0,0,0,0,0,1,0,0,0,0,0,0
262,"Stocked Robotics, Inc.",2019-01-01,Autonomous Robotics Application Engineer,Unknown,0,0,0,0,0,0,0,0,0,0,0,0,0,0,0,0,0,0,0,0,0,0,1
263,Mayo Clinic,2019-01-01,Family Medicine Physician,"PR, Advertising & Marketing Jobs",0,0,0,0,0,0,0,0,0,0,0,0,0,0,0,1,0,0,0,0,0,0,0
264,Mayo Clinic,2019-01-01,Licensed Alcohol & Drug Counselor LADC,"PR, Advertising & Marketing Jobs",0,0,0,0,0,0,0,0,0,0,0,0,0,0,0,1,0,0,0,0,0,0,0
265,Robert Half International,2019-01-01,Austin - Robert Half Finance and Accounting Recruiting Manager,"PR, Advertising & Marketing Jobs",0,0,0,0,0,0,0,0,0,0,0,0,0,0,0,1,0,0,0,0,0,0,0
266,Robert Half International Inc.,2019-01-01,Austin - Robert Half Finance & Accounting Recruiting Manager,"PR, Advertising & Marketing Jobs",0,0,0,0,0,0,0,0,0,0,0,0,0,0,0,1,0,0,0,0,0,0,0
267,Indeed Prime,2019-01-01,Front end developer Indeed,"PR, Advertising & Marketing Jobs",0,0,0,0,0,0,0,0,0,0,0,0,0,0,0,1,0,0,0,0,0,0,0
268,Prohibition Creamery,2019-01-01,Pastry Chef,IT Jobs,0,0,0,0,0,0,0,0,0,0,0,1,0,0,0,0,0,0,0,0,0,0,0
269,BCG Attorney Search,2019-01-01,Senior Emerging Companies Corporate Attorney,"PR, Advertising & Marketing Jobs",0,0,0,0,0,0,0,0,0,0,0,0,0,0,0,1,0,0,0,0,0,0,0
270,Robert Half International,2019-01-01,Recruiting Manager - Robert Half Technology - Austin,"PR, Advertising & Marketing Jobs",0,0,0,0,0,0,0,0,0,0,0,0,0,0,0,1,0,0,0,0,0,0,0
271,Robert Half International,2019-01-01,"Recruiting Manager, The Creative Group - Austin, TX","PR, Advertising & Marketing Jobs",0,0,0,0,0,0,0,0,0,0,0,0,0,0,0,1,0,0,0,0,0,0,0
272,Guild Mortgage Company,2019-01-01,Funder II,Property Jobs,0,0,0,0,0,0,0,0,0,0,0,0,0,0,0,0,1,0,0,0,0,0,0
273,Robert Half International,2019-01-01,Staffing Support - Robert Half Technology - Austin,"PR, Advertising & Marketing Jobs",0,0,0,0,0,0,0,0,0,0,0,0,0,0,0,1,0,0,0,0,0,0,0
274,Best Buy,2019-01-01,Customer Service Specialist,"PR, Advertising & Marketing Jobs",0,0,0,0,0,0,0,0,0,0,0,0,0,0,0,1,0,0,0,0,0,0,0
275,YMCA of the USA,2019-01-01,YMCA of Austin Minnesota CEO,Charity & Voluntary Jobs,0,0,1,0,0,0,0,0,0,0,0,0,0,0,0,0,0,0,0,0,0,0,0
276,STUDIO AZUL INC,2019-01-01,Customer Service Representative,IT Jobs,0,0,0,0,0,0,0,0,0,0,0,1,0,0,0,0,0,0,0,0,0,0,0
277,TechVAR,2019-01-01,Sales Development Representative,HR & Recruitment Jobs,0,0,0,0,0,0,0,0,1,0,0,0,0,0,0,0,0,0,0,0,0,0,0
278,Broadband Telecom Services,2019-01-01,"Austin - Cable, Fiber, Data Tech - Badged",IT Jobs,0,0,0,0,0,0,0,0,0,0,0,1,0,0,0,0,0,0,0,0,0,0,0
279,TechVAR,2019-01-01,Renewal Specialist,HR & Recruitment Jobs,0,0,0,0,0,0,0,0,1,0,0,0,0,0,0,0,0,0,0,0,0,0,0
280,Penske,2019-01-01,Diesel Technician/Mechanic II,Logistics & Warehouse Jobs,0,0,0,0,0,0,0,0,0,0,0,0,1,0,0,0,0,0,0,0,0,0,0
281,HD Supply,2019-01-01,Tool Repair Associate,Logistics & Warehouse Jobs,0,0,0,0,0,0,0,0,0,0,0,0,1,0,0,0,0,0,0,0,0,0,0
282,Army National Guard,2019-01-01,92F Petroleum Supply Specialist,Logistics & Warehouse Jobs,0,0,0,0,0,0,0,0,0,0,0,0,1,0,0,0,0,0,0,0,0,0,0
283,"The Paradies Shops, LLC",2019-01-01,Warehouse Associate- Food and Beverage,Hospitality & Catering Jobs,0,0,0,0,0,0,0,0,0,0,1,0,0,0,0,0,0,0,0,0,0,0,0
284,"The Paradies Shops, LLC",2019-01-01,Huts Hamburgers Bartender,Hospitality & Catering Jobs,0,0,0,0,0,0,0,0,0,0,1,0,0,0,0,0,0,0,0,0,0,0,0
285,Best Buy,2019-01-01,Pacific Sales Customer Service Specialist,"PR, Advertising & Marketing Jobs",0,0,0,0,0,0,0,0,0,0,0,0,0,0,0,1,0,0,0,0,0,0,0
286,Ride Right,2019-01-01,"Manager, Customer Service and Administration (Austin, TX - South 509 Thompson Ln)","PR, Advertising & Marketing Jobs",0,0,0,0,0,0,0,0,0,0,0,0,0,0,0,1,0,0,0,0,0,0,0
287,SUNSHINE RETIREMENT LIVING LLC,2019-01-01,Cook,"PR, Advertising & Marketing Jobs",0,0,0,0,0,0,0,0,0,0,0,0,0,0,0,1,0,0,0,0,0,0,0
288,iFly,2019-01-01,Director RE Development,"PR, Advertising & Marketing Jobs",0,0,0,0,0,0,0,0,0,0,0,0,0,0,0,1,0,0,0,0,0,0,0
289,Hajoca Corporation,2019-01-01,Customer Service Specialist,"PR, Advertising & Marketing Jobs",0,0,0,0,0,0,0,0,0,0,0,0,0,0,0,1,0,0,0,0,0,0,0
290,"BBCO, LLC",2019-01-01,Accounts Payable Clerk,Accounting & Finance Jobs,1,0,0,0,0,0,0,0,0,0,0,0,0,0,0,0,0,0,0,0,0,0,0
291,Apogee Telecom,2019-01-01,Automation Engineer,IT Jobs,0,0,0,0,0,0,0,0,0,0,0,1,0,0,0,0,0,0,0,0,0,0,0
292,Apogee Telecom,2019-01-01,Software Product Manager,IT Jobs,0,0,0,0,0,0,0,0,0,0,0,1,0,0,0,0,0,0,0,0,0,0,0
293,Conduent,2019-01-01,Systems Development Team Lead,Trade & Construction Jobs,0,0,0,0,0,0,0,0,0,0,0,0,0,0,0,0,0,0,0,0,1,0,0
294,Roscoe Properties,2019-01-01,Accounting Specialist,Accounting & Finance Jobs,1,0,0,0,0,0,0,0,0,0,0,0,0,0,0,0,0,0,0,0,0,0,0
295,Apogee Telecom,2019-01-01,Field Service Representative,IT Jobs,0,0,0,0,0,0,0,0,0,0,0,1,0,0,0,0,0,0,0,0,0,0,0
296,Army National Guard,2019-01-01,35M Warrant Officer: Human Intelligence Collection Technician,Logistics & Warehouse Jobs,0,0,0,0,0,0,0,0,0,0,0,0,1,0,0,0,0,0,0,0,0,0,0
297,Boon Chapman,2019-01-01,Auditor/Trainer,Other/General Jobs,0,0,0,0,0,0,0,0,0,0,0,0,0,0,1,0,0,0,0,0,0,0,0
298,IBM Research   Austin,2019-01-01,IBM Cloud Sales Solution Architect,Unknown,0,0,0,0,0,0,0,0,0,0,0,0,0,0,0,0,0,0,0,0,0,0,1
299,Little Land Play Gym Franchise,2019-01-01,Administrative Assistant,Unknown,0,0,0,0,0,0,0,0,0,0,0,0,0,0,0,0,0,0,0,0,0,0,1
301,"D.R. Horton, Inc.",2019-01-01,Mortgage Mastery Trainee-SE RPC,Accounting & Finance Jobs,1,0,0,0,0,0,0,0,0,0,0,0,0,0,0,0,0,0,0,0,0,0,0
302,"D.R. Horton, Inc.",2019-01-01,Mortgage Mastery Trainee-Central Texas RPC,Accounting & Finance Jobs,1,0,0,0,0,0,0,0,0,0,0,0,0,0,0,0,0,0,0,0,0,0,0
303,Best Buy,2019-01-01,Inventory Specialist,"PR, Advertising & Marketing Jobs",0,0,0,0,0,0,0,0,0,0,0,0,0,0,0,1,0,0,0,0,0,0,0
304,BCG Attorney Search,2019-01-01,Corporate Associate Attorney,"PR, Advertising & Marketing Jobs",0,0,0,0,0,0,0,0,0,0,0,0,0,0,0,1,0,0,0,0,0,0,0
305,Robert Half International,2019-01-01,"Technical Recruiter, Robert Half Technology - Austin","PR, Advertising & Marketing Jobs",0,0,0,0,0,0,0,0,0,0,0,0,0,0,0,1,0,0,0,0,0,0,0
306,Robert Half International,2019-01-01,"Division Director Permanent Placement, The Creative Group - Austin","PR, Advertising & Marketing Jobs",0,0,0,0,0,0,0,0,0,0,0,0,0,0,0,1,0,0,0,0,0,0,0
307,EF English First,2019-01-01,English Teacher - Teach English in China,Teaching Jobs,0,0,0,0,0,0,0,0,0,0,0,0,0,0,0,0,0,0,0,1,0,0,0
308,"Waste Connections US, Inc",2019-01-01,Sales Representative,Retail Jobs,0,0,0,0,0,0,0,0,0,0,0,0,0,0,0,0,0,1,0,0,0,0,0
309,Infosys,2019-01-01,Lead Consultant - US,IT Jobs,0,0,0,0,0,0,0,0,0,0,0,1,0,0,0,0,0,0,0,0,0,0,0
310,Mayo Clinic,2019-01-01,Registered Nurse (RN) - Med/Surg/Peds - Supplemental,"PR, Advertising & Marketing Jobs",0,0,0,0,0,0,0,0,0,0,0,0,0,0,0,1,0,0,0,0,0,0,0
311,SUNSHINE RETIREMENT LIVING LLC,2019-01-01,Server,"PR, Advertising & Marketing Jobs",0,0,0,0,0,0,0,0,0,0,0,0,0,0,0,1,0,0,0,0,0,0,0
312,"D.R. Horton, Inc.",2019-01-01,Mortgage Mastery Trainee-Austin Closing,Accounting & Finance Jobs,1,0,0,0,0,0,0,0,0,0,0,0,0,0,0,0,0,0,0,0,0,0,0
313,JE Dunn,2019-01-01,Senior Electrical Engineer,Trade & Construction Jobs,0,0,0,0,0,0,0,0,0,0,0,0,0,0,0,0,0,0,0,0,1,0,0
314,State Street,2019-01-01,Admin - SA,Admin Jobs,0,1,0,0,0,0,0,0,0,0,0,0,0,0,0,0,0,0,0,0,0,0,0
315,U.S. Dermatology Partners,2019-01-01,Front Desk opportunity,Admin Jobs,0,1,0,0,0,0,0,0,0,0,0,0,0,0,0,0,0,0,0,0,0,0,0
316,Army National Guard,2019-01-01,68W Health Care Specialist,Logistics & Warehouse Jobs,0,0,0,0,0,0,0,0,0,0,0,0,1,0,0,0,0,0,0,0,0,0,0
317,Army National Guard,2019-01-01,92G Food Service Specialist,Logistics & Warehouse Jobs,0,0,0,0,0,0,0,0,0,0,0,0,1,0,0,0,0,0,0,0,0,0,0
318,Army National Guard,2019-01-01,14G Air Defense Battle Management System Operator,Logistics & Warehouse Jobs,0,0,0,0,0,0,0,0,0,0,0,0,1,0,0,0,0,0,0,0,0,0,0
319,Army National Guard,2019-01-01,25U Signal Support Systems Specialist,Logistics & Warehouse Jobs,0,0,0,0,0,0,0,0,0,0,0,0,1,0,0,0,0,0,0,0,0,0,0
320,Army National Guard,2019-01-01,12Y Geospatial Engineer,Logistics & Warehouse Jobs,0,0,0,0,0,0,0,0,0,0,0,0,1,0,0,0,0,0,0,0,0,0,0
321,Army National Guard,2019-01-01,94M Radar Repairer,Logistics & Warehouse Jobs,0,0,0,0,0,0,0,0,0,0,0,0,1,0,0,0,0,0,0,0,0,0,0
322,Boon Chapman,2019-01-01,Eligibility Specialist,Other/General Jobs,0,0,0,0,0,0,0,0,0,0,0,0,0,0,1,0,0,0,0,0,0,0,0
323,Kapsch   Duluth,2019-01-01,Software Engineer,Unknown,0,0,0,0,0,0,0,0,0,0,0,0,0,0,0,0,0,0,0,0,0,0,1
324,Kapsch   Duluth,2019-01-01,Transaction Processing - Software Engineer,Unknown,0,0,0,0,0,0,0,0,0,0,0,0,0,0,0,0,0,0,0,0,0,0,1
325,Kapsch   Duluth,2019-01-01,Tolling Operations Analyst,Unknown,0,0,0,0,0,0,0,0,0,0,0,0,0,0,0,0,0,0,0,0,0,0,1
326,BCG Attorney Search,2019-01-01,Real Estate Associate Attorney,"PR, Advertising & Marketing Jobs",0,0,0,0,0,0,0,0,0,0,0,0,0,0,0,1,0,0,0,0,0,0,0
327,"TPS Parking Management, LLC",2019-01-01,Parking Guest Attendant - Part Time Overnight,"PR, Advertising & Marketing Jobs",0,0,0,0,0,0,0,0,0,0,0,0,0,0,0,1,0,0,0,0,0,0,0
328,"TPS Parking Management, LLC",2019-01-01,Parking Guest Attendant - Full and Part Time,"PR, Advertising & Marketing Jobs",0,0,0,0,0,0,0,0,0,0,0,0,0,0,0,1,0,0,0,0,0,0,0
329,"The Paradies Shops, LLC",2019-01-01,Second Bar and Kitchen Restaurant Supervisor,Hospitality & Catering Jobs,0,0,0,0,0,0,0,0,0,0,1,0,0,0,0,0,0,0,0,0,0,0,0
330,Francesca's Service Corporation,2019-01-01,Retail Sales Associate,"PR, Advertising & Marketing Jobs",0,0,0,0,0,0,0,0,0,0,0,0,0,0,0,1,0,0,0,0,0,0,0
331,Pitney Bowes,2019-01-01,"Director, Fulfillment Operations","PR, Advertising & Marketing Jobs",0,0,0,0,0,0,0,0,0,0,0,0,0,0,0,1,0,0,0,0,0,0,0
332,R1 RCM,2019-01-01,Patient Registration Representative-Seton Medical Center Austin,"PR, Advertising & Marketing Jobs",0,0,0,0,0,0,0,0,0,0,0,0,0,0,0,1,0,0,0,0,0,0,0
333,Mayo Clinic,2019-01-01,24/7 Nurse Manager - ICU/Telemetry,"PR, Advertising & Marketing Jobs",0,0,0,0,0,0,0,0,0,0,0,0,0,0,0,1,0,0,0,0,0,0,0
335,"BGC Partners, Cantor Fitzgerald, Newmark Knight Frank, and GFI Group",2019-01-01,Sr. Financial Analyst- ARA,"PR, Advertising & Marketing Jobs",0,0,0,0,0,0,0,0,0,0,0,0,0,0,0,1,0,0,0,0,0,0,0
336,"D.R. Horton, Inc.",2019-01-01,Customer Service Tech,Trade & Construction Jobs,0,0,0,0,0,0,0,0,0,0,0,0,0,0,0,0,0,0,0,0,1,0,0
337,Ericsson,2019-01-01,Telecom Tower Crew Foreman (Austin),IT Jobs,0,0,0,0,0,0,0,0,0,0,0,1,0,0,0,0,0,0,0,0,0,0,0
338,BYOBitcoin,2019-01-01,Crypto & Blockchain Blogging Expert - Intern,Teaching Jobs,0,0,0,0,0,0,0,0,0,0,0,0,0,0,0,0,0,0,0,1,0,0,0
339,"iKey, Ltd.",2019-01-01,Customer Support Specialist,Manufacturing Jobs,0,0,0,0,0,0,0,0,0,0,0,0,0,1,0,0,0,0,0,0,0,0,0
340,Bazaarvoice,2019-01-01,Senior Program Manager,Unknown,0,0,0,0,0,0,0,0,0,0,0,0,0,0,0,0,0,0,0,0,0,0,1
341,Bazaarvoice,2019-01-01,Product Manager- Marketing Technology,Unknown,0,0,0,0,0,0,0,0,0,0,0,0,0,0,0,0,0,0,0,0,0,0,1
342,Bazaarvoice,2019-01-01,"Senior Staff Software Engineer, Data/AdTech",Unknown,0,0,0,0,0,0,0,0,0,0,0,0,0,0,0,0,0,0,0,0,0,0,1
343,Bazaarvoice,2019-01-01,Software Engineer Team Lead,Unknown,0,0,0,0,0,0,0,0,0,0,0,0,0,0,0,0,0,0,0,0,0,0,1
344,Bazaarvoice,2019-01-01,Senior Business Development Manager,Unknown,0,0,0,0,0,0,0,0,0,0,0,0,0,0,0,0,0,0,0,0,0,0,1
345,Bazaarvoice,2019-01-01,Security Architect,Unknown,0,0,0,0,0,0,0,0,0,0,0,0,0,0,0,0,0,0,0,0,0,0,1
346,Bazaarvoice,2019-01-01,"Senior Technical Program Manager, Services Operations",Unknown,0,0,0,0,0,0,0,0,0,0,0,0,0,0,0,0,0,0,0,0,0,0,1
347,Bazaarvoice,2019-01-01,"Technical Lead, Front-end Development",Unknown,0,0,0,0,0,0,0,0,0,0,0,0,0,0,0,0,0,0,0,0,0,0,1
348,Bazaarvoice,2019-01-01,Senior iOS Engineer,Unknown,0,0,0,0,0,0,0,0,0,0,0,0,0,0,0,0,0,0,0,0,0,0,1
349,Bazaarvoice,2019-01-01,"Director of Engineering, Global Data Monetization Team",Unknown,0,0,0,0,0,0,0,0,0,0,0,0,0,0,0,0,0,0,0,0,0,0,1
350,Bazaarvoice,2019-01-01,"Senior Program Manager, Go-To-Market",Unknown,0,0,0,0,0,0,0,0,0,0,0,0,0,0,0,0,0,0,0,0,0,0,1
351,Bazaarvoice,2019-01-01,Services Delivery Coordinator,Unknown,0,0,0,0,0,0,0,0,0,0,0,0,0,0,0,0,0,0,0,0,0,0,1
352,Bazaarvoice,2019-01-01,Senior Commissions Analyst,Unknown,0,0,0,0,0,0,0,0,0,0,0,0,0,0,0,0,0,0,0,0,0,0,1
353,Bazaarvoice,2019-01-01,Senior Security Engineer,Unknown,0,0,0,0,0,0,0,0,0,0,0,0,0,0,0,0,0,0,0,0,0,0,1
354,Bazaarvoice,2019-01-01,Marketing Communications Specialist,Unknown,0,0,0,0,0,0,0,0,0,0,0,0,0,0,0,0,0,0,0,0,0,0,1
355,Bazaarvoice,2019-01-01,Sales Development Representative,Unknown,0,0,0,0,0,0,0,0,0,0,0,0,0,0,0,0,0,0,0,0,0,0,1
356,Bazaarvoice,2019-01-01,"Senior Marketing Manager, Demand & Retention",Unknown,0,0,0,0,0,0,0,0,0,0,0,0,0,0,0,0,0,0,0,0,0,0,1
357,Bazaarvoice,2019-01-01,Senior Systems Engineer,Unknown,0,0,0,0,0,0,0,0,0,0,0,0,0,0,0,0,0,0,0,0,0,0,1
358,Bazaarvoice,2019-01-01,Technical Implementation Consultant,Unknown,0,0,0,0,0,0,0,0,0,0,0,0,0,0,0,0,0,0,0,0,0,0,1
359,Bazaarvoice,2019-01-01,Account Executive,Unknown,0,0,0,0,0,0,0,0,0,0,0,0,0,0,0,0,0,0,0,0,0,0,1
360,Bazaarvoice,2019-01-01,Assistant Controller,Unknown,0,0,0,0,0,0,0,0,0,0,0,0,0,0,0,0,0,0,0,0,0,0,1
361,Army National Guard,2019-01-01,92Y Unit Supply Specialist - Warehouse Manager,Logistics & Warehouse Jobs,0,0,0,0,0,0,0,0,0,0,0,0,1,0,0,0,0,0,0,0,0,0,0
362,Avis Budget Group,2019-01-01,Vehicle Maintenance Associate,Logistics & Warehouse Jobs,0,0,0,0,0,0,0,0,0,0,0,0,1,0,0,0,0,0,0,0,0,0,0
363,Army National Guard,2019-01-01,35N Signals Intelligence Analyst,Logistics & Warehouse Jobs,0,0,0,0,0,0,0,0,0,0,0,0,1,0,0,0,0,0,0,0,0,0,0
364,JBCSTYLE,2019-01-01,"Freelance Sales Associates, tx",Retail Jobs,0,0,0,0,0,0,0,0,0,0,0,0,0,0,0,0,0,1,0,0,0,0,0
365,JBCSTYLE,2019-01-01,"Freelance Store Manager, tx",Retail Jobs,0,0,0,0,0,0,0,0,0,0,0,0,0,0,0,0,0,1,0,0,0,0,0
366,Rick's Cleaners,2019-01-01,Delivery Driver,Unknown,0,0,0,0,0,0,0,0,0,0,0,0,0,0,0,0,0,0,0,0,0,0,1
367,Infosys,2019-01-01,Consultant - US,IT Jobs,0,0,0,0,0,0,0,0,0,0,0,1,0,0,0,0,0,0,0,0,0,0,0
369,"D.R. Horton, Inc.",2019-01-01,IT Compliance Analyst-FS,Accounting & Finance Jobs,1,0,0,0,0,0,0,0,0,0,0,0,0,0,0,0,0,0,0,0,0,0,0
370,Emerson Electric Co,2019-01-01,User Experience Designer,"Energy, Oil & Gas Jobs",0,0,0,0,0,0,1,0,0,0,0,0,0,0,0,0,0,0,0,0,0,0,0
371,BCG Attorney Search,2019-01-01,Business Litigation Of Counsel,"PR, Advertising & Marketing Jobs",0,0,0,0,0,0,0,0,0,0,0,0,0,0,0,1,0,0,0,0,0,0,0
373,Jamf,2019-01-01,Business Development Executive - Education,Sales Jobs,0,0,0,0,0,0,0,0,0,0,0,0,0,0,0,0,0,0,1,0,0,0,0
374,Army National Guard,2019-01-01,35G Imagery Analyst,Logistics & Warehouse Jobs,0,0,0,0,0,0,0,0,0,0,0,0,1,0,0,0,0,0,0,0,0,0,0
375,Logistic Dynamics Inc.,2019-01-01,Freight Broker Agent - Experience Required,Logistics & Warehouse Jobs,0,0,0,0,0,0,0,0,0,0,0,0,1,0,0,0,0,0,0,0,0,0,0
376,Army National Guard,2019-01-01,25S Satellite Communication Systems Operator-Maintainer,Logistics & Warehouse Jobs,0,0,0,0,0,0,0,0,0,0,0,0,1,0,0,0,0,0,0,0,0,0,0
377,420 Science,2019-01-01,Warehouse Shipping Associate (South Austin),Unknown,0,0,0,0,0,0,0,0,0,0,0,0,0,0,0,0,0,0,0,0,0,0,1
378,420 Science,2019-01-01,B2B Account Manager / Sales Rep in Smoke Shop Industry,Unknown,0,0,0,0,0,0,0,0,0,0,0,0,0,0,0,0,0,0,0,0,0,0,1
380,iFly,2019-01-01,Infrastructure & System Specialist,"PR, Advertising & Marketing Jobs",0,0,0,0,0,0,0,0,0,0,0,0,0,0,0,1,0,0,0,0,0,0,0
381,iFly,2019-01-01,CRM & Insights Manager,"PR, Advertising & Marketing Jobs",0,0,0,0,0,0,0,0,0,0,0,0,0,0,0,1,0,0,0,0,0,0,0
382,Radyant INC,2019-01-01,QA Architect,Engineering Jobs,0,0,0,0,0,0,0,1,0,0,0,0,0,0,0,0,0,0,0,0,0,0,0
