,company,date,title,salary,All_Sectors,Accounting & Finance Jobs,Admin Jobs,Charity & Voluntary Jobs,Consultancy Jobs,Creative & Design Jobs,Customer Services Jobs,Domestic help & Cleaning Jobs,"Energy, Oil & Gas Jobs",Engineering Jobs,HR & Recruitment Jobs,Healthcare & Nursing Jobs,Hospitality & Catering Jobs,IT Jobs,Legal Jobs,Logistics & Warehouse Jobs,Maintenance Jobs,Manufacturing Jobs,Other/General Jobs,"PR, Advertising & Marketing Jobs",Property Jobs,Retail Jobs,Sales Jobs,Scientific & QA Jobs,Social work Jobs,Teaching Jobs,Trade & Construction Jobs,Travel Jobs,Unknown
0,Heartland Express,2018-02-01,CDL-A Truck Driver - Great Pay and Routes,0,Unknown,0,0,0,0,0,0,0,0,0,0,0,0,0,0,0,0,0,0,0,0,0,0,0,0,0,0,0,1
1,Superprof,2018-07-01,"Superprof, the USA’s 1 tutoring network, is offering you the chance to become a private Academic English tutor - Ventura",0,Teaching Jobs,0,0,0,0,0,0,0,0,0,0,0,0,0,0,0,0,0,0,0,0,0,0,0,0,1,0,0,0
2,CVS Health,2018-08-01,Pharmacy Technician,0,Retail Jobs,0,0,0,0,0,0,0,0,0,0,0,0,0,0,0,0,0,0,0,0,1,0,0,0,0,0,0,0
3,CVS Health,2018-08-01,Shift Supervisor Management Trainee,0,Retail Jobs,0,0,0,0,0,0,0,0,0,0,0,0,0,0,0,0,0,0,0,0,1,0,0,0,0,0,0,0
4,CVS Health,2018-08-01,Pharmacy Technician - Target Store,0,Retail Jobs,0,0,0,0,0,0,0,0,0,0,0,0,0,0,0,0,0,0,0,0,1,0,0,0,0,0,0,0
5,CVS Health,2018-08-01,Retail Store Associate,0,Other/General Jobs,0,0,0,0,0,0,0,0,0,0,0,0,0,0,0,0,0,1,0,0,0,0,0,0,0,0,0,0
6,Kroger,2018-08-01,Ralphs Fresh Hourly Associate,0,Unknown,0,0,0,0,0,0,0,0,0,0,0,0,0,0,0,0,0,0,0,0,0,0,0,0,0,0,0,1
7,Kroger,2018-08-01,Ralphs Grocery/Stocking Hourly Associate,0,Unknown,0,0,0,0,0,0,0,0,0,0,0,0,0,0,0,0,0,0,0,0,0,0,0,0,0,0,0,1
8,Kroger,2018-08-01,Ralphs Front End Hourly Associate,0,Unknown,0,0,0,0,0,0,0,0,0,0,0,0,0,0,0,0,0,0,0,0,0,0,0,0,0,0,0,1
9,C.R. England,2018-08-01,"Become a Truck Driver We Train, We Hire - Guaranteed",0,Logistics & Warehouse Jobs,0,0,0,0,0,0,0,0,0,0,0,0,0,0,1,0,0,0,0,0,0,0,0,0,0,0,0,0
10,C.R. England,2018-08-01,"CDL Training School We Train, We Hire - Guaranteed",0,Logistics & Warehouse Jobs,0,0,0,0,0,0,0,0,0,0,0,0,0,0,1,0,0,0,0,0,0,0,0,0,0,0,0,0
11,Luxottica Group,2018-09-01,"Optometrist- Ventura, CA- Target Optical",0,Unknown,0,0,0,0,0,0,0,0,0,0,0,0,0,0,0,0,0,0,0,0,0,0,0,0,0,0,0,1
12,C.R. England,2018-09-01,"Entry Level CDL Truck Driver We Train, We Hire - Guaranteed",0,Unknown,0,0,0,0,0,0,0,0,0,0,0,0,0,0,0,0,0,0,0,0,0,0,0,0,0,0,0,1
13,First Future,2018-09-01,Online ESL English Teacher Wanted,0,Teaching Jobs,0,0,0,0,0,0,0,0,0,0,0,0,0,0,0,0,0,0,0,0,0,0,0,0,1,0,0,0
14,First Future,2018-09-01,Online ESL Teachers for Chinese stude,0,Teaching Jobs,0,0,0,0,0,0,0,0,0,0,0,0,0,0,0,0,0,0,0,0,0,0,0,0,1,0,0,0
15,ESL Suite,2018-09-01,Online EFL/English Teacher,0,Teaching Jobs,0,0,0,0,0,0,0,0,0,0,0,0,0,0,0,0,0,0,0,0,0,0,0,0,1,0,0,0
16,BlingABC by XDF,2018-09-01,Teach English Online From Home,0,Teaching Jobs,0,0,0,0,0,0,0,0,0,0,0,0,0,0,0,0,0,0,0,0,0,0,0,0,1,0,0,0
17,First Future,2018-09-01,Part-time English Teacher working onl,0,Teaching Jobs,0,0,0,0,0,0,0,0,0,0,0,0,0,0,0,0,0,0,0,0,0,0,0,0,1,0,0,0
18,First Future,2018-09-01,Online ESL- English Teacher,0,Teaching Jobs,0,0,0,0,0,0,0,0,0,0,0,0,0,0,0,0,0,0,0,0,0,0,0,0,1,0,0,0
19,First Future,2018-09-01,"ESL teacher,high salary,no commuting",0,Teaching Jobs,0,0,0,0,0,0,0,0,0,0,0,0,0,0,0,0,0,0,0,0,0,0,0,0,1,0,0,0
20,FCSpsy,2018-09-01,General Psychiatrist,0,Healthcare & Nursing Jobs,0,0,0,0,0,0,0,0,0,0,1,0,0,0,0,0,0,0,0,0,0,0,0,0,0,0,0,0
21,California Physician Opportunities,2018-09-01,Family Practice with OB skills opportunity located on the Blue Pacific,0,Healthcare & Nursing Jobs,0,0,0,0,0,0,0,0,0,0,1,0,0,0,0,0,0,0,0,0,0,0,0,0,0,0,0,0
22,Integrity Healthcare,2018-09-01,"Nocturnist Opening in Ventura County, California",0,Healthcare & Nursing Jobs,0,0,0,0,0,0,0,0,0,0,1,0,0,0,0,0,0,0,0,0,0,0,0,0,0,0,0,0
23,myMDCareers,2018-09-01,Urgent Care Medical Director,0,Healthcare & Nursing Jobs,0,0,0,0,0,0,0,0,0,0,1,0,0,0,0,0,0,0,0,0,0,0,0,0,0,0,0,0
24,MDstaffers,2018-09-01,"Psychiatric Hospitalist (Ventura, CA)",0,Healthcare & Nursing Jobs,0,0,0,0,0,0,0,0,0,0,1,0,0,0,0,0,0,0,0,0,0,0,0,0,0,0,0,0
25,CompHealth,2018-09-01,Psychiatry in CA - Permanent: Adult Psychiatrist Opportunity in California,0,Healthcare & Nursing Jobs,0,0,0,0,0,0,0,0,0,0,1,0,0,0,0,0,0,0,0,0,0,0,0,0,0,0,0,0
26,CompHealth,2018-09-01,Family Practice in CA - Permanent: Family Medicine Physician with OB is needed in Southern California,0,Healthcare & Nursing Jobs,0,0,0,0,0,0,0,0,0,0,1,0,0,0,0,0,0,0,0,0,0,0,0,0,0,0,0,0
27,myMDCareers,2018-09-01,Urgent Care Emergency Medicine Medical Director,0,Healthcare & Nursing Jobs,0,0,0,0,0,0,0,0,0,0,1,0,0,0,0,0,0,0,0,0,0,0,0,0,0,0,0,0
28,Bath & Body Works,2018-10-01,BBW Key Holder-PACIFIC VIEW MALL,0,Sales Jobs,0,0,0,0,0,0,0,0,0,0,0,0,0,0,0,0,0,0,0,0,0,1,0,0,0,0,0,0
29,C.R. England,2018-10-01,Entry-Level CDL-A Truck Drivers - Paid Training & Guaranteed Placement,0,Unknown,0,0,0,0,0,0,0,0,0,0,0,0,0,0,0,0,0,0,0,0,0,0,0,0,0,0,0,1
30,Northrop Grumman,2018-10-01,Designer-Drafter 2/3 - Clearance Required,0,Unknown,0,0,0,0,0,0,0,0,0,0,0,0,0,0,0,0,0,0,0,0,0,0,0,0,0,0,0,1
31,Northrop Grumman,2018-10-01,Software Engineer 2/3,0,Unknown,0,0,0,0,0,0,0,0,0,0,0,0,0,0,0,0,0,0,0,0,0,0,0,0,0,0,0,1
32,MJ Tank Lines,2018-10-01,Local Class A Truck Driver- Ventura CA,0,Logistics & Warehouse Jobs,0,0,0,0,0,0,0,0,0,0,0,0,0,0,1,0,0,0,0,0,0,0,0,0,0,0,0,0
33,Luxottica Group,2018-10-01,LensCrafters - Eyewear Consultant,0,Unknown,0,0,0,0,0,0,0,0,0,0,0,0,0,0,0,0,0,0,0,0,0,0,0,0,0,0,0,1
34,Robert Half Technology,2018-10-01,Business Analyst,0,IT Jobs,0,0,0,0,0,0,0,0,0,0,0,0,1,0,0,0,0,0,0,0,0,0,0,0,0,0,0,0
35,CVS Caremark,2018-10-01,Store Team Member,0,Unknown,0,0,0,0,0,0,0,0,0,0,0,0,0,0,0,0,0,0,0,0,0,0,0,0,0,0,0,1
36,CVS Pharmacy,2018-10-01,Clerk/Cashier,0,Unknown,0,0,0,0,0,0,0,0,0,0,0,0,0,0,0,0,0,0,0,0,0,0,0,0,0,0,0,1
37,BlingABC by XDF,2018-10-01,Online ESL teacher,0,Teaching Jobs,0,0,0,0,0,0,0,0,0,0,0,0,0,0,0,0,0,0,0,0,0,0,0,0,1,0,0,0
38,Baker Hughes,2018-10-01,"Senior Major Account Manager (Artificial Lift) - Ventura, CA",0,"Energy, Oil & Gas Jobs",0,0,0,0,0,0,0,1,0,0,0,0,0,0,0,0,0,0,0,0,0,0,0,0,0,0,0,0
39,Soliant Health,2018-10-01,Occupational Therapist (OT) Job,0,Unknown,0,0,0,0,0,0,0,0,0,0,0,0,0,0,0,0,0,0,0,0,0,0,0,0,0,0,0,1
40,Soliant Health,2018-10-01,Middle School Speech Pathologist,0,Unknown,0,0,0,0,0,0,0,0,0,0,0,0,0,0,0,0,0,0,0,0,0,0,0,0,0,0,0,1
41,Soliant Health,2018-10-01,"Full Time School SLP Job: Ventura, CA",0,Unknown,0,0,0,0,0,0,0,0,0,0,0,0,0,0,0,0,0,0,0,0,0,0,0,0,0,0,0,1
42,Soliant Health,2018-10-01,Occupational Therapist (OT),0,Unknown,0,0,0,0,0,0,0,0,0,0,0,0,0,0,0,0,0,0,0,0,0,0,0,0,0,0,0,1
43,Soliant Health,2018-10-01,"Occupational Therapist, Elementary School Contract",0,Unknown,0,0,0,0,0,0,0,0,0,0,0,0,0,0,0,0,0,0,0,0,0,0,0,0,0,0,0,1
44,Soliant Health,2018-10-01,"Ventura, CA School OT Job â€"" Full Time or Part Time",0,Unknown,0,0,0,0,0,0,0,0,0,0,0,0,0,0,0,0,0,0,0,0,0,0,0,0,0,0,0,1
45,Soliant Health,2018-10-01,"Part Time - Speech Language Pathologist - Ventura, California",0,Unknown,0,0,0,0,0,0,0,0,0,0,0,0,0,0,0,0,0,0,0,0,0,0,0,0,0,0,0,1
46,Soliant Health,2018-10-01,Elementary Speech Pathologist,0,Unknown,0,0,0,0,0,0,0,0,0,0,0,0,0,0,0,0,0,0,0,0,0,0,0,0,0,0,0,1
47,Soliant Health,2018-10-01,Speech Language Pathologist - SLP,0,Unknown,0,0,0,0,0,0,0,0,0,0,0,0,0,0,0,0,0,0,0,0,0,0,0,0,0,0,0,1
48,Soliant Health,2018-10-01,"School Speech Therapy Job: Ventura County, CA area",0,Unknown,0,0,0,0,0,0,0,0,0,0,0,0,0,0,0,0,0,0,0,0,0,0,0,0,0,0,0,1
49,C.R. England,2018-10-01,Truck Driver Class A CDL Recent Grads - Paid Training,0,Unknown,0,0,0,0,0,0,0,0,0,0,0,0,0,0,0,0,0,0,0,0,0,0,0,0,0,0,0,1
50,C.R. England,2018-10-01,Recent Grad CDL-A Truck Driver - Paid Training,0,Unknown,0,0,0,0,0,0,0,0,0,0,0,0,0,0,0,0,0,0,0,0,0,0,0,0,0,0,0,1
51,Soliant Health,2018-10-01,School Speech Language Pathologist,0,Unknown,0,0,0,0,0,0,0,0,0,0,0,0,0,0,0,0,0,0,0,0,0,0,0,0,0,0,0,1
52,BlingABC by XDF,2018-10-01,Online ESL Teacher $28-$36USD per 90,0,Teaching Jobs,0,0,0,0,0,0,0,0,0,0,0,0,0,0,0,0,0,0,0,0,0,0,0,0,1,0,0,0
53,CyberCoders,2018-10-01,Clinical Laboratory Scientist,0,Unknown,0,0,0,0,0,0,0,0,0,0,0,0,0,0,0,0,0,0,0,0,0,0,0,0,0,0,0,1
54,CyberCoders,2018-10-01,Node.JS Developer,0,Unknown,0,0,0,0,0,0,0,0,0,0,0,0,0,0,0,0,0,0,0,0,0,0,0,0,0,0,0,1
55,CyberCoders,2018-10-01,Web & Netsuite Developer,0,Unknown,0,0,0,0,0,0,0,0,0,0,0,0,0,0,0,0,0,0,0,0,0,0,0,0,0,0,0,1
56,Dover Corporation,2018-10-01,Quality Engineer,0,Engineering Jobs,0,0,0,0,0,0,0,0,1,0,0,0,0,0,0,0,0,0,0,0,0,0,0,0,0,0,0,0
57,Patagonia Inc.,2018-11-01,Recruiting Operations Specialist,0,HR & Recruitment Jobs,0,0,0,0,0,0,0,0,0,1,0,0,0,0,0,0,0,0,0,0,0,0,0,0,0,0,0,0
58,Tutor Map,2018-11-01,Math Tutors Wanted,0,Teaching Jobs,0,0,0,0,0,0,0,0,0,0,0,0,0,0,0,0,0,0,0,0,0,0,0,0,1,0,0,0
59,Tutor Map,2018-11-01,English Tutors Wanted,0,Teaching Jobs,0,0,0,0,0,0,0,0,0,0,0,0,0,0,0,0,0,0,0,0,0,0,0,0,1,0,0,0
60,Tutor Map,2018-11-01,Accounting Tutors Wanted,0,Teaching Jobs,0,0,0,0,0,0,0,0,0,0,0,0,0,0,0,0,0,0,0,0,0,0,0,0,1,0,0,0
61,Tutor Map,2018-11-01,Chemistry Tutors Wanted,0,Teaching Jobs,0,0,0,0,0,0,0,0,0,0,0,0,0,0,0,0,0,0,0,0,0,0,0,0,1,0,0,0
62,Tutor Map,2018-11-01,Biology Tutors Wanted,0,Teaching Jobs,0,0,0,0,0,0,0,0,0,0,0,0,0,0,0,0,0,0,0,0,0,0,0,0,1,0,0,0
63,Tutor Map,2018-11-01,Physics Tutors Wanted,0,Teaching Jobs,0,0,0,0,0,0,0,0,0,0,0,0,0,0,0,0,0,0,0,0,0,0,0,0,1,0,0,0
64,"City of Ventura, CA",2018-11-01,Lateral Firefighter-Paramedic,0,Healthcare & Nursing Jobs,0,0,0,0,0,0,0,0,0,0,1,0,0,0,0,0,0,0,0,0,0,0,0,0,0,0,0,0
65,Kaiser Permanente,2018-11-01,Physician Assistant II Orthopedics,0,Healthcare & Nursing Jobs,0,0,0,0,0,0,0,0,0,0,1,0,0,0,0,0,0,0,0,0,0,0,0,0,0,0,0,0
66,Community Memorial Health System,2018-11-01,Clinical Laboratory Scientist - Per Diem,0,Healthcare & Nursing Jobs,0,0,0,0,0,0,0,0,0,0,1,0,0,0,0,0,0,0,0,0,0,0,0,0,0,0,0,0
67,Community Memorial Health System,2018-11-01,Physical Therapist - Per Diem,0,Healthcare & Nursing Jobs,0,0,0,0,0,0,0,0,0,0,1,0,0,0,0,0,0,0,0,0,0,0,0,0,0,0,0,0
68,Community Memorial Health System,2018-11-01,Sterile Processing Tech,0,Healthcare & Nursing Jobs,0,0,0,0,0,0,0,0,0,0,1,0,0,0,0,0,0,0,0,0,0,0,0,0,0,0,0,0
69,21st Century Oncology,2018-11-01,Physician Liaison,0,Healthcare & Nursing Jobs,0,0,0,0,0,0,0,0,0,0,1,0,0,0,0,0,0,0,0,0,0,0,0,0,0,0,0,0
70,Community Memorial Health System,2018-11-01,Registered Nurse - Main OR Per Diem,0,Unknown,0,0,0,0,0,0,0,0,0,0,0,0,0,0,0,0,0,0,0,0,0,0,0,0,0,0,0,1
71,Community Memorial Health System,2018-11-01,Medical Assistant - Urology Group,0,Healthcare & Nursing Jobs,0,0,0,0,0,0,0,0,0,0,1,0,0,0,0,0,0,0,0,0,0,0,0,0,0,0,0,0
72,Community Memorial Health System,2018-11-01,Clinic Registered Nurse - Urology,0,Unknown,0,0,0,0,0,0,0,0,0,0,0,0,0,0,0,0,0,0,0,0,0,0,0,0,0,0,0,1
73,Community Memorial Health System,2018-11-01,Sterile Processing Tech - Full-Time Nights,0,Healthcare & Nursing Jobs,0,0,0,0,0,0,0,0,0,0,1,0,0,0,0,0,0,0,0,0,0,0,0,0,0,0,0,0
74,Community Memorial Health System,2018-11-01,Registered Nurse - Main OR (Regular Part-Time),0,Unknown,0,0,0,0,0,0,0,0,0,0,0,0,0,0,0,0,0,0,0,0,0,0,0,0,0,0,0,1
75,Community Memorial Health System,2018-11-01,Medical Assistant - Float,0,Healthcare & Nursing Jobs,0,0,0,0,0,0,0,0,0,0,1,0,0,0,0,0,0,0,0,0,0,0,0,0,0,0,0,0
76,Community Memorial Health System,2018-11-01,Specialty Surgery Tech - On-Call,0,Healthcare & Nursing Jobs,0,0,0,0,0,0,0,0,0,0,1,0,0,0,0,0,0,0,0,0,0,0,0,0,0,0,0,0
77,Community Memorial Health System,2018-11-01,Registered Nurse - NICU Nights,0,Unknown,0,0,0,0,0,0,0,0,0,0,0,0,0,0,0,0,0,0,0,0,0,0,0,0,0,0,0,1
78,County of Ventura,2018-11-01,Clinical Laboratory Scientist I/II/III- Regular and Per Diem Pool I-IV,0,Healthcare & Nursing Jobs,0,0,0,0,0,0,0,0,0,0,1,0,0,0,0,0,0,0,0,0,0,0,0,0,0,0,0,0
79,Community Memorial Health System,2018-11-01,Occupational Therapist - Per Diem,0,Healthcare & Nursing Jobs,0,0,0,0,0,0,0,0,0,0,1,0,0,0,0,0,0,0,0,0,0,0,0,0,0,0,0,0
80,Community Memorial Health System,2018-11-01,Scrub Tech - Surgery,0,Healthcare & Nursing Jobs,0,0,0,0,0,0,0,0,0,0,1,0,0,0,0,0,0,0,0,0,0,0,0,0,0,0,0,0
81,Community Memorial Health System,2018-11-01,"Registered Nurse - ICU/CCU (Full-Time, Part-Time, Per Diem)",0,Healthcare & Nursing Jobs,0,0,0,0,0,0,0,0,0,0,1,0,0,0,0,0,0,0,0,0,0,0,0,0,0,0,0,0
82,Community Memorial Health System,2018-11-01,Clinic Registered Nurse,0,Unknown,0,0,0,0,0,0,0,0,0,0,0,0,0,0,0,0,0,0,0,0,0,0,0,0,0,0,0,1
83,Community Memorial Health System,2018-11-01,"Manager, Case Management",0,Healthcare & Nursing Jobs,0,0,0,0,0,0,0,0,0,0,1,0,0,0,0,0,0,0,0,0,0,0,0,0,0,0,0,0
84,Community Memorial Health System,2018-11-01,Registered Nurse - Same Day Surgery OR,0,Healthcare & Nursing Jobs,0,0,0,0,0,0,0,0,0,0,1,0,0,0,0,0,0,0,0,0,0,0,0,0,0,0,0,0
85,Community Memorial Health System,2018-11-01,Infection Prevention Coordinator,0,Healthcare & Nursing Jobs,0,0,0,0,0,0,0,0,0,0,1,0,0,0,0,0,0,0,0,0,0,0,0,0,0,0,0,0
86,Community Memorial Health System,2018-11-01,Clinical Manager Nursing - Med/Surg (5th Floor),0,Unknown,0,0,0,0,0,0,0,0,0,0,0,0,0,0,0,0,0,0,0,0,0,0,0,0,0,0,0,1
87,Community Memorial Health System,2018-11-01,Department Registered Nurse - Cardiac Cath Lab,0,Unknown,0,0,0,0,0,0,0,0,0,0,0,0,0,0,0,0,0,0,0,0,0,0,0,0,0,0,0,1
88,Community Memorial Health System,2018-11-01,Registered Nurse II - Main OR,0,Unknown,0,0,0,0,0,0,0,0,0,0,0,0,0,0,0,0,0,0,0,0,0,0,0,0,0,0,0,1
89,Mission Healthcare Services Inc,2018-11-01,Physical Therapist,0,Healthcare & Nursing Jobs,0,0,0,0,0,0,0,0,0,0,1,0,0,0,0,0,0,0,0,0,0,0,0,0,0,0,0,0
90,County of Ventura,2018-11-01,Registered Dietitian I/II,0,Healthcare & Nursing Jobs,0,0,0,0,0,0,0,0,0,0,1,0,0,0,0,0,0,0,0,0,0,0,0,0,0,0,0,0
91,Patagonia Inc.,2018-11-01,"Environmental Programs Officer (Land, Water & Biodiversity Focus)",0,Healthcare & Nursing Jobs,0,0,0,0,0,0,0,0,0,0,1,0,0,0,0,0,0,0,0,0,0,0,0,0,0,0,0,0
92,Community Memorial Health System,2018-11-01,Sterile Processing Tech - On-Call,0,Unknown,0,0,0,0,0,0,0,0,0,0,0,0,0,0,0,0,0,0,0,0,0,0,0,0,0,0,0,1
93,C.R. England,2018-11-01,No Experience - We Train New Truck Drivers,0,Unknown,0,0,0,0,0,0,0,0,0,0,0,0,0,0,0,0,0,0,0,0,0,0,0,0,0,0,0,1
94,CyberCoders,2018-11-01,Technical Support Engineer,0,Unknown,0,0,0,0,0,0,0,0,0,0,0,0,0,0,0,0,0,0,0,0,0,0,0,0,0,0,0,1
95,CyberCoders,2018-11-01,Marketing Director,0,Unknown,0,0,0,0,0,0,0,0,0,0,0,0,0,0,0,0,0,0,0,0,0,0,0,0,0,0,0,1
96,Hubbell Inc.,2018-11-01,"Territory Sales Manager (C&I) - Ventura,CA",0,Sales Jobs,0,0,0,0,0,0,0,0,0,0,0,0,0,0,0,0,0,0,0,0,0,1,0,0,0,0,0,0
97,ServiceMaster,2018-11-01,Mgr Branch Sales,0,Sales Jobs,0,0,0,0,0,0,0,0,0,0,0,0,0,0,0,0,0,0,0,0,0,1,0,0,0,0,0,0
98,L Brands,2018-11-01,Sales & Support Generalist-Pacific View Ventura,0,Unknown,0,0,0,0,0,0,0,0,0,0,0,0,0,0,0,0,0,0,0,0,0,0,0,0,0,0,0,1
99,Sierra Bancorp,2018-11-01,Senior Credit Analyst,0,Accounting & Finance Jobs,1,0,0,0,0,0,0,0,0,0,0,0,0,0,0,0,0,0,0,0,0,0,0,0,0,0,0,0
100,"Rabobank, N.A.",2018-11-01,Ag Relationship Manager,0,Accounting & Finance Jobs,1,0,0,0,0,0,0,0,0,0,0,0,0,0,0,0,0,0,0,0,0,0,0,0,0,0,0,0
101,Granite Construction Inc,2018-11-01,Project Manager / Estimator,0,Accounting & Finance Jobs,1,0,0,0,0,0,0,0,0,0,0,0,0,0,0,0,0,0,0,0,0,0,0,0,0,0,0,0
102,Patagonia Inc.,2018-11-01,Financial Systems Analyst,0,Accounting & Finance Jobs,1,0,0,0,0,0,0,0,0,0,0,0,0,0,0,0,0,0,0,0,0,0,0,0,0,0,0,0
103,Marcus and Millichap,2018-11-01,Junior Commercial Loan Originator - Ventura,0,Unknown,0,0,0,0,0,0,0,0,0,0,0,0,0,0,0,0,0,0,0,0,0,0,0,0,0,0,0,1
104,"Union Bank, N.A.",2018-11-01,"Mortgage Consultant V, Assistant Vice President - Ventura",0,Accounting & Finance Jobs,1,0,0,0,0,0,0,0,0,0,0,0,0,0,0,0,0,0,0,0,0,0,0,0,0,0,0,0
105,Marcus and Millichap,2018-11-01,Commercial Real Estate Investment Sales Agent - Ventura,0,Accounting & Finance Jobs,1,0,0,0,0,0,0,0,0,0,0,0,0,0,0,0,0,0,0,0,0,0,0,0,0,0,0,0
106,Community Memorial Health System,2018-11-01,Clinical Nurse Educator,0,Unknown,0,0,0,0,0,0,0,0,0,0,0,0,0,0,0,0,0,0,0,0,0,0,0,0,0,0,0,1
107,Patagonia Inc.,2018-11-01,"Sr. Software Developer, Salesforce CC",0,IT Jobs,0,0,0,0,0,0,0,0,0,0,0,0,1,0,0,0,0,0,0,0,0,0,0,0,0,0,0,0
108,Community Memorial Health System,2018-11-01,Sr. Security Analyst,0,IT Jobs,0,0,0,0,0,0,0,0,0,0,0,0,1,0,0,0,0,0,0,0,0,0,0,0,0,0,0,0
109,Patagonia Inc.,2018-11-01,Global Marketing Manager- Sportswear,0,"PR, Advertising & Marketing Jobs",0,0,0,0,0,0,0,0,0,0,0,0,0,0,0,0,0,0,1,0,0,0,0,0,0,0,0,0
110,Universal Services of America,2018-11-01,Allied Universal - Account Manager,0,"PR, Advertising & Marketing Jobs",0,0,0,0,0,0,0,0,0,0,0,0,0,0,0,0,0,0,1,0,0,0,0,0,0,0,0,0
111,Patagonia Inc.,2018-11-01,"Product Developer, Fly-Fishing/Workwear",0,"PR, Advertising & Marketing Jobs",0,0,0,0,0,0,0,0,0,0,0,0,0,0,0,0,0,0,1,0,0,0,0,0,0,0,0,0
112,Northrop Grumman,2018-11-01,Software Engineer 2/3,0,IT Jobs,0,0,0,0,0,0,0,0,0,0,0,0,1,0,0,0,0,0,0,0,0,0,0,0,0,0,0,0
113,Patagonia Inc.,2018-11-01,Global Marketing Manager- Workwear,0,"PR, Advertising & Marketing Jobs",0,0,0,0,0,0,0,0,0,0,0,0,0,0,0,0,0,0,1,0,0,0,0,0,0,0,0,0
114,Keurig Dr Pepper,2018-11-01,Sales Relief Account Manager,0,"PR, Advertising & Marketing Jobs",0,0,0,0,0,0,0,0,0,0,0,0,0,0,0,0,0,0,1,0,0,0,0,0,0,0,0,0
115,Luxottica Group,2018-11-01,"Optometrist- Ventura, CA- LensCrafters",0,Unknown,0,0,0,0,0,0,0,0,0,0,0,0,0,0,0,0,0,0,0,0,0,0,0,0,0,0,0,1
116,VIPKid,2018-11-01,Online ESL Tutor for Children,0,Teaching Jobs,0,0,0,0,0,0,0,0,0,0,0,0,0,0,0,0,0,0,0,0,0,0,0,0,1,0,0,0
117,CompHealth,2018-11-01,Physician: Adult Psychiatrist Opportunity in California | JOB-2389019,0,Unknown,0,0,0,0,0,0,0,0,0,0,0,0,0,0,0,0,0,0,0,0,0,0,0,0,0,0,0,1
118,County of Ventura,2018-11-01,Senior Registered Nurse - Float Pool,0,Healthcare & Nursing Jobs,0,0,0,0,0,0,0,0,0,0,1,0,0,0,0,0,0,0,0,0,0,0,0,0,0,0,0,0
119,Ferguson,2018-11-01,Counter Supervisor,0,Sales Jobs,0,0,0,0,0,0,0,0,0,0,0,0,0,0,0,0,0,0,0,0,0,1,0,0,0,0,0,0
120,"ENGINEERING SERVICES NETWORK, Inc.",2018-11-01,Technical Writer (QuickSilver),0,"PR, Advertising & Marketing Jobs",0,0,0,0,0,0,0,0,0,0,0,0,0,0,0,0,0,0,1,0,0,0,0,0,0,0,0,0
121,Soliant Health,2018-11-01,"School Psychologist Job- Ventura, CA",0,Unknown,0,0,0,0,0,0,0,0,0,0,0,0,0,0,0,0,0,0,0,0,0,0,0,0,0,0,0,1
122,SchoolPsychJobs.com,2018-11-01,"School Psychologist Job- Ventura, CA",0,Unknown,0,0,0,0,0,0,0,0,0,0,0,0,0,0,0,0,0,0,0,0,0,0,0,0,0,0,0,1
123,The Stepping Stones Group,2018-11-01,Speech-Language Pathologist,0,Teaching Jobs,0,0,0,0,0,0,0,0,0,0,0,0,0,0,0,0,0,0,0,0,0,0,0,0,1,0,0,0
124,"J. C. Penney Company, Inc.",2018-11-01,Human Resource Supervisor - Pacific View Mall,0,HR & Recruitment Jobs,0,0,0,0,0,0,0,0,0,1,0,0,0,0,0,0,0,0,0,0,0,0,0,0,0,0,0,0
125,Jacobs,2018-11-01,Federal Program Manager,0,Engineering Jobs,0,0,0,0,0,0,0,0,1,0,0,0,0,0,0,0,0,0,0,0,0,0,0,0,0,0,0,0
126,County of Ventura,2018-11-01,Director - Resource Management Agency,0,Accounting & Finance Jobs,1,0,0,0,0,0,0,0,0,0,0,0,0,0,0,0,0,0,0,0,0,0,0,0,0,0,0,0
127,Allied Universal Security,2018-11-01,"Security Officer - Healthcare, Part Time (COV)",0,Unknown,0,0,0,0,0,0,0,0,0,0,0,0,0,0,0,0,0,0,0,0,0,0,0,0,0,0,0,1
128,Community Memorial Health System,2018-11-01,Nurse Tech Same Day Surgery,0,Unknown,0,0,0,0,0,0,0,0,0,0,0,0,0,0,0,0,0,0,0,0,0,0,0,0,0,0,0,1
129,Ensign Therapy,2018-11-01,Physical Therapist,0,Healthcare & Nursing Jobs,0,0,0,0,0,0,0,0,0,0,1,0,0,0,0,0,0,0,0,0,0,0,0,0,0,0,0,0
130,Ensign Therapy,2018-11-01,Physical Therapy Assistant - $2.5K Sign On Bonus,0,Healthcare & Nursing Jobs,0,0,0,0,0,0,0,0,0,0,1,0,0,0,0,0,0,0,0,0,0,0,0,0,0,0,0,0
131,Ensign Therapy,2018-11-01,Speech Therapist,0,Healthcare & Nursing Jobs,0,0,0,0,0,0,0,0,0,0,1,0,0,0,0,0,0,0,0,0,0,0,0,0,0,0,0,0
132,"Rabobank, N.A.",2018-11-01,Mortgage Loan Officer,0,Accounting & Finance Jobs,1,0,0,0,0,0,0,0,0,0,0,0,0,0,0,0,0,0,0,0,0,0,0,0,0,0,0,0
133,Universal Services of America,2018-11-01,"Security Officer - Healthcare, Full Time (COV)",0,Unknown,0,0,0,0,0,0,0,0,0,0,0,0,0,0,0,0,0,0,0,0,0,0,0,0,0,0,0,1
134,The Hertz Corporation,2018-11-01,Car Sales Representative,0,Sales Jobs,0,0,0,0,0,0,0,0,0,0,0,0,0,0,0,0,0,0,0,0,0,1,0,0,0,0,0,0
135,Airswift,2018-11-01,Drilling / Drillsite Manager III Offshore,0,"Energy, Oil & Gas Jobs",0,0,0,0,0,0,0,1,0,0,0,0,0,0,0,0,0,0,0,0,0,0,0,0,0,0,0,0
136,Sephora,2018-11-01,"Co-Manager, Client Experience & Services",0,Unknown,0,0,0,0,0,0,0,0,0,0,0,0,0,0,0,0,0,0,0,0,0,0,0,0,0,0,0,1
137,The Trade Desk,2018-11-01,Director of People Operations Business Partners,0,Unknown,0,0,0,0,0,0,0,0,0,0,0,0,0,0,0,0,0,0,0,0,0,0,0,0,0,0,0,1
138,The Trade Desk,2018-11-01,Talent Acquisition Operations Senior Manager / Director,0,Unknown,0,0,0,0,0,0,0,0,0,0,0,0,0,0,0,0,0,0,0,0,0,0,0,0,0,0,0,1
139,LaowaiCareer,2018-11-01,Work From Home Teaching English Onlin,0,Teaching Jobs,0,0,0,0,0,0,0,0,0,0,0,0,0,0,0,0,0,0,0,0,0,0,0,0,1,0,0,0
140,Community Memorial Health System,2018-11-01,Oncology Nurse Tech - On-Call (Nights),0,Unknown,0,0,0,0,0,0,0,0,0,0,0,0,0,0,0,0,0,0,0,0,0,0,0,0,0,0,0,1
141,Vipkid,2018-11-01,Part Time - Online English Teacher,0,Teaching Jobs,0,0,0,0,0,0,0,0,0,0,0,0,0,0,0,0,0,0,0,0,0,0,0,0,1,0,0,0
142,The Hertz Corporation,2018-11-01,Branch Manager Trainee - Ventura,0,Accounting & Finance Jobs,1,0,0,0,0,0,0,0,0,0,0,0,0,0,0,0,0,0,0,0,0,0,0,0,0,0,0,0
143,Sierra Bancorp,2018-11-01,Financial Services Representative - Ventura,0,Accounting & Finance Jobs,1,0,0,0,0,0,0,0,0,0,0,0,0,0,0,0,0,0,0,0,0,0,0,0,0,0,0,0
144,CBC Federal Credit Union,2018-11-01,Account Service Representative I,0,Accounting & Finance Jobs,1,0,0,0,0,0,0,0,0,0,0,0,0,0,0,0,0,0,0,0,0,0,0,0,0,0,0,0
145,Vipkid,2018-11-01,[Remote] Part-time Online Teacher,0,Teaching Jobs,0,0,0,0,0,0,0,0,0,0,0,0,0,0,0,0,0,0,0,0,0,0,0,0,1,0,0,0
146,VIPKid,2018-11-01,Online English Instructor - Remote,0,Teaching Jobs,0,0,0,0,0,0,0,0,0,0,0,0,0,0,0,0,0,0,0,0,0,0,0,0,1,0,0,0
147,WUHAO HONG KONG LIMITED,2018-11-01,Part-time online ESL teaching,0,Teaching Jobs,0,0,0,0,0,0,0,0,0,0,0,0,0,0,0,0,0,0,0,0,0,0,0,0,1,0,0,0
148,Community Memorial Health System,2018-11-01,Clinical Laboratory Scientist - (1) Regular Part-Time & (1) Full-Time Nights,0,Healthcare & Nursing Jobs,0,0,0,0,0,0,0,0,0,0,1,0,0,0,0,0,0,0,0,0,0,0,0,0,0,0,0,0
149,Soliant Health,2018-11-01,Speech-Language Pathologist Assistant,0,Unknown,0,0,0,0,0,0,0,0,0,0,0,0,0,0,0,0,0,0,0,0,0,0,0,0,0,0,0,1
150,Soliant Health,2018-11-01,School based OT (FTE),0,Unknown,0,0,0,0,0,0,0,0,0,0,0,0,0,0,0,0,0,0,0,0,0,0,0,0,0,0,0,1
151,Government Jobs,2018-12-01,Director - Resource Management Agency,0,Unknown,0,0,0,0,0,0,0,0,0,0,0,0,0,0,0,0,0,0,0,0,0,0,0,0,0,0,0,1
152,Konica Minolta,2018-12-01,Service Technician,0,Unknown,0,0,0,0,0,0,0,0,0,0,0,0,0,0,0,0,0,0,0,0,0,0,0,0,0,0,0,1
153,Care.com,2018-12-01,Cat Care,0,Social work Jobs,0,0,0,0,0,0,0,0,0,0,0,0,0,0,0,0,0,0,0,0,0,0,0,1,0,0,0,0
154,"Metagenics, Inc.",2018-12-01,"Strategic Account Manager, Medical Sales (Los Angeles/Ventura County)",0,Healthcare & Nursing Jobs,0,0,0,0,0,0,0,0,0,0,1,0,0,0,0,0,0,0,0,0,0,0,0,0,0,0,0,0
155,"Jobelephant.com, Inc.",2018-12-01,President - Ventura College,0,Teaching Jobs,0,0,0,0,0,0,0,0,0,0,0,0,0,0,0,0,0,0,0,0,0,0,0,0,1,0,0,0
156,AT&T,2018-12-01,IT Service Delivery Rep Mid (Government) Ventura/Mugu,0,Unknown,0,0,0,0,0,0,0,0,0,0,0,0,0,0,0,0,0,0,0,0,0,0,0,0,0,0,0,1
157,AT&T,2018-12-01,IT Service Delivery Rep Mid (Government) Port Hueneme,0,Unknown,0,0,0,0,0,0,0,0,0,0,0,0,0,0,0,0,0,0,0,0,0,0,0,0,0,0,0,1
158,Patagonia Inc.,2018-12-01,Video Editor (Contract role),0,"PR, Advertising & Marketing Jobs",0,0,0,0,0,0,0,0,0,0,0,0,0,0,0,0,0,0,1,0,0,0,0,0,0,0,0,0
159,Soliant Health,2018-12-01,"Speech Language Pathologist - Ventura, CA",0,Unknown,0,0,0,0,0,0,0,0,0,0,0,0,0,0,0,0,0,0,0,0,0,0,0,0,0,0,0,1
160,Mondelez International,2018-12-01,"Part Time Nabisco Merchandiser - Ventura, CA",0,Retail Jobs,0,0,0,0,0,0,0,0,0,0,0,0,0,0,0,0,0,0,0,0,1,0,0,0,0,0,0,0
161,VIPKid,2018-12-01,Online ESL Instructor - Remote,0,Teaching Jobs,0,0,0,0,0,0,0,0,0,0,0,0,0,0,0,0,0,0,0,0,0,0,0,0,1,0,0,0
162,National Response Corporation,2018-12-01,CDL Driver,0,Unknown,0,0,0,0,0,0,0,0,0,0,0,0,0,0,0,0,0,0,0,0,0,0,0,0,0,0,0,1
163,ProCare Therapy,2018-12-01,LVN LPN Job,0,Unknown,0,0,0,0,0,0,0,0,0,0,0,0,0,0,0,0,0,0,0,0,0,0,0,0,0,0,0,1
164,ProCare Therapy,2018-12-01,LVN Job- Part Time School Nurse,0,Unknown,0,0,0,0,0,0,0,0,0,0,0,0,0,0,0,0,0,0,0,0,0,0,0,0,0,0,0,1
165,Government Jobs,2018-12-01,President,0,Unknown,0,0,0,0,0,0,0,0,0,0,0,0,0,0,0,0,0,0,0,0,0,0,0,0,0,0,0,1
166,Bimbo Bakeries USA,2018-12-01,Route Sales Professional,0,Unknown,0,0,0,0,0,0,0,0,0,0,0,0,0,0,0,0,0,0,0,0,0,0,0,0,0,0,0,1
167,Lockheed Martin,2018-12-01,Info Assurance Engineer Staff,0,IT Jobs,0,0,0,0,0,0,0,0,0,0,0,0,1,0,0,0,0,0,0,0,0,0,0,0,0,0,0,0
168,HD Supply,2018-12-01,CDL Driver,0,Unknown,0,0,0,0,0,0,0,0,0,0,0,0,0,0,0,0,0,0,0,0,0,0,0,0,0,0,0,1
169,Torrid,2018-12-01,Sales Associate,0,Sales Jobs,0,0,0,0,0,0,0,0,0,0,0,0,0,0,0,0,0,0,0,0,0,1,0,0,0,0,0,0
170,Andeavor,2018-12-01,Retail recruiter Southern California-Santa Barbara/Ventura,0,HR & Recruitment Jobs,0,0,0,0,0,0,0,0,0,1,0,0,0,0,0,0,0,0,0,0,0,0,0,0,0,0,0,0
171,ProCare Therapy,2018-12-01,School LPN/LVN Part Time Job,0,Unknown,0,0,0,0,0,0,0,0,0,0,0,0,0,0,0,0,0,0,0,0,0,0,0,0,0,0,0,1
172,Universal Services of America,2018-12-01,Hospital Security Officer - Part Time Night Shift,0,Other/General Jobs,0,0,0,0,0,0,0,0,0,0,0,0,0,0,0,0,0,1,0,0,0,0,0,0,0,0,0,0
173,Universal Services of America,2018-12-01,Hospital Security Officer - Full Time Evening Shift,0,Other/General Jobs,0,0,0,0,0,0,0,0,0,0,0,0,0,0,0,0,0,1,0,0,0,0,0,0,0,0,0,0
174,Universal Services of America,2018-12-01,Hospital Security Officer - Part Time Evening Shift,0,Other/General Jobs,0,0,0,0,0,0,0,0,0,0,0,0,0,0,0,0,0,1,0,0,0,0,0,0,0,0,0,0
175,Universal Services of America,2018-12-01,Hospital Security Officer - Full Time Night Shift,0,Other/General Jobs,0,0,0,0,0,0,0,0,0,0,0,0,0,0,0,0,0,1,0,0,0,0,0,0,0,0,0,0
176,Universal Services of America,2018-12-01,Hospital Security Officer - Full Time Day Shift,0,Other/General Jobs,0,0,0,0,0,0,0,0,0,0,0,0,0,0,0,0,0,1,0,0,0,0,0,0,0,0,0,0
177,Universal Services of America,2018-12-01,Hospital Security Officer - Part Time Day Shift,0,Other/General Jobs,0,0,0,0,0,0,0,0,0,0,0,0,0,0,0,0,0,1,0,0,0,0,0,0,0,0,0,0
178,PetSitter,2018-12-01,"Pet Sitting Wanted - You Are Purrrrrfect, Seeking Pet Sitter",0,Domestic help & Cleaning Jobs,0,0,0,0,0,0,1,0,0,0,0,0,0,0,0,0,0,0,0,0,0,0,0,0,0,0,0,0
179,Patagonia Inc.,2018-12-01,Cash Application Specialist,0,Accounting & Finance Jobs,1,0,0,0,0,0,0,0,0,0,0,0,0,0,0,0,0,0,0,0,0,0,0,0,0,0,0,0
180,Transn IOL Technology Co..Ltd,2018-12-01,Comics Translation: Chinese-Spanish,0,Other/General Jobs,0,0,0,0,0,0,0,0,0,0,0,0,0,0,0,0,0,1,0,0,0,0,0,0,0,0,0,0
181,Community Memorial Health System,2018-12-01,Clinical Manager Same Day Surgery,0,Healthcare & Nursing Jobs,0,0,0,0,0,0,0,0,0,0,1,0,0,0,0,0,0,0,0,0,0,0,0,0,0,0,0,0
182,Ventura County Community College District,2018-12-01,Nursing Instructor,0,Healthcare & Nursing Jobs,0,0,0,0,0,0,0,0,0,0,1,0,0,0,0,0,0,0,0,0,0,0,0,0,0,0,0,0
183,Gannett Co. Inc.,2018-12-01,Advertising Planning Manager,0,"PR, Advertising & Marketing Jobs",0,0,0,0,0,0,0,0,0,0,0,0,0,0,0,0,0,0,1,0,0,0,0,0,0,0,0,0
184,myMDCareers,2018-12-01,"Permanent Urgent Care Physician in Ventura, California",0,Healthcare & Nursing Jobs,0,0,0,0,0,0,0,0,0,0,1,0,0,0,0,0,0,0,0,0,0,0,0,0,0,0,0,0
185,"California Physician Opportunities, Inc",2018-12-01,"Permanent Family Practice-OB Physician in Ventura, California",0,Healthcare & Nursing Jobs,0,0,0,0,0,0,0,0,0,0,1,0,0,0,0,0,0,0,0,0,0,0,0,0,0,0,0,0
186,CompHealth,2018-12-01,"Permanent Psychiatry Physician in Ventura, California",0,Healthcare & Nursing Jobs,0,0,0,0,0,0,0,0,0,0,1,0,0,0,0,0,0,0,0,0,0,0,0,0,0,0,0,0
189,Target,2018-12-01,Executive Team Leader (Assistant Manager) (CA) - Ventura County,0,Customer Services Jobs,0,0,0,0,0,1,0,0,0,0,0,0,0,0,0,0,0,0,0,0,0,0,0,0,0,0,0,0
190,Guest Supply,2018-12-01,Territory Sales Manager – Santa Barbara/Ventura/Woodland Hills,0,Sales Jobs,0,0,0,0,0,0,0,0,0,0,0,0,0,0,0,0,0,0,0,0,0,1,0,0,0,0,0,0
191,Target,2018-12-01,Stores Executive Intern (CA) - Ventura County,0,"PR, Advertising & Marketing Jobs",0,0,0,0,0,0,0,0,0,0,0,0,0,0,0,0,0,0,1,0,0,0,0,0,0,0,0,0
192,Community Memorial Health System,2018-12-01,Registered Nurse - Pre-Op/PACU,0,Unknown,0,0,0,0,0,0,0,0,0,0,0,0,0,0,0,0,0,0,0,0,0,0,0,0,0,0,0,1
193,Ensign Group,2018-12-01,Certified Nursing Assistant - CNA - Victoria Care Center,0,Healthcare & Nursing Jobs,0,0,0,0,0,0,0,0,0,0,1,0,0,0,0,0,0,0,0,0,0,0,0,0,0,0,0,0
194,Hubbell,2018-12-01,Territory Sales Manager (C&I),0,Unknown,0,0,0,0,0,0,0,0,0,0,0,0,0,0,0,0,0,0,0,0,0,0,0,0,0,0,0,1
195,Sysco Guest Supply,2018-12-01,Territory Sales Manager Santa Barbara/Ventura/Woodland Hills,0,Hospitality & Catering Jobs,0,0,0,0,0,0,0,0,0,0,0,1,0,0,0,0,0,0,0,0,0,0,0,0,0,0,0,0
196,VIPKid,2018-12-01,Online English Teacher for Children,0,Teaching Jobs,0,0,0,0,0,0,0,0,0,0,0,0,0,0,0,0,0,0,0,0,0,0,0,0,1,0,0,0
197,RGIS,2018-12-01,Part Time Retail Inventory Associate - Dist,0,Unknown,0,0,0,0,0,0,0,0,0,0,0,0,0,0,0,0,0,0,0,0,0,0,0,0,0,0,0,1
198,Northrop Grumman,2018-12-01,Software Engineer 2/3,0,IT Jobs,0,0,0,0,0,0,0,0,0,0,0,0,1,0,0,0,0,0,0,0,0,0,0,0,0,0,0,0
199,Xilinx,2018-12-01,Technical Sales Engineer,0,IT Jobs,0,0,0,0,0,0,0,0,0,0,0,0,1,0,0,0,0,0,0,0,0,0,0,0,0,0,0,0
200,Appreciation Financial,2018-12-01,Retirement & Insurance Sales Representative,0,Sales Jobs,0,0,0,0,0,0,0,0,0,0,0,0,0,0,0,0,0,0,0,0,0,1,0,0,0,0,0,0
201,Community Memorial Health System,2018-12-01,RCP III - NICU Regular Part-Time,0,Unknown,0,0,0,0,0,0,0,0,0,0,0,0,0,0,0,0,0,0,0,0,0,0,0,0,0,0,0,1
202,Herc Rentals Inc.,2018-12-01,"Territory Sales Representative- Ventura, CA",0,Sales Jobs,0,0,0,0,0,0,0,0,0,0,0,0,0,0,0,0,0,0,0,0,0,1,0,0,0,0,0,0
203,Northrop Grumman,2018-12-01,Senior Principal Designer Drafter,0,Unknown,0,0,0,0,0,0,0,0,0,0,0,0,0,0,0,0,0,0,0,0,0,0,0,0,0,0,0,1
204,Valu Group Enterprises Inc,2018-12-01,Journeyman Electrician/Forman,0,Trade & Construction Jobs,0,0,0,0,0,0,0,0,0,0,0,0,0,0,0,0,0,0,0,0,0,0,0,0,0,1,0,0
205,Munwal LLC Property,2018-12-01,Handyman Maintenance,0,Maintenance Jobs,0,0,0,0,0,0,0,0,0,0,0,0,0,0,0,1,0,0,0,0,0,0,0,0,0,0,0,0
206,ACOOV INCORPORATED,2018-12-01,Veterinary Hospital Manager,0,Healthcare & Nursing Jobs,0,0,0,0,0,0,0,0,0,0,1,0,0,0,0,0,0,0,0,0,0,0,0,0,0,0,0,0
207,Paradise Plumbing and Rooter Inc,2018-12-01,Service and Repair Plumber,0,Trade & Construction Jobs,0,0,0,0,0,0,0,0,0,0,0,0,0,0,0,0,0,0,0,0,0,0,0,0,0,1,0,0
208,Andrews International an Allied Universal Company,2018-12-01,Graveyard Unarmed Security Officer,0,Other/General Jobs,0,0,0,0,0,0,0,0,0,0,0,0,0,0,0,0,0,1,0,0,0,0,0,0,0,0,0,0
209,"Ventura Dental Services, LLC",2018-12-01,General Dentist,0,Healthcare & Nursing Jobs,0,0,0,0,0,0,0,0,0,0,1,0,0,0,0,0,0,0,0,0,0,0,0,0,0,0,0,0
210,Express Employment Professionals,2018-12-01,"Construction workers needed for (Roofing, Tile Setting, Drywall, etc.)",0,Trade & Construction Jobs,0,0,0,0,0,0,0,0,0,0,0,0,0,0,0,0,0,0,0,0,0,0,0,0,0,1,0,0
211,ProCare Therapy,2018-12-01,School SLPA Job,0,Unknown,0,0,0,0,0,0,0,0,0,0,0,0,0,0,0,0,0,0,0,0,0,0,0,0,0,0,0,1
212,Advantage Physical Therapy,2018-12-01,Physical Therapy Aide,0,Healthcare & Nursing Jobs,0,0,0,0,0,0,0,0,0,0,1,0,0,0,0,0,0,0,0,0,0,0,0,0,0,0,0,0
213,Hawthorn Senior Living,2018-12-01,Charge Nurse - LVN,0,Healthcare & Nursing Jobs,0,0,0,0,0,0,0,0,0,0,1,0,0,0,0,0,0,0,0,0,0,0,0,0,0,0,0,0
214,"Superior Court of California, County of Ventura",2018-12-01,Judicial Assistant I/II,0,Legal Jobs,0,0,0,0,0,0,0,0,0,0,0,0,0,1,0,0,0,0,0,0,0,0,0,0,0,0,0,0
215,"City of Ventura, CA",2018-12-01,Police Officer Trainee,0,Other/General Jobs,0,0,0,0,0,0,0,0,0,0,0,0,0,0,0,0,0,1,0,0,0,0,0,0,0,0,0,0
216,Bill Hahn's Automotive,2018-12-01,Mechanic,0,Engineering Jobs,0,0,0,0,0,0,0,0,1,0,0,0,0,0,0,0,0,0,0,0,0,0,0,0,0,0,0,0
217,Express Employment Professionals,2018-12-01,Employment Specialist,0,HR & Recruitment Jobs,0,0,0,0,0,0,0,0,0,1,0,0,0,0,0,0,0,0,0,0,0,0,0,0,0,0,0,0
218,Ensign Group,2018-12-01,Licensed Vocational Nurse - LVN - Victoria Care Center,0,Unknown,0,0,0,0,0,0,0,0,0,0,0,0,0,0,0,0,0,0,0,0,0,0,0,0,0,0,0,1
219,The Turner Agency,2018-12-01,Business Opportunity/ Outside Sales Insurance Financial Services,0,Other/General Jobs,0,0,0,0,0,0,0,0,0,0,0,0,0,0,0,0,0,1,0,0,0,0,0,0,0,0,0,0
220,K B Catering Services LLC,2018-12-01,Kitchen Manager,0,Hospitality & Catering Jobs,0,0,0,0,0,0,0,0,0,0,0,1,0,0,0,0,0,0,0,0,0,0,0,0,0,0,0,0
221,CyberCoders,2018-12-01,Civil Engineer,0,Unknown,0,0,0,0,0,0,0,0,0,0,0,0,0,0,0,0,0,0,0,0,0,0,0,0,0,0,0,1
222,Victoria's Secret,2018-12-01,Brand Operations Supervisor-Pacific View Ventura,0,Sales Jobs,0,0,0,0,0,0,0,0,0,0,0,0,0,0,0,0,0,0,0,0,0,1,0,0,0,0,0,0
223,PacWest Bancorp,2018-12-01,"VP / SVP, Relationship Manager",0,Unknown,0,0,0,0,0,0,0,0,0,0,0,0,0,0,0,0,0,0,0,0,0,0,0,0,0,0,0,1
224,MissionCare,2018-12-01,Caregiver/Home Care Aide/PCA/CNA,0,Healthcare & Nursing Jobs,0,0,0,0,0,0,0,0,0,0,1,0,0,0,0,0,0,0,0,0,0,0,0,0,0,0,0,0
225,Assisted Home Health & Hospice,2018-12-01,Caregiver/CNA/CHHA,0,Healthcare & Nursing Jobs,0,0,0,0,0,0,0,0,0,0,1,0,0,0,0,0,0,0,0,0,0,0,0,0,0,0,0,0
226,Assisted Home Health & Hospice,2018-12-01,Full Time Benefitted Hospice HHA,0,Healthcare & Nursing Jobs,0,0,0,0,0,0,0,0,0,0,1,0,0,0,0,0,0,0,0,0,0,0,0,0,0,0,0,0
227,myCNAjobs,2018-12-01,Luxury Assisted Living Jobs - Resident Caregivers & CNAs,0,Healthcare & Nursing Jobs,0,0,0,0,0,0,0,0,0,0,1,0,0,0,0,0,0,0,0,0,0,0,0,0,0,0,0,0
228,Assisted Home Health & Hospice,2018-12-01,Attention Home Health Aides and CNAs - Multiple Positions with Competitive Pay and Full Time Benefits,0,Healthcare & Nursing Jobs,0,0,0,0,0,0,0,0,0,0,1,0,0,0,0,0,0,0,0,0,0,0,0,0,0,0,0,0
230,UNIFY Financial Credit Union,2018-12-01,Personal Banker,0,Unknown,0,0,0,0,0,0,0,0,0,0,0,0,0,0,0,0,0,0,0,0,0,0,0,0,0,0,0,1
231,Ventura Grand Chateau,2018-12-01,Kitchen Cook,0,Hospitality & Catering Jobs,0,0,0,0,0,0,0,0,0,0,0,1,0,0,0,0,0,0,0,0,0,0,0,0,0,0,0,0
232,Soliant Health,2018-12-01,Speech Language Pathology Job in California,0,Unknown,0,0,0,0,0,0,0,0,0,0,0,0,0,0,0,0,0,0,0,0,0,0,0,0,0,0,0,1
233,Ensign Therapy,2018-12-01,Speech Therapist,0,Healthcare & Nursing Jobs,0,0,0,0,0,0,0,0,0,0,1,0,0,0,0,0,0,0,0,0,0,0,0,0,0,0,0,0
235,AdvantagePlusCaregivers,2018-12-01,Home Care Aide/Caregiver ( Free Training/Overtime/Bonuses ),0,Healthcare & Nursing Jobs,0,0,0,0,0,0,0,0,0,0,1,0,0,0,0,0,0,0,0,0,0,0,0,0,0,0,0,0
236,City of Ventura,2018-12-01,SENIOR ACCOUNTANT,0,Accounting & Finance Jobs,1,0,0,0,0,0,0,0,0,0,0,0,0,0,0,0,0,0,0,0,0,0,0,0,0,0,0,0
237,FeldCare Connects,2018-12-01,Ventura Home Health Occupational Therapist (OTR/L) Needed,0,Unknown,0,0,0,0,0,0,0,0,0,0,0,0,0,0,0,0,0,0,0,0,0,0,0,0,0,0,0,1
238,"Macy's, Inc.",2018-12-01,"Asset Protection / Loss Prevention Detective, Full Time: Pacific View Mall",0,Other/General Jobs,0,0,0,0,0,0,0,0,0,0,0,0,0,0,0,0,0,1,0,0,0,0,0,0,0,0,0,0
239,American Girl Cleaning LLC,2018-12-01,Cleaning Lady,0,Unknown,0,0,0,0,0,0,0,0,0,0,0,0,0,0,0,0,0,0,0,0,0,0,0,0,0,0,0,1
240,John M Frank Construction,2018-12-01,Plumber - Commercial - Service,0,Trade & Construction Jobs,0,0,0,0,0,0,0,0,0,0,0,0,0,0,0,0,0,0,0,0,0,0,0,0,0,1,0,0
241,JPMorgan Chase,2018-12-01,"Private Client Banker- Santa Barbara, Ventura and Surrounding Areas, CA (Series 6 and Life Preferred)",0,Unknown,0,0,0,0,0,0,0,0,0,0,0,0,0,0,0,0,0,0,0,0,0,0,0,0,0,0,0,1
242,Advantage Physical Therapy,2018-12-01,Physical Therapist,0,Healthcare & Nursing Jobs,0,0,0,0,0,0,0,0,0,0,1,0,0,0,0,0,0,0,0,0,0,0,0,0,0,0,0,0
243,New Level Resources,2018-12-01,Property Management Operations Assistant,0,Charity & Voluntary Jobs,0,0,1,0,0,0,0,0,0,0,0,0,0,0,0,0,0,0,0,0,0,0,0,0,0,0,0,0
244,Community Memorial Health System,2018-12-01,Clinical Nurse Manager (Pre-op/PACU),0,Healthcare & Nursing Jobs,0,0,0,0,0,0,0,0,0,0,1,0,0,0,0,0,0,0,0,0,0,0,0,0,0,0,0,0
245,Crown Equipment Corporation,2018-12-01,Cust Service Sales Rep Branch,0,Sales Jobs,0,0,0,0,0,0,0,0,0,0,0,0,0,0,0,0,0,0,0,0,0,1,0,0,0,0,0,0
246,Bevyhouse LLC,2018-12-01,Architectural Designer,0,Unknown,0,0,0,0,0,0,0,0,0,0,0,0,0,0,0,0,0,0,0,0,0,0,0,0,0,0,0,1
247,Soliant Health,2018-12-01,Full Time : Speech Language Pathologist Job,0,Unknown,0,0,0,0,0,0,0,0,0,0,0,0,0,0,0,0,0,0,0,0,0,0,0,0,0,0,0,1
248,Army National Guard,2018-12-01,13B Cannon Crewmember - Weapons Systems Technician,0,Maintenance Jobs,0,0,0,0,0,0,0,0,0,0,0,0,0,0,0,1,0,0,0,0,0,0,0,0,0,0,0,0
249,青尚国际,2018-12-01,$15 - $25/hr on-line teacher,0,"PR, Advertising & Marketing Jobs",0,0,0,0,0,0,0,0,0,0,0,0,0,0,0,0,0,0,1,0,0,0,0,0,0,0,0,0
250,Smile Brands,2018-12-01,Oral Surgeon,0,Healthcare & Nursing Jobs,0,0,0,0,0,0,0,0,0,0,1,0,0,0,0,0,0,0,0,0,0,0,0,0,0,0,0,0
251,Staff Care,2018-12-01,"Locum Tenens Internal Medicine Physician in Ventura, California",0,Healthcare & Nursing Jobs,0,0,0,0,0,0,0,0,0,0,1,0,0,0,0,0,0,0,0,0,0,0,0,0,0,0,0,0
252,Crown Dodge Chrysler Jeep Ram,2018-12-01,Internet Sales Manager,0,Sales Jobs,0,0,0,0,0,0,0,0,0,0,0,0,0,0,0,0,0,0,0,0,0,1,0,0,0,0,0,0
253,Staples Construction Co. Inc.,2018-12-01,"Project Engineer, Construction",0,Trade & Construction Jobs,0,0,0,0,0,0,0,0,0,0,0,0,0,0,0,0,0,0,0,0,0,0,0,0,0,1,0,0
254,"BMI Mechanical, Inc.",2018-12-01,HVAC Technician - Commercial/Industrial,0,Trade & Construction Jobs,0,0,0,0,0,0,0,0,0,0,0,0,0,0,0,0,0,0,0,0,0,0,0,0,0,1,0,0
255,Octopus Restaurant,2018-12-01,General Manager - Sumo Sushi,0,Customer Services Jobs,0,0,0,0,0,1,0,0,0,0,0,0,0,0,0,0,0,0,0,0,0,0,0,0,0,0,0,0
256,"City of Ventura, CA",2018-12-01,Senior Accountant,0,Accounting & Finance Jobs,1,0,0,0,0,0,0,0,0,0,0,0,0,0,0,0,0,0,0,0,0,0,0,0,0,0,0,0
257,FilmTrack,2018-12-01,Pre Sales Solutions Engineer,0,IT Jobs,0,0,0,0,0,0,0,0,0,0,0,0,1,0,0,0,0,0,0,0,0,0,0,0,0,0,0,0
258,FilmTrack,2018-12-01,Business Analyst,0,IT Jobs,0,0,0,0,0,0,0,0,0,0,0,0,1,0,0,0,0,0,0,0,0,0,0,0,0,0,0,0
259,FilmTrack,2018-12-01,QA Engineer,0,IT Jobs,0,0,0,0,0,0,0,0,0,0,0,0,1,0,0,0,0,0,0,0,0,0,0,0,0,0,0,0
260,FilmTrack,2018-12-01,Applications Engineer,0,IT Jobs,0,0,0,0,0,0,0,0,0,0,0,0,1,0,0,0,0,0,0,0,0,0,0,0,0,0,0,0
261,Hertz Rent a Car,2018-12-01,Car Sales Representative,0,Unknown,0,0,0,0,0,0,0,0,0,0,0,0,0,0,0,0,0,0,0,0,0,0,0,0,0,0,0,1
262,US Department of the Navy,2018-12-01,CIVIL ENGINEER,0,Engineering Jobs,0,0,0,0,0,0,0,0,1,0,0,0,0,0,0,0,0,0,0,0,0,0,0,0,0,0,0,0
263,DaVita,2018-12-01,Clinical Coordinator ( RN Supervisor ),0,Healthcare & Nursing Jobs,0,0,0,0,0,0,0,0,0,0,1,0,0,0,0,0,0,0,0,0,0,0,0,0,0,0,0,0
264,"Smart Staffing Solutions, A Division of Temps Plus",2018-12-01,Licensed Real Estate Agent | New Home Sales | Ventura County,0,Property Jobs,0,0,0,0,0,0,0,0,0,0,0,0,0,0,0,0,0,0,0,1,0,0,0,0,0,0,0,0
265,"Advantage Sales and Marketing, LLC",2018-12-01,WP Segment Specialist Non Commercial,0,Unknown,0,0,0,0,0,0,0,0,0,0,0,0,0,0,0,0,0,0,0,0,0,0,0,0,0,0,0,1
266,Iprotech Inc,2018-12-01,Phone repair Technician,0,Unknown,0,0,0,0,0,0,0,0,0,0,0,0,0,0,0,0,0,0,0,0,0,0,0,0,0,0,0,1
267,Tarco Industries Inc,2018-12-01,Sales Representative,0,Sales Jobs,0,0,0,0,0,0,0,0,0,0,0,0,0,0,0,0,0,0,0,0,0,1,0,0,0,0,0,0
268,Gannett Co. Inc.,2018-12-01,Sales Executive,0,Sales Jobs,0,0,0,0,0,0,0,0,0,0,0,0,0,0,0,0,0,0,0,0,0,1,0,0,0,0,0,0
269,Ventura County Community College District,2018-12-01,Research Analyst,0,Scientific & QA Jobs,0,0,0,0,0,0,0,0,0,0,0,0,0,0,0,0,0,0,0,0,0,0,1,0,0,0,0,0
270,"Macy Homes, Inc",2018-12-01,Sales and Project Consultant 1,0,Sales Jobs,0,0,0,0,0,0,0,0,0,0,0,0,0,0,0,0,0,0,0,0,0,1,0,0,0,0,0,0
271,FTI Services,2018-12-01,Systems / Technical Support,0,IT Jobs,0,0,0,0,0,0,0,0,0,0,0,0,1,0,0,0,0,0,0,0,0,0,0,0,0,0,0,0
272,Verizon,2018-12-01,Retail Sales Representative,0,Retail Jobs,0,0,0,0,0,0,0,0,0,0,0,0,0,0,0,0,0,0,0,0,1,0,0,0,0,0,0,0
273,Pinnacle Rehab Staffing,2018-12-01,Physical Therapist,0,Healthcare & Nursing Jobs,0,0,0,0,0,0,0,0,0,0,1,0,0,0,0,0,0,0,0,0,0,0,0,0,0,0,0,0
274,"County of Ventura, CA",2018-12-01,PROGRAMMER I/II,0,Unknown,0,0,0,0,0,0,0,0,0,0,0,0,0,0,0,0,0,0,0,0,0,0,0,0,0,0,0,1
276,"Commander, Navy Installations",2018-12-01,Personal Financial Counselor,0,Accounting & Finance Jobs,1,0,0,0,0,0,0,0,0,0,0,0,0,0,0,0,0,0,0,0,0,0,0,0,0,0,0,0
277,AT&T,2018-12-01,Bilingual Spanish Retail Sales Consultant,0,Sales Jobs,0,0,0,0,0,0,0,0,0,0,0,0,0,0,0,0,0,0,0,0,0,1,0,0,0,0,0,0
278,MissionCare,2018-12-01,Hiring Full-Time Caregivers (PCA/HHA/CNA/Companions) – Flex Schedules,0,Healthcare & Nursing Jobs,0,0,0,0,0,0,0,0,0,0,1,0,0,0,0,0,0,0,0,0,0,0,0,0,0,0,0,0
279,Americare Hospice Inc,2018-12-01,Hospice Home Health Aide CHHA/CHA,0,Healthcare & Nursing Jobs,0,0,0,0,0,0,0,0,0,0,1,0,0,0,0,0,0,0,0,0,0,0,0,0,0,0,0,0
280,Care.com,2018-12-01,Nanny Needed For 1 Child In Ventura.,0,Social work Jobs,0,0,0,0,0,0,0,0,0,0,0,0,0,0,0,0,0,0,0,0,0,0,0,1,0,0,0,0
281,Hertz Rent a Car,2018-12-01,Branch Manager Trainee - Ventura,0,Retail Jobs,0,0,0,0,0,0,0,0,0,0,0,0,0,0,0,0,0,0,0,0,1,0,0,0,0,0,0,0
282,org prog,2018-12-01,Warehouse Asst,0,Logistics & Warehouse Jobs,0,0,0,0,0,0,0,0,0,0,0,0,0,0,1,0,0,0,0,0,0,0,0,0,0,0,0,0
283,Burlington Stores,2018-12-01,Seasonal Store Loss Prevention Specialist,0,Unknown,0,0,0,0,0,0,0,0,0,0,0,0,0,0,0,0,0,0,0,0,0,0,0,0,0,0,0,1
284,Vitalant,2018-12-01,Warehouse Asst,0,Logistics & Warehouse Jobs,0,0,0,0,0,0,0,0,0,0,0,0,0,0,1,0,0,0,0,0,0,0,0,0,0,0,0,0
285,California State Association of Counties,2018-12-01,Director – Resource Management Agency,0,Unknown,0,0,0,0,0,0,0,0,0,0,0,0,0,0,0,0,0,0,0,0,0,0,0,0,0,0,0,1
286,California State Association of Counties,2018-12-01,Director Airports,0,Unknown,0,0,0,0,0,0,0,0,0,0,0,0,0,0,0,0,0,0,0,0,0,0,0,0,0,0,0,1
287,Nations Info Corp,2018-12-01,Telephone Sales Representative (Outbound Call Center),0,Sales Jobs,0,0,0,0,0,0,0,0,0,0,0,0,0,0,0,0,0,0,0,0,0,1,0,0,0,0,0,0
288,Willis Corporation,2018-12-01,Warehouse,0,Unknown,0,0,0,0,0,0,0,0,0,0,0,0,0,0,0,0,0,0,0,0,0,0,0,0,0,0,0,1
289,S.W.A.T. Financial,2018-12-01,"Sales $10,000/mo  Manager / Trainer ",0,Sales Jobs,0,0,0,0,0,0,0,0,0,0,0,0,0,0,0,0,0,0,0,0,0,1,0,0,0,0,0,0
290,Blood Systems Incorporated,2018-12-01,Warehouse Asst,0,Logistics & Warehouse Jobs,0,0,0,0,0,0,0,0,0,0,0,0,0,0,1,0,0,0,0,0,0,0,0,0,0,0,0,0
291,Burlington Stores,2018-12-01,Seasonal Retail Sales Associate,0,Retail Jobs,0,0,0,0,0,0,0,0,0,0,0,0,0,0,0,0,0,0,0,0,1,0,0,0,0,0,0,0
292,HD Supply Support Services,2018-12-01,Stocker,0,Unknown,0,0,0,0,0,0,0,0,0,0,0,0,0,0,0,0,0,0,0,0,0,0,0,0,0,0,0,1
293,Burlington Stores,2018-12-01,Seasonal Cashier Associate,0,Retail Jobs,0,0,0,0,0,0,0,0,0,0,0,0,0,0,0,0,0,0,0,0,1,0,0,0,0,0,0,0
294,Medical Group Management,2018-12-01,Chief Financial Officer - Health Care Agency,0,Unknown,0,0,0,0,0,0,0,0,0,0,0,0,0,0,0,0,0,0,0,0,0,0,0,0,0,0,0,1
296,"Roadrunner Management Services, Inc.",2018-12-01,Transit Bus Driver / Operator,0,Logistics & Warehouse Jobs,0,0,0,0,0,0,0,0,0,0,0,0,0,0,1,0,0,0,0,0,0,0,0,0,0,0,0,0
297,PeopleReady,2018-12-01,Journeyman Electrician- Apprentice Electrician,0,Trade & Construction Jobs,0,0,0,0,0,0,0,0,0,0,0,0,0,0,0,0,0,0,0,0,0,0,0,0,0,1,0,0
298,PeopleReady,2018-12-01,Skilled Labor,0,Logistics & Warehouse Jobs,0,0,0,0,0,0,0,0,0,0,0,0,0,0,1,0,0,0,0,0,0,0,0,0,0,0,0,0
299,"Seed Beauty, parent company to Colourpop Cosmetics",2018-12-01,PACKAGE SOURCING MANAGER-COLOURPOP COSMETICS,0,Manufacturing Jobs,0,0,0,0,0,0,0,0,0,0,0,0,0,0,0,0,1,0,0,0,0,0,0,0,0,0,0,0
300,FTI Services,2018-12-01,Sales Representative,0,Sales Jobs,0,0,0,0,0,0,0,0,0,0,0,0,0,0,0,0,0,0,0,0,0,1,0,0,0,0,0,0
301,STAR of CA,2018-12-01,Behavioral Technician / ABA Therapist,0,Healthcare & Nursing Jobs,0,0,0,0,0,0,0,0,0,0,1,0,0,0,0,0,0,0,0,0,0,0,0,0,0,0,0,0
302,Care.com,2018-12-01,Nanny Needed For 1 Child In Ventura,0,Social work Jobs,0,0,0,0,0,0,0,0,0,0,0,0,0,0,0,0,0,0,0,0,0,0,0,1,0,0,0,0
305,OfficeTeam,2018-12-01,HR Assistant,0,Admin Jobs,0,1,0,0,0,0,0,0,0,0,0,0,0,0,0,0,0,0,0,0,0,0,0,0,0,0,0,0
306,OfficeTeam,2018-12-01,Front Desk Coordinator,0,Admin Jobs,0,1,0,0,0,0,0,0,0,0,0,0,0,0,0,0,0,0,0,0,0,0,0,0,0,0,0,0
307,OfficeTeam,2018-12-01,Administrative Assistant,0,Admin Jobs,0,1,0,0,0,0,0,0,0,0,0,0,0,0,0,0,0,0,0,0,0,0,0,0,0,0,0,0
308,Robert Half Finance & Accounting,2018-12-01,Tax Sr. - Public,0,Accounting & Finance Jobs,1,0,0,0,0,0,0,0,0,0,0,0,0,0,0,0,0,0,0,0,0,0,0,0,0,0,0,0
309,Robert Half Technology,2018-12-01,Business Analyst,0,IT Jobs,0,0,0,0,0,0,0,0,0,0,0,0,1,0,0,0,0,0,0,0,0,0,0,0,0,0,0,0
310,Staples Construction Co. Inc.,2018-12-01,"Project Manager, Construction",0,Trade & Construction Jobs,0,0,0,0,0,0,0,0,0,0,0,0,0,0,0,0,0,0,0,0,0,0,0,0,0,1,0,0
311,Staples Construction Co. Inc.,2018-12-01,"Project Coordinator, Construction",0,Trade & Construction Jobs,0,0,0,0,0,0,0,0,0,0,0,0,0,0,0,0,0,0,0,0,0,0,0,0,0,1,0,0
312,Mac Tools,2018-12-01,Automotive Distributor – Outside Sales Route – Home Every Night,0,Sales Jobs,0,0,0,0,0,0,0,0,0,0,0,0,0,0,0,0,0,0,0,0,0,1,0,0,0,0,0,0
313,Universal Services of America,2018-12-01,Security Officers - Ventura County,0,Unknown,0,0,0,0,0,0,0,0,0,0,0,0,0,0,0,0,0,0,0,0,0,0,0,0,0,0,0,1
314,Partners Personnel,2018-12-01,Welder Technician,0,IT Jobs,0,0,0,0,0,0,0,0,0,0,0,0,1,0,0,0,0,0,0,0,0,0,0,0,0,0,0,0
315,Inflatable Boat Specialists,2018-12-01,Web Marketing Assistant,0,Admin Jobs,0,1,0,0,0,0,0,0,0,0,0,0,0,0,0,0,0,0,0,0,0,0,0,0,0,0,0,0
316,MagnusonSupercharger,2018-12-01,Quality Control Level II / Supervisor,0,IT Jobs,0,0,0,0,0,0,0,0,0,0,0,0,1,0,0,0,0,0,0,0,0,0,0,0,0,0,0,0
317,Clear Construction,2018-12-01,Office Manager / Bookkeeper,0,Admin Jobs,0,1,0,0,0,0,0,0,0,0,0,0,0,0,0,0,0,0,0,0,0,0,0,0,0,0,0,0
318,Allstate Good Hands Rescue,2018-12-01,Roadside Rescuer,0,Unknown,0,0,0,0,0,0,0,0,0,0,0,0,0,0,0,0,0,0,0,0,0,0,0,0,0,0,0,1
319,La Quinta Inns & Suites,2018-12-01,"Attendant, Room",0,Hospitality & Catering Jobs,0,0,0,0,0,0,0,0,0,0,0,1,0,0,0,0,0,0,0,0,0,0,0,0,0,0,0,0
320,"National Vision, Inc.",2018-12-01,Licensed Optician,0,"PR, Advertising & Marketing Jobs",0,0,0,0,0,0,0,0,0,0,0,0,0,0,0,0,0,0,1,0,0,0,0,0,0,0,0,0
321,Deckers Retail LLC,2018-12-01,"Sales Associate, UGG",0,Retail Jobs,0,0,0,0,0,0,0,0,0,0,0,0,0,0,0,0,0,0,0,0,1,0,0,0,0,0,0,0
322,MJ Tank Lines,2018-12-01,Class A Tanker Driver with Sign-on Bonus,0,Logistics & Warehouse Jobs,0,0,0,0,0,0,0,0,0,0,0,0,0,0,1,0,0,0,0,0,0,0,0,0,0,0,0,0
323,Bill Hahn's Automotive,2018-12-01,Service Writer / Shop Manager,0,Manufacturing Jobs,0,0,0,0,0,0,0,0,0,0,0,0,0,0,0,0,1,0,0,0,0,0,0,0,0,0,0,0
324,Allied Universal Security,2018-12-01,Professional Security Officer - $14.30/Hr. & Up,0,Other/General Jobs,0,0,0,0,0,0,0,0,0,0,0,0,0,0,0,0,0,1,0,0,0,0,0,0,0,0,0,0
325,A G Morgan Inc,2018-12-01,Assistant Manager Restaurant,0,Hospitality & Catering Jobs,0,0,0,0,0,0,0,0,0,0,0,1,0,0,0,0,0,0,0,0,0,0,0,0,0,0,0,0
326,Inflatable Boat Specialists,2018-12-01,Administrative Assistant,0,Admin Jobs,0,1,0,0,0,0,0,0,0,0,0,0,0,0,0,0,0,0,0,0,0,0,0,0,0,0,0,0
327,Express Employment Professionals,2018-12-01,Welders/Fabricators/Shop Helpers/Grinders,0,IT Jobs,0,0,0,0,0,0,0,0,0,0,0,0,1,0,0,0,0,0,0,0,0,0,0,0,0,0,0,0
328,Cintas Corp.,2018-12-01,Route Service Sales Representative (4 day workweek),0,Sales Jobs,0,0,0,0,0,0,0,0,0,0,0,0,0,0,0,0,0,0,0,0,0,1,0,0,0,0,0,0
329,California Newspaper Services,2018-12-01,Director Airports – Ventura County,0,Unknown,0,0,0,0,0,0,0,0,0,0,0,0,0,0,0,0,0,0,0,0,0,0,0,0,0,0,0,1
330,"Mobile Mini, Inc.",2018-12-01,Branch Manager - Storage Solutions,0,Accounting & Finance Jobs,1,0,0,0,0,0,0,0,0,0,0,0,0,0,0,0,0,0,0,0,0,0,0,0,0,0,0,0
331,"Aeropostale, Inc.",2018-12-01,Assistant Manager - Aeropostale Pacific View Mall - Aero-Stores - Ventura CA,0,Unknown,0,0,0,0,0,0,0,0,0,0,0,0,0,0,0,0,0,0,0,0,0,0,0,0,0,0,0,1
332,DOLPHIN CONSTRUCTION INC,2018-12-01,Carpenter,0,Trade & Construction Jobs,0,0,0,0,0,0,0,0,0,0,0,0,0,0,0,0,0,0,0,0,0,0,0,0,0,1,0,0
333,MagnusonSupercharger,2018-12-01,Senior Product Designer,0,Engineering Jobs,0,0,0,0,0,0,0,0,1,0,0,0,0,0,0,0,0,0,0,0,0,0,0,0,0,0,0,0
334,H&R Block,2018-12-01,Office Manager III - Multi Office,0,Admin Jobs,0,1,0,0,0,0,0,0,0,0,0,0,0,0,0,0,0,0,0,0,0,0,0,0,0,0,0,0
335,First Choice Coffee Services   Southwest Region,2018-12-01,Outside Sales,0,Sales Jobs,0,0,0,0,0,0,0,0,0,0,0,0,0,0,0,0,0,0,0,0,0,1,0,0,0,0,0,0
336,Terminix,2019-01-01,Outside Sales Professional,0,Sales Jobs,0,0,0,0,0,0,0,0,0,0,0,0,0,0,0,0,0,0,0,0,0,1,0,0,0,0,0,0
337,"Seed Beauty, parent company to Colourpop Cosmetics",2019-01-01,Director of Digital Marketing-Colourpop Cosmetics,0,"PR, Advertising & Marketing Jobs",0,0,0,0,0,0,0,0,0,0,0,0,0,0,0,0,0,0,1,0,0,0,0,0,0,0,0,0
338,Patagonia Inc.,2019-01-01,Sales Manager - Fish,0,Sales Jobs,0,0,0,0,0,0,0,0,0,0,0,0,0,0,0,0,0,0,0,0,0,1,0,0,0,0,0,0
339,The Sleep Shoppe,2019-01-01,Sales Associate,0,Retail Jobs,0,0,0,0,0,0,0,0,0,0,0,0,0,0,0,0,0,0,0,0,1,0,0,0,0,0,0,0
340,"RPM Consolidated Services, Inc.",2019-01-01,Class A Line Driver,0,Logistics & Warehouse Jobs,0,0,0,0,0,0,0,0,0,0,0,0,0,0,1,0,0,0,0,0,0,0,0,0,0,0,0,0
341,Marten Transport,2019-01-01,"Truck Driving Jobs - Regional - NEW Pay Guarantee - At Least $1,000/wk",0,Logistics & Warehouse Jobs,0,0,0,0,0,0,0,0,0,0,0,0,0,0,1,0,0,0,0,0,0,0,0,0,0,0,0,0
342,Care.com,2019-01-01,Nanny Needed For 1 Child In Ventura,0,Social work Jobs,0,0,0,0,0,0,0,0,0,0,0,0,0,0,0,0,0,0,0,0,0,0,0,1,0,0,0,0
343,Traffic Management Inc,2019-01-01,New Branch Start Up Team,0,Unknown,0,0,0,0,0,0,0,0,0,0,0,0,0,0,0,0,0,0,0,0,0,0,0,0,0,0,0,1
344,"County of Ventura, CA",2019-01-01,Registered Nurse I/II - Regular and Per Diem,0,Healthcare & Nursing Jobs,0,0,0,0,0,0,0,0,0,0,1,0,0,0,0,0,0,0,0,0,0,0,0,0,0,0,0,0
345,Traffic Management Inc,2019-01-01,Traffic Controller,0,Accounting & Finance Jobs,1,0,0,0,0,0,0,0,0,0,0,0,0,0,0,0,0,0,0,0,0,0,0,0,0,0,0,0
346,Ross Dress for Less,2019-01-01,Area Supervisor,0,Retail Jobs,0,0,0,0,0,0,0,0,0,0,0,0,0,0,0,0,0,0,0,0,1,0,0,0,0,0,0,0
347,Ross Dress for Less,2019-01-01,Retail Associate,0,Retail Jobs,0,0,0,0,0,0,0,0,0,0,0,0,0,0,0,0,0,0,0,0,1,0,0,0,0,0,0,0
348,Greenheart Exchange,2019-01-01,Exchange Student Coordinator,0,Other/General Jobs,0,0,0,0,0,0,0,0,0,0,0,0,0,0,0,0,0,1,0,0,0,0,0,0,0,0,0,0
349,Schneider,2019-01-01,CDL Driver,0,Unknown,0,0,0,0,0,0,0,0,0,0,0,0,0,0,0,0,0,0,0,0,0,0,0,0,0,0,0,1
350,Ensign Services,2019-01-01,Registered Nurse - RN - Victoria Care Center,0,Healthcare & Nursing Jobs,0,0,0,0,0,0,0,0,0,0,1,0,0,0,0,0,0,0,0,0,0,0,0,0,0,0,0,0
351,Plaza Home Mortgage Inc,2019-01-01,Account Executive,0,Sales Jobs,0,0,0,0,0,0,0,0,0,0,0,0,0,0,0,0,0,0,0,0,0,1,0,0,0,0,0,0
352,Cumulus Media,2019-01-01,Account Executive Oxnard/Ventura,0,"PR, Advertising & Marketing Jobs",0,0,0,0,0,0,0,0,0,0,0,0,0,0,0,0,0,0,1,0,0,0,0,0,0,0,0,0
353,Seaside Speech Therapy Inc,2019-01-01,Speech Language Pathologist,0,Unknown,0,0,0,0,0,0,0,0,0,0,0,0,0,0,0,0,0,0,0,0,0,0,0,0,0,0,0,1
354,XenonFS LLC,2019-01-01,Customer Service and Operations Manager – FCL Drayage,0,Logistics & Warehouse Jobs,0,0,0,0,0,0,0,0,0,0,0,0,0,0,1,0,0,0,0,0,0,0,0,0,0,0,0,0
355,S.W.A.T Financial,2019-01-01,Sales - Managing/Work-Life Balance,0,Sales Jobs,0,0,0,0,0,0,0,0,0,0,0,0,0,0,0,0,0,0,0,0,0,1,0,0,0,0,0,0
356,WestPac Wealth Partners,2019-01-01,Executive Assistant to Financial Advisor,0,Admin Jobs,0,1,0,0,0,0,0,0,0,0,0,0,0,0,0,0,0,0,0,0,0,0,0,0,0,0,0,0
357,The Job Window,2019-01-01,Entry Level Account Manager - Entry Level Sales,0,Sales Jobs,0,0,0,0,0,0,0,0,0,0,0,0,0,0,0,0,0,0,0,0,0,1,0,0,0,0,0,0
358,Slomin's,2019-01-01,Security System Installers / Technicians (Full-time),0,Trade & Construction Jobs,0,0,0,0,0,0,0,0,0,0,0,0,0,0,0,0,0,0,0,0,0,0,0,0,0,1,0,0
359,NurseCore,2019-01-01,Certified Nursing Assistant / Nurses Aide (CNA),0,Healthcare & Nursing Jobs,0,0,0,0,0,0,0,0,0,0,1,0,0,0,0,0,0,0,0,0,0,0,0,0,0,0,0,0
360,Advantage Solutions,2019-01-01,Part Time Event Specialist,0,"PR, Advertising & Marketing Jobs",0,0,0,0,0,0,0,0,0,0,0,0,0,0,0,0,0,0,1,0,0,0,0,0,0,0,0,0
361,Slomin's,2019-01-01,Outside Sales Consultants - Home Security/Home Automation (F/T),0,Sales Jobs,0,0,0,0,0,0,0,0,0,0,0,0,0,0,0,0,0,0,0,0,0,1,0,0,0,0,0,0
362,Chipotle Mexican Grill,2019-01-01,Restaurant General Manager,0,Hospitality & Catering Jobs,0,0,0,0,0,0,0,0,0,0,0,1,0,0,0,0,0,0,0,0,0,0,0,0,0,0,0,0
363,Allstate Good Hands Rescue Network,2019-01-01,Roadside Rescuer,0,Maintenance Jobs,0,0,0,0,0,0,0,0,0,0,0,0,0,0,0,1,0,0,0,0,0,0,0,0,0,0,0,0
364,OfficeTeam,2019-01-01,HR Assistant,0,HR & Recruitment Jobs,0,0,0,0,0,0,0,0,0,1,0,0,0,0,0,0,0,0,0,0,0,0,0,0,0,0,0,0
365,Accountemps,2019-01-01,Jr. Staff Accountant,0,Accounting & Finance Jobs,1,0,0,0,0,0,0,0,0,0,0,0,0,0,0,0,0,0,0,0,0,0,0,0,0,0,0,0
366,ConAm Management,2019-01-01,Leasing Professional,0,Maintenance Jobs,0,0,0,0,0,0,0,0,0,0,0,0,0,0,0,1,0,0,0,0,0,0,0,0,0,0,0,0
367,"County of Ventura, CA",2019-01-01,Senior Registered Nurse - Pediatric Intensive Care Unit,0,Healthcare & Nursing Jobs,0,0,0,0,0,0,0,0,0,0,1,0,0,0,0,0,0,0,0,0,0,0,0,0,0,0,0,0
368,FRITO LAY INC,2019-01-01,ROUTE SALES REPRESENTATIVE,0,Sales Jobs,0,0,0,0,0,0,0,0,0,0,0,0,0,0,0,0,0,0,0,0,0,1,0,0,0,0,0,0
369,Red Robin Gourmet Burgers,2019-01-01,Heart of House Team Members,0,Hospitality & Catering Jobs,0,0,0,0,0,0,0,0,0,0,0,1,0,0,0,0,0,0,0,0,0,0,0,0,0,0,0,0
370,Red Robin Gourmet Burgers,2019-01-01,Delivery Driver,0,Hospitality & Catering Jobs,0,0,0,0,0,0,0,0,0,0,0,1,0,0,0,0,0,0,0,0,0,0,0,0,0,0,0,0
371,Assisted Home Health & Hospice,2019-01-01,Certified Home Health Aides,0,Healthcare & Nursing Jobs,0,0,0,0,0,0,0,0,0,0,1,0,0,0,0,0,0,0,0,0,0,0,0,0,0,0,0,0
372,Assisted Home Health & Hospice,2019-01-01,HIRING EXPERIENCED CAREGIVERS,0,Healthcare & Nursing Jobs,0,0,0,0,0,0,0,0,0,0,1,0,0,0,0,0,0,0,0,0,0,0,0,0,0,0,0,0
373,MissionCare,2019-01-01,Hiring Full-Time Caregivers (PCA/HHA/CNA/Companions) – Flex Schedules,0,Healthcare & Nursing Jobs,0,0,0,0,0,0,0,0,0,0,1,0,0,0,0,0,0,0,0,0,0,0,0,0,0,0,0,0
374,Atria Senior Living,2019-01-01,Registered Nurse,0,Unknown,0,0,0,0,0,0,0,0,0,0,0,0,0,0,0,0,0,0,0,0,0,0,0,0,0,0,0,1
375,Wellpath,2019-01-01,Health Educator (Registered Nurse),0,Unknown,0,0,0,0,0,0,0,0,0,0,0,0,0,0,0,0,0,0,0,0,0,0,0,0,0,0,0,1
376,The Wharf,2019-01-01,"Accounting Clerk, Bookkeeper",0,Admin Jobs,0,1,0,0,0,0,0,0,0,0,0,0,0,0,0,0,0,0,0,0,0,0,0,0,0,0,0,0
377,City of Ventura,2019-01-01,ACCOUNTANT I/II,0,Accounting & Finance Jobs,1,0,0,0,0,0,0,0,0,0,0,0,0,0,0,0,0,0,0,0,0,0,0,0,0,0,0,0
378,OfficeTeam,2019-01-01,Presentation Specialist,0,Admin Jobs,0,1,0,0,0,0,0,0,0,0,0,0,0,0,0,0,0,0,0,0,0,0,0,0,0,0,0,0
379,Transworld Systems Inc.,2019-01-01,Independent Sales Consultant,0,Sales Jobs,0,0,0,0,0,0,0,0,0,0,0,0,0,0,0,0,0,0,0,0,0,1,0,0,0,0,0,0
380,Property Management Company,2019-01-01,Resident Property Manager,0,Property Jobs,0,0,0,0,0,0,0,0,0,0,0,0,0,0,0,0,0,0,0,1,0,0,0,0,0,0,0,0
381,Jackson Therapy Partners,2019-01-01,Speech Therapist (SLP) Travel Job,0,Healthcare & Nursing Jobs,0,0,0,0,0,0,0,0,0,0,1,0,0,0,0,0,0,0,0,0,0,0,0,0,0,0,0,0
382,Sephora,2019-01-01,Make-up Advisor (Consultant),0,Unknown,0,0,0,0,0,0,0,0,0,0,0,0,0,0,0,0,0,0,0,0,0,0,0,0,0,0,0,1
383,Sephora,2019-01-01,Skincare Advisor (Consultant),0,Unknown,0,0,0,0,0,0,0,0,0,0,0,0,0,0,0,0,0,0,0,0,0,0,0,0,0,0,0,1
384,County of Ventura,2019-01-01,Registered Nurse I/II - Regular and Per Diem,0,Unknown,0,0,0,0,0,0,0,0,0,0,0,0,0,0,0,0,0,0,0,0,0,0,0,0,0,0,0,1
385,SILICONstruction Inc,2019-01-01,IT Field Technician,0,IT Jobs,0,0,0,0,0,0,0,0,0,0,0,0,1,0,0,0,0,0,0,0,0,0,0,0,0,0,0,0
386,Lumber Liquidators,2019-01-01,Retail Assistant Store Manager,0,Retail Jobs,0,0,0,0,0,0,0,0,0,0,0,0,0,0,0,0,0,0,0,0,1,0,0,0,0,0,0,0
387,SchoolPsychJobs.com,2019-01-01,"Ventura, CA - School Psychologist needed Full time for Pre-K and Elementary Schools",0,Unknown,0,0,0,0,0,0,0,0,0,0,0,0,0,0,0,0,0,0,0,0,0,0,0,0,0,0,0,1
388,Army National Guard,2019-01-01,13J Fire Control Specialist,0,Retail Jobs,0,0,0,0,0,0,0,0,0,0,0,0,0,0,0,0,0,0,0,0,1,0,0,0,0,0,0,0
389,Red Robin Team Members,2019-01-01,"Line Cook / Kitchen, Dishwasher & Expo - Ventura",0,Hospitality & Catering Jobs,0,0,0,0,0,0,0,0,0,0,0,1,0,0,0,0,0,0,0,0,0,0,0,0,0,0,0,0
390,Accountemps,2019-01-01,Accounts Receivable/Billing ? Construction,0,Accounting & Finance Jobs,1,0,0,0,0,0,0,0,0,0,0,0,0,0,0,0,0,0,0,0,0,0,0,0,0,0,0,0
391,Accountemps,2019-01-01,Enrolled Agent,0,Accounting & Finance Jobs,1,0,0,0,0,0,0,0,0,0,0,0,0,0,0,0,0,0,0,0,0,0,0,0,0,0,0,0
392,Accountemps,2019-01-01,Accounts Payable Clerk,0,Accounting & Finance Jobs,1,0,0,0,0,0,0,0,0,0,0,0,0,0,0,0,0,0,0,0,0,0,0,0,0,0,0,0
393,Accountemps,2019-01-01,Collections Specialist,0,Accounting & Finance Jobs,1,0,0,0,0,0,0,0,0,0,0,0,0,0,0,0,0,0,0,0,0,0,0,0,0,0,0,0
394,Accountemps,2019-01-01,Tax Preparer,0,Accounting & Finance Jobs,1,0,0,0,0,0,0,0,0,0,0,0,0,0,0,0,0,0,0,0,0,0,0,0,0,0,0,0
395,OfficeTeam,2019-01-01,Office Assistant,0,Admin Jobs,0,1,0,0,0,0,0,0,0,0,0,0,0,0,0,0,0,0,0,0,0,0,0,0,0,0,0,0
396,OfficeTeam,2019-01-01,Customer Service Representative,0,Admin Jobs,0,1,0,0,0,0,0,0,0,0,0,0,0,0,0,0,0,0,0,0,0,0,0,0,0,0,0,0
397,OfficeTeam,2019-01-01,Receptionist,0,Admin Jobs,0,1,0,0,0,0,0,0,0,0,0,0,0,0,0,0,0,0,0,0,0,0,0,0,0,0,0,0
398,OfficeTeam,2019-01-01,Data Entry Specialist,0,Admin Jobs,0,1,0,0,0,0,0,0,0,0,0,0,0,0,0,0,0,0,0,0,0,0,0,0,0,0,0,0
399,Robert Half Technology,2019-01-01,Tech support,0,IT Jobs,0,0,0,0,0,0,0,0,0,0,0,0,1,0,0,0,0,0,0,0,0,0,0,0,0,0,0,0
400,"American Integrated Services, Inc.",2019-01-01,Site Health & Safety Officer,0,Trade & Construction Jobs,0,0,0,0,0,0,0,0,0,0,0,0,0,0,0,0,0,0,0,0,0,0,0,0,0,1,0,0
401,Santa Barbara Family YMCA,2019-01-01,New Graduate Teachers/Counselors - Youth Programs,0,Charity & Voluntary Jobs,0,0,1,0,0,0,0,0,0,0,0,0,0,0,0,0,0,0,0,0,0,0,0,0,0,0,0,0
402,Santa Barbara Family YMCA,2019-01-01,Childcare Supervisors,0,Charity & Voluntary Jobs,0,0,1,0,0,0,0,0,0,0,0,0,0,0,0,0,0,0,0,0,0,0,0,0,0,0,0,0
403,Santa Barbara Family YMCA,2019-01-01,Site Supervisor - Early Childhood Development,0,Charity & Voluntary Jobs,0,0,1,0,0,0,0,0,0,0,0,0,0,0,0,0,0,0,0,0,0,0,0,0,0,0,0,0
404,Planned Parenthood,2019-01-01,Medical Assistant (2),0,Healthcare & Nursing Jobs,0,0,0,0,0,0,0,0,0,0,1,0,0,0,0,0,0,0,0,0,0,0,0,0,0,0,0,0
405,Community Memorial Health System,2019-01-01,Building Engineer II - Full-Time,0,Healthcare & Nursing Jobs,0,0,0,0,0,0,0,0,0,0,1,0,0,0,0,0,0,0,0,0,0,0,0,0,0,0,0,0
406,Kaiser Permanente   Southern California,2019-01-01,Adult Psychiatrist Per Diem Opportunity,0,Healthcare & Nursing Jobs,0,0,0,0,0,0,0,0,0,0,1,0,0,0,0,0,0,0,0,0,0,0,0,0,0,0,0,0
407,Ascent Paradigm Marketing,2019-01-01,Customer Service & Sales Associate,0,Customer Services Jobs,0,0,0,0,0,1,0,0,0,0,0,0,0,0,0,0,0,0,0,0,0,0,0,0,0,0,0,0
408,Ascent Paradigm Marketing,2019-01-01,College Graduates-Entry Level Marketing Assistant Needed,0,"PR, Advertising & Marketing Jobs",0,0,0,0,0,0,0,0,0,0,0,0,0,0,0,0,0,0,1,0,0,0,0,0,0,0,0,0
409,ICAN B,2019-01-01,Behavior Technician,0,Other/General Jobs,0,0,0,0,0,0,0,0,0,0,0,0,0,0,0,0,0,1,0,0,0,0,0,0,0,0,0,0
410,CyberCoders,2019-01-01,UI/UX Developer,0,Unknown,0,0,0,0,0,0,0,0,0,0,0,0,0,0,0,0,0,0,0,0,0,0,0,0,0,0,0,1
411,Hertz Rent a Car,2019-01-01,Finance Insurance Manager,0,Other/General Jobs,0,0,0,0,0,0,0,0,0,0,0,0,0,0,0,0,0,1,0,0,0,0,0,0,0,0,0,0
412,Starbucks,2019-01-01,"district manager, Licensed Stores - Ventura County, CA",0,Admin Jobs,0,1,0,0,0,0,0,0,0,0,0,0,0,0,0,0,0,0,0,0,0,0,0,0,0,0,0,0
413,"County of Ventura, CA",2019-01-01,Senior Registered Nurse - Mental Health Acute Care,0,Healthcare & Nursing Jobs,0,0,0,0,0,0,0,0,0,0,1,0,0,0,0,0,0,0,0,0,0,0,0,0,0,0,0,0
414,"County of Ventura, CA",2019-01-01,Registered Nurse/Senior Registered Nurse-Mental Health,0,Healthcare & Nursing Jobs,0,0,0,0,0,0,0,0,0,0,1,0,0,0,0,0,0,0,0,0,0,0,0,0,0,0,0,0
415,AT&T,2019-01-01,Bilingual Spanish Retail Sales Consultant,0,Retail Jobs,0,0,0,0,0,0,0,0,0,0,0,0,0,0,0,0,0,0,0,0,1,0,0,0,0,0,0,0
416,HouseKeeper,2019-01-01,"Housekeeper Wanted - Ventura, California Domestic Posting",0,Domestic help & Cleaning Jobs,0,0,0,0,0,0,1,0,0,0,0,0,0,0,0,0,0,0,0,0,0,0,0,0,0,0,0,0
417,Merchandise Management Company,2019-01-01,Merchandiser - Retail,0,Retail Jobs,0,0,0,0,0,0,0,0,0,0,0,0,0,0,0,0,0,0,0,0,1,0,0,0,0,0,0,0
418,Stone West,2019-01-01,Receptionist,0,Admin Jobs,0,1,0,0,0,0,0,0,0,0,0,0,0,0,0,0,0,0,0,0,0,0,0,0,0,0,0,0
419,California Newspaper Services,2019-01-01,Deputy Chief Information Officer – Technical Services,0,Admin Jobs,0,1,0,0,0,0,0,0,0,0,0,0,0,0,0,0,0,0,0,0,0,0,0,0,0,0,0,0
420,FireSeeds,2019-01-01,General Manager,0,Consultancy Jobs,0,0,0,1,0,0,0,0,0,0,0,0,0,0,0,0,0,0,0,0,0,0,0,0,0,0,0,0
421,Accountemps,2019-01-01,Bookkeeper,0,Accounting & Finance Jobs,1,0,0,0,0,0,0,0,0,0,0,0,0,0,0,0,0,0,0,0,0,0,0,0,0,0,0,0
422,Accountemps,2019-01-01,Financial Analyst,0,Accounting & Finance Jobs,1,0,0,0,0,0,0,0,0,0,0,0,0,0,0,0,0,0,0,0,0,0,0,0,0,0,0,0
424,Accountemps,2019-01-01,Full Charge Bookkeeper,0,Accounting & Finance Jobs,1,0,0,0,0,0,0,0,0,0,0,0,0,0,0,0,0,0,0,0,0,0,0,0,0,0,0,0
425,Accountemps,2019-01-01,Accounting Clerk,0,Accounting & Finance Jobs,1,0,0,0,0,0,0,0,0,0,0,0,0,0,0,0,0,0,0,0,0,0,0,0,0,0,0,0
426,OfficeTeam,2019-01-01,Office Manager,0,Admin Jobs,0,1,0,0,0,0,0,0,0,0,0,0,0,0,0,0,0,0,0,0,0,0,0,0,0,0,0,0
427,Accountemps,2019-01-01,Accounts Receivable Clerk,0,Accounting & Finance Jobs,1,0,0,0,0,0,0,0,0,0,0,0,0,0,0,0,0,0,0,0,0,0,0,0,0,0,0,0
428,OfficeTeam,2019-01-01,Executive Assistant,0,Admin Jobs,0,1,0,0,0,0,0,0,0,0,0,0,0,0,0,0,0,0,0,0,0,0,0,0,0,0,0,0
429,OfficeTeam,2019-01-01,Data Entry Clerk,0,Admin Jobs,0,1,0,0,0,0,0,0,0,0,0,0,0,0,0,0,0,0,0,0,0,0,0,0,0,0,0,0
430,Premier Physical Therapy & Associates Inc,2019-01-01,Clinical Director - Physical Therapist,0,Healthcare & Nursing Jobs,0,0,0,0,0,0,0,0,0,0,1,0,0,0,0,0,0,0,0,0,0,0,0,0,0,0,0,0
431,ClarionDoor,2019-01-01,Product Architect - Lead Devleloper,0,IT Jobs,0,0,0,0,0,0,0,0,0,0,0,0,1,0,0,0,0,0,0,0,0,0,0,0,0,0,0,0
432,*Domestic Linen Supply and Laundry Company,2019-01-01,Route Sales Representative/Driver,0,Unknown,0,0,0,0,0,0,0,0,0,0,0,0,0,0,0,0,0,0,0,0,0,0,0,0,0,0,0,1
433,"City of Ventura, CA",2019-01-01,Accountant I/II,0,Accounting & Finance Jobs,1,0,0,0,0,0,0,0,0,0,0,0,0,0,0,0,0,0,0,0,0,0,0,0,0,0,0,0
434,Pacific Dental Services,2019-01-01,Associate Dentist,0,Healthcare & Nursing Jobs,0,0,0,0,0,0,0,0,0,0,1,0,0,0,0,0,0,0,0,0,0,0,0,0,0,0,0,0
435,Aerotek,2019-01-01,Part Time Catering Associate & Cafe Associate,0,Hospitality & Catering Jobs,0,0,0,0,0,0,0,0,0,0,0,1,0,0,0,0,0,0,0,0,0,0,0,0,0,0,0,0
436,Swift Transportation,2019-01-01,Experienced CDL-A Truck Drivers,0,Logistics & Warehouse Jobs,0,0,0,0,0,0,0,0,0,0,0,0,0,0,1,0,0,0,0,0,0,0,0,0,0,0,0,0
437,CoverPro,2019-01-01,Installer / Service Technician,0,Trade & Construction Jobs,0,0,0,0,0,0,0,0,0,0,0,0,0,0,0,0,0,0,0,0,0,0,0,0,0,1,0,0
438,Beacon Resources,2019-01-01,Staff Accountant - LAVR,0,Accounting & Finance Jobs,1,0,0,0,0,0,0,0,0,0,0,0,0,0,0,0,0,0,0,0,0,0,0,0,0,0,0,0
439,Zentech Consulting,2019-01-01,Media Sales Consultant,0,Sales Jobs,0,0,0,0,0,0,0,0,0,0,0,0,0,0,0,0,0,0,0,0,0,1,0,0,0,0,0,0
442,OfficeTeam,2019-01-01,Data Entry Specialist,0,IT Jobs,0,0,0,0,0,0,0,0,0,0,0,0,1,0,0,0,0,0,0,0,0,0,0,0,0,0,0,0
444,Aerotek,2019-01-01,Food Service Worker,0,Hospitality & Catering Jobs,0,0,0,0,0,0,0,0,0,0,0,1,0,0,0,0,0,0,0,0,0,0,0,0,0,0,0,0
445,Care.com,2019-01-01,Hands-on Care Needed For My Mother In Ventura,0,Social work Jobs,0,0,0,0,0,0,0,0,0,0,0,0,0,0,0,0,0,0,0,0,0,0,0,1,0,0,0,0
446,GLOBAL TEL*LINK CORPORATION,2019-01-01,Site Administrator Technician,0,IT Jobs,0,0,0,0,0,0,0,0,0,0,0,0,1,0,0,0,0,0,0,0,0,0,0,0,0,0,0,0
447,System Pavers,2019-01-01,Project Manager,0,Trade & Construction Jobs,0,0,0,0,0,0,0,0,0,0,0,0,0,0,0,0,0,0,0,0,0,0,0,0,0,1,0,0
448,Universal Services of America,2019-01-01,Night Shift Supervisor - SCC  $17.35 Must Have Exp,0,Unknown,0,0,0,0,0,0,0,0,0,0,0,0,0,0,0,0,0,0,0,0,0,0,0,0,0,0,0,1
449,Allied Universal Security,2019-01-01,Night Shift Supervisor - SCC  $17.35 Must Have Exp,0,Unknown,0,0,0,0,0,0,0,0,0,0,0,0,0,0,0,0,0,0,0,0,0,0,0,0,0,0,0,1
450,Allied Universal Security,2019-01-01,Allied Universal Security Shift Supervisor,0,Other/General Jobs,0,0,0,0,0,0,0,0,0,0,0,0,0,0,0,0,0,1,0,0,0,0,0,0,0,0,0,0
451,Allied Universal Security,2019-01-01,Security Rover- Must have Flexibility $14.30/hr,0,Other/General Jobs,0,0,0,0,0,0,0,0,0,0,0,0,0,0,0,0,0,1,0,0,0,0,0,0,0,0,0,0
452,Universal Services of America,2019-01-01,Security Officer - Dispatcher - SCC  $15.80,0,Other/General Jobs,0,0,0,0,0,0,0,0,0,0,0,0,0,0,0,0,0,1,0,0,0,0,0,0,0,0,0,0
453,Universal Services of America,2019-01-01,Security Officer - Hospital Environment in Ventura,0,Other/General Jobs,0,0,0,0,0,0,0,0,0,0,0,0,0,0,0,0,0,1,0,0,0,0,0,0,0,0,0,0
454,Universal Services of America,2019-01-01,Security Officer - FT Rovers- Must have Flexibility $14.30/hr,0,Other/General Jobs,0,0,0,0,0,0,0,0,0,0,0,0,0,0,0,0,0,1,0,0,0,0,0,0,0,0,0,0
457,CyberCoders,2019-01-01,UI/UX Developer,0,IT Jobs,0,0,0,0,0,0,0,0,0,0,0,0,1,0,0,0,0,0,0,0,0,0,0,0,0,0,0,0
459,City of Simi Valley,2019-01-01,Deputy Public Works Director (Waterworks),0,Admin Jobs,0,1,0,0,0,0,0,0,0,0,0,0,0,0,0,0,0,0,0,0,0,0,0,0,0,0,0,0
460,Clinicas del Camino Real,2019-01-01,Physician Assistant,0,Healthcare & Nursing Jobs,0,0,0,0,0,0,0,0,0,0,1,0,0,0,0,0,0,0,0,0,0,0,0,0,0,0,0,0
461,Pizza Hut,2019-01-01,Shift Manager,0,Retail Jobs,0,0,0,0,0,0,0,0,0,0,0,0,0,0,0,0,0,0,0,0,1,0,0,0,0,0,0,0
462,Help Unlimited powered by Honor,2019-01-01,Hiring WEEKEND CAREGIVER - Grow Your Career,0,Healthcare & Nursing Jobs,0,0,0,0,0,0,0,0,0,0,1,0,0,0,0,0,0,0,0,0,0,0,0,0,0,0,0,0
463,Jackson Therapy Partners,2019-01-01,Occupational Therapist (OT) Travel Job,0,Healthcare & Nursing Jobs,0,0,0,0,0,0,0,0,0,0,1,0,0,0,0,0,0,0,0,0,0,0,0,0,0,0,0,0
464,Help Unlimited powered by Honor,2019-01-01,Certified Nursing Assistant Needed,0,Healthcare & Nursing Jobs,0,0,0,0,0,0,0,0,0,0,1,0,0,0,0,0,0,0,0,0,0,0,0,0,0,0,0,0
465,MARTEN,2019-01-01,"Team CDL Trucking Jobs - HOME WEEKLY & Earn up to $72,000/yr. each",0,Logistics & Warehouse Jobs,0,0,0,0,0,0,0,0,0,0,0,0,0,0,1,0,0,0,0,0,0,0,0,0,0,0,0,0
467,Inflatable Boat Specialists,2019-01-01,Marine Mechanic,0,Other/General Jobs,0,0,0,0,0,0,0,0,0,0,0,0,0,0,0,0,0,1,0,0,0,0,0,0,0,0,0,0
468,"Investment Concepts, Inc.",2019-01-01,Property Manager,0,Property Jobs,0,0,0,0,0,0,0,0,0,0,0,0,0,0,0,0,0,0,0,1,0,0,0,0,0,0,0,0
469,Kelly Mobile Services,2019-01-01,TRUCK DRIVER,0,Logistics & Warehouse Jobs,0,0,0,0,0,0,0,0,0,0,0,0,0,0,1,0,0,0,0,0,0,0,0,0,0,0,0,0
470,Coastal Solar,2019-01-01,Solar PV Installer,0,Trade & Construction Jobs,0,0,0,0,0,0,0,0,0,0,0,0,0,0,0,0,0,0,0,0,0,0,0,0,0,1,0,0
471,Event Staff Solutions LLC,2019-01-01,Event Server,0,Hospitality & Catering Jobs,0,0,0,0,0,0,0,0,0,0,0,1,0,0,0,0,0,0,0,0,0,0,0,0,0,0,0,0
472,Event Staff Solutions LLC,2019-01-01,Event Bartender,0,Hospitality & Catering Jobs,0,0,0,0,0,0,0,0,0,0,0,1,0,0,0,0,0,0,0,0,0,0,0,0,0,0,0,0
473,Stonemark Construction Management,2019-01-01,Project Coordinator,0,Trade & Construction Jobs,0,0,0,0,0,0,0,0,0,0,0,0,0,0,0,0,0,0,0,0,0,0,0,0,0,1,0,0
474,Tried & True Tutoring,2019-01-01,ACT and SAT Classroom Teachers and One-on-One Tutors Wanted,0,Teaching Jobs,0,0,0,0,0,0,0,0,0,0,0,0,0,0,0,0,0,0,0,0,0,0,0,0,1,0,0,0
475,Gerrish Stanley Group,2019-01-01,In Home Sales With Leads $75K-$300K,0,Sales Jobs,0,0,0,0,0,0,0,0,0,0,0,0,0,0,0,0,0,0,0,0,0,1,0,0,0,0,0,0
476,IMMEDIATE HIRE,2019-01-01,Sports Minded Customer Service Representative,0,Retail Jobs,0,0,0,0,0,0,0,0,0,0,0,0,0,0,0,0,0,0,0,0,1,0,0,0,0,0,0,0
477,Innovative Premier Marketing,2019-01-01,Paid Training Retail Sales Associate,0,Retail Jobs,0,0,0,0,0,0,0,0,0,0,0,0,0,0,0,0,0,0,0,0,1,0,0,0,0,0,0,0
478,Rapid Expansion   Hiring Immediately!,2019-01-01,Retail - Full Time / Part Time / Seasonal - HOURLY  BONUS,0,Retail Jobs,0,0,0,0,0,0,0,0,0,0,0,0,0,0,0,0,0,0,0,0,1,0,0,0,0,0,0,0
479,Rapid Expansion   Hiring Immediately!,2019-01-01,Hospitality Representative - Customer Service  Sales,0,Hospitality & Catering Jobs,0,0,0,0,0,0,0,0,0,0,0,1,0,0,0,0,0,0,0,0,0,0,0,0,0,0,0,0
480,Missing Link Recruiting,2019-01-01,Commercial HVAC Technician,0,Trade & Construction Jobs,0,0,0,0,0,0,0,0,0,0,0,0,0,0,0,0,0,0,0,0,0,0,0,0,0,1,0,0
481,Pizza Hut,2019-01-01,Delivery Driver,0,Unknown,0,0,0,0,0,0,0,0,0,0,0,0,0,0,0,0,0,0,0,0,0,0,0,0,0,0,0,1
482,"Titan Technologies, Inc.",2019-01-01,SAP Senior Business Analyst,0,IT Jobs,0,0,0,0,0,0,0,0,0,0,0,0,1,0,0,0,0,0,0,0,0,0,0,0,0,0,0,0
483,"Login Consulting Services, Inc",2019-01-01,Web Applications Security Developer / Analyst,0,IT Jobs,0,0,0,0,0,0,0,0,0,0,0,0,1,0,0,0,0,0,0,0,0,0,0,0,0,0,0,0
484,Marcus & Millichap,2019-01-01,Junior Commercial Loan Originator - Ventura,0,Unknown,0,0,0,0,0,0,0,0,0,0,0,0,0,0,0,0,0,0,0,0,0,0,0,0,0,0,0,1
485,Marcus & Millichap,2019-01-01,Commercial Real Estate Investment Sales Agent - Ventura,0,Unknown,0,0,0,0,0,0,0,0,0,0,0,0,0,0,0,0,0,0,0,0,0,0,0,0,0,0,0,1
486,SAS Retail Services,2019-01-01,"Retail Merchandisers. Mon - Fri, W/ PT Benefits. 4am start, hours vary",0,Retail Jobs,0,0,0,0,0,0,0,0,0,0,0,0,0,0,0,0,0,0,0,0,1,0,0,0,0,0,0,0
487,VENTURA URGENT CARE CENTER,2019-01-01,Physician (Board Certified) Medical Director of an Urgent Care Clinic,0,Healthcare & Nursing Jobs,0,0,0,0,0,0,0,0,0,0,1,0,0,0,0,0,0,0,0,0,0,0,0,0,0,0,0,0
488,Hawthorn Senior Living,2019-01-01,Caregivers,0,Healthcare & Nursing Jobs,0,0,0,0,0,0,0,0,0,0,1,0,0,0,0,0,0,0,0,0,0,0,0,0,0,0,0,0
489,Oneida Total Integrated Enterprises,2019-01-01,Project Analyst,0,Accounting & Finance Jobs,1,0,0,0,0,0,0,0,0,0,0,0,0,0,0,0,0,0,0,0,0,0,0,0,0,0,0,0
490,LKQ Corp,2019-01-01,Outside Sales Representative,0,Sales Jobs,0,0,0,0,0,0,0,0,0,0,0,0,0,0,0,0,0,0,0,0,0,1,0,0,0,0,0,0
491,UBER,2019-01-01,Uber Driver - Partner with us,0,Other/General Jobs,0,0,0,0,0,0,0,0,0,0,0,0,0,0,0,0,0,1,0,0,0,0,0,0,0,0,0,0
492,Uber,2019-01-01,Uber Full Time Driver - Independent Contractor,0,Other/General Jobs,0,0,0,0,0,0,0,0,0,0,0,0,0,0,0,0,0,1,0,0,0,0,0,0,0,0,0,0
493,Uber,2019-01-01,Uber Driver Partner - Supplement Your Night Income,0,Other/General Jobs,0,0,0,0,0,0,0,0,0,0,0,0,0,0,0,0,0,1,0,0,0,0,0,0,0,0,0,0
494,UBER,2019-01-01,Customer Service Alternative - Drive with Uber,0,Other/General Jobs,0,0,0,0,0,0,0,0,0,0,0,0,0,0,0,0,0,1,0,0,0,0,0,0,0,0,0,0
495,UBER,2019-01-01,Uber Driver Partner - Supplement Your Cashier Income,0,Other/General Jobs,0,0,0,0,0,0,0,0,0,0,0,0,0,0,0,0,0,1,0,0,0,0,0,0,0,0,0,0
496,Uber,2019-01-01,Earn on Your Schedule - Drive with Uber,0,Other/General Jobs,0,0,0,0,0,0,0,0,0,0,0,0,0,0,0,0,0,1,0,0,0,0,0,0,0,0,0,0
497,Uber,2019-01-01,Become an Uber Driver and Earn Tips,0,Other/General Jobs,0,0,0,0,0,0,0,0,0,0,0,0,0,0,0,0,0,1,0,0,0,0,0,0,0,0,0,0
498,Uber,2019-01-01,Get Your Side Hustle On - Uber Driver Partner,0,Other/General Jobs,0,0,0,0,0,0,0,0,0,0,0,0,0,0,0,0,0,1,0,0,0,0,0,0,0,0,0,0
499,Uber,2019-01-01,Driver - Independent Contractor,0,Other/General Jobs,0,0,0,0,0,0,0,0,0,0,0,0,0,0,0,0,0,1,0,0,0,0,0,0,0,0,0,0
500,Uber,2019-01-01,Boost your earnings with tips. Drive with Uber.,0,Other/General Jobs,0,0,0,0,0,0,0,0,0,0,0,0,0,0,0,0,0,1,0,0,0,0,0,0,0,0,0,0
501,Uber,2019-01-01,Drive & Earn when You Want,0,Other/General Jobs,0,0,0,0,0,0,0,0,0,0,0,0,0,0,0,0,0,1,0,0,0,0,0,0,0,0,0,0
502,Uber,2019-01-01,Seasonal Gig - Drive with Uber,0,Other/General Jobs,0,0,0,0,0,0,0,0,0,0,0,0,0,0,0,0,0,1,0,0,0,0,0,0,0,0,0,0
503,Uber,2019-01-01,Flexible Winter Schedule - Drive with Uber,0,Other/General Jobs,0,0,0,0,0,0,0,0,0,0,0,0,0,0,0,0,0,1,0,0,0,0,0,0,0,0,0,0
504,Uber,2019-01-01,Uber Driver - Independent Contractor,0,Other/General Jobs,0,0,0,0,0,0,0,0,0,0,0,0,0,0,0,0,0,1,0,0,0,0,0,0,0,0,0,0
505,Uber,2019-01-01,Uber Driver Partner - Get Paid Instantly,0,Other/General Jobs,0,0,0,0,0,0,0,0,0,0,0,0,0,0,0,0,0,1,0,0,0,0,0,0,0,0,0,0
506,Uber,2019-01-01,Want to earn extra money? Drive with Uber,0,Other/General Jobs,0,0,0,0,0,0,0,0,0,0,0,0,0,0,0,0,0,1,0,0,0,0,0,0,0,0,0,0
507,Uber,2019-01-01,Seasonal Uber Driver Partner,0,Other/General Jobs,0,0,0,0,0,0,0,0,0,0,0,0,0,0,0,0,0,1,0,0,0,0,0,0,0,0,0,0
508,Uber,2019-01-01,Drive on Your Schedule,0,Other/General Jobs,0,0,0,0,0,0,0,0,0,0,0,0,0,0,0,0,0,1,0,0,0,0,0,0,0,0,0,0
509,Uber,2019-01-01,Uber Driver Partner - Sign up. Drive. Earn,0,Other/General Jobs,0,0,0,0,0,0,0,0,0,0,0,0,0,0,0,0,0,1,0,0,0,0,0,0,0,0,0,0
510,Uber,2019-01-01,Uber Driver Partner (Pick your own hours),0,Other/General Jobs,0,0,0,0,0,0,0,0,0,0,0,0,0,0,0,0,0,1,0,0,0,0,0,0,0,0,0,0
511,Uber,2019-01-01,Uber Driver Partner - Full Time,0,Other/General Jobs,0,0,0,0,0,0,0,0,0,0,0,0,0,0,0,0,0,1,0,0,0,0,0,0,0,0,0,0
512,Uber,2019-01-01,Early Bird Schedule - Uber Driver Partner,0,Other/General Jobs,0,0,0,0,0,0,0,0,0,0,0,0,0,0,0,0,0,1,0,0,0,0,0,0,0,0,0,0
513,Uber,2019-01-01,Independent Contractor - Uber Partner Driver,0,Other/General Jobs,0,0,0,0,0,0,0,0,0,0,0,0,0,0,0,0,0,1,0,0,0,0,0,0,0,0,0,0
514,Uber,2019-01-01,Uber Driver Partner - Earn extra with your car,0,Other/General Jobs,0,0,0,0,0,0,0,0,0,0,0,0,0,0,0,0,0,1,0,0,0,0,0,0,0,0,0,0
515,Uber,2019-01-01,Need extra cash? Drive with Uber and earn tips,0,Other/General Jobs,0,0,0,0,0,0,0,0,0,0,0,0,0,0,0,0,0,1,0,0,0,0,0,0,0,0,0,0
516,Uber,2019-01-01,Uber Driver Partner - Supplement Your Assistant Income,0,Other/General Jobs,0,0,0,0,0,0,0,0,0,0,0,0,0,0,0,0,0,1,0,0,0,0,0,0,0,0,0,0
517,Uber,2019-01-01,Uber Driver Partner - Supplement Your Front Desk Income,0,Other/General Jobs,0,0,0,0,0,0,0,0,0,0,0,0,0,0,0,0,0,1,0,0,0,0,0,0,0,0,0,0
518,Uber,2019-01-01,Uber Driver Partner - Supplement Your Secretary Income,0,Other/General Jobs,0,0,0,0,0,0,0,0,0,0,0,0,0,0,0,0,0,1,0,0,0,0,0,0,0,0,0,0
519,Uber,2019-01-01,Driver Partner - Uber,0,Other/General Jobs,0,0,0,0,0,0,0,0,0,0,0,0,0,0,0,0,0,1,0,0,0,0,0,0,0,0,0,0
520,Uber,2019-01-01,Uber Driver Partner - Supplement your Income,0,Other/General Jobs,0,0,0,0,0,0,0,0,0,0,0,0,0,0,0,0,0,1,0,0,0,0,0,0,0,0,0,0
521,Uber,2019-01-01,Work in Customer Service? Earn Extra Cash,0,Other/General Jobs,0,0,0,0,0,0,0,0,0,0,0,0,0,0,0,0,0,1,0,0,0,0,0,0,0,0,0,0
522,Uber,2019-01-01,Part Time - Uber Partner Driver,0,Other/General Jobs,0,0,0,0,0,0,0,0,0,0,0,0,0,0,0,0,0,1,0,0,0,0,0,0,0,0,0,0
523,Uber,2019-01-01,Uber Driver Partner - Ready to make money?,0,Other/General Jobs,0,0,0,0,0,0,0,0,0,0,0,0,0,0,0,0,0,1,0,0,0,0,0,0,0,0,0,0
524,Uber,2019-01-01,Uber Driver Partner - Turn extra time into cash,0,Other/General Jobs,0,0,0,0,0,0,0,0,0,0,0,0,0,0,0,0,0,1,0,0,0,0,0,0,0,0,0,0
525,Uber,2019-01-01,Seasonal Driving Opportunity,0,Other/General Jobs,0,0,0,0,0,0,0,0,0,0,0,0,0,0,0,0,0,1,0,0,0,0,0,0,0,0,0,0
526,Uber,2019-01-01,Uber Driving Partner,0,Other/General Jobs,0,0,0,0,0,0,0,0,0,0,0,0,0,0,0,0,0,1,0,0,0,0,0,0,0,0,0,0
527,Uber,2019-01-01,Uber Driver Partner - Supplement Your Truck Driver Income,0,Other/General Jobs,0,0,0,0,0,0,0,0,0,0,0,0,0,0,0,0,0,1,0,0,0,0,0,0,0,0,0,0
528,Uber,2019-01-01,Uber Driver Partner - Supplement Your Manufacturing Income,0,Other/General Jobs,0,0,0,0,0,0,0,0,0,0,0,0,0,0,0,0,0,1,0,0,0,0,0,0,0,0,0,0
529,Uber,2019-01-01,Flexible Work for Retirement - Uber Driver Partner,0,Other/General Jobs,0,0,0,0,0,0,0,0,0,0,0,0,0,0,0,0,0,1,0,0,0,0,0,0,0,0,0,0
530,Uber,2019-01-01,Uber Driver Partner (Flexible Hours),0,Other/General Jobs,0,0,0,0,0,0,0,0,0,0,0,0,0,0,0,0,0,1,0,0,0,0,0,0,0,0,0,0
531,Uber,2019-01-01,Uber Driver Partner - Get Paid Weekly,0,Other/General Jobs,0,0,0,0,0,0,0,0,0,0,0,0,0,0,0,0,0,1,0,0,0,0,0,0,0,0,0,0
532,Uber,2019-01-01,Uber Driver Partner - Earn money on your schedule,0,Other/General Jobs,0,0,0,0,0,0,0,0,0,0,0,0,0,0,0,0,0,1,0,0,0,0,0,0,0,0,0,0
533,Uber,2019-01-01,Uber Driver Partner - Supplement Your Full Time Income,0,Other/General Jobs,0,0,0,0,0,0,0,0,0,0,0,0,0,0,0,0,0,1,0,0,0,0,0,0,0,0,0,0
534,Uber,2019-01-01,Work for Weekend Cash - Drive with Uber,0,Other/General Jobs,0,0,0,0,0,0,0,0,0,0,0,0,0,0,0,0,0,1,0,0,0,0,0,0,0,0,0,0
535,Uber,2019-01-01,Uber Driver Partner - Seasonal Work,0,Other/General Jobs,0,0,0,0,0,0,0,0,0,0,0,0,0,0,0,0,0,1,0,0,0,0,0,0,0,0,0,0
536,Uber,2019-01-01,Part Time Driver with Uber,0,Other/General Jobs,0,0,0,0,0,0,0,0,0,0,0,0,0,0,0,0,0,1,0,0,0,0,0,0,0,0,0,0
537,Uber,2019-01-01,Uber Driver Partner - Earn in your free time,0,Other/General Jobs,0,0,0,0,0,0,0,0,0,0,0,0,0,0,0,0,0,1,0,0,0,0,0,0,0,0,0,0
538,Uber,2019-01-01,Uber Driver Partner - Supplement Your Part Time Income,0,Other/General Jobs,0,0,0,0,0,0,0,0,0,0,0,0,0,0,0,0,0,1,0,0,0,0,0,0,0,0,0,0
539,Uber,2019-01-01,Uber Driver Partner (Full Time Independent Contractor),0,Other/General Jobs,0,0,0,0,0,0,0,0,0,0,0,0,0,0,0,0,0,1,0,0,0,0,0,0,0,0,0,0
540,Uber,2019-01-01,Driver,0,Other/General Jobs,0,0,0,0,0,0,0,0,0,0,0,0,0,0,0,0,0,1,0,0,0,0,0,0,0,0,0,0
541,Uber,2019-01-01,Great Customer Service - Drive with Uber,0,Other/General Jobs,0,0,0,0,0,0,0,0,0,0,0,0,0,0,0,0,0,1,0,0,0,0,0,0,0,0,0,0
542,Uber,2019-01-01,Uber Driver Partner - Want to choose your hours?,0,Other/General Jobs,0,0,0,0,0,0,0,0,0,0,0,0,0,0,0,0,0,1,0,0,0,0,0,0,0,0,0,0
543,Uber,2019-01-01,Uber Driving Partner (Choose your own hours),0,Other/General Jobs,0,0,0,0,0,0,0,0,0,0,0,0,0,0,0,0,0,1,0,0,0,0,0,0,0,0,0,0
544,Uber,2019-01-01,Driver - Earn from a car,0,Other/General Jobs,0,0,0,0,0,0,0,0,0,0,0,0,0,0,0,0,0,1,0,0,0,0,0,0,0,0,0,0
545,Uber,2019-01-01,Uber Driver Partner - Supplement Your Customer Service Income,0,Other/General Jobs,0,0,0,0,0,0,0,0,0,0,0,0,0,0,0,0,0,1,0,0,0,0,0,0,0,0,0,0
546,Uber,2019-01-01,Bilingual Uber Driver Partner (English/Spanish),0,Other/General Jobs,0,0,0,0,0,0,0,0,0,0,0,0,0,0,0,0,0,1,0,0,0,0,0,0,0,0,0,0
547,Uber,2019-01-01,Boost your Customer Service Income - Become an Uber Driver,0,Other/General Jobs,0,0,0,0,0,0,0,0,0,0,0,0,0,0,0,0,0,1,0,0,0,0,0,0,0,0,0,0
548,Uber,2019-01-01,Driver - Supplement your Income,0,Other/General Jobs,0,0,0,0,0,0,0,0,0,0,0,0,0,0,0,0,0,1,0,0,0,0,0,0,0,0,0,0
549,Uber,2019-01-01,Driver-Partner - frequent payouts with instant pay,0,Other/General Jobs,0,0,0,0,0,0,0,0,0,0,0,0,0,0,0,0,0,1,0,0,0,0,0,0,0,0,0,0
550,Uber,2019-01-01,Uber Driver Partner - Not a 9-5. Earn anytime.,0,Other/General Jobs,0,0,0,0,0,0,0,0,0,0,0,0,0,0,0,0,0,1,0,0,0,0,0,0,0,0,0,0
551,Uber,2019-01-01,Uber Driver Partner (Choose Your Own Hours),0,Other/General Jobs,0,0,0,0,0,0,0,0,0,0,0,0,0,0,0,0,0,1,0,0,0,0,0,0,0,0,0,0
552,Uber,2019-01-01,Uber Driver Partner - Supplement Your Business Income,0,Other/General Jobs,0,0,0,0,0,0,0,0,0,0,0,0,0,0,0,0,0,1,0,0,0,0,0,0,0,0,0,0
553,Uber,2019-01-01,Make More Money this Season Driving Your Car. Drive with Uber,0,Other/General Jobs,0,0,0,0,0,0,0,0,0,0,0,0,0,0,0,0,0,1,0,0,0,0,0,0,0,0,0,0
554,Uber,2019-01-01,Uber Driver - Opportunity to Earn Tips,0,Other/General Jobs,0,0,0,0,0,0,0,0,0,0,0,0,0,0,0,0,0,1,0,0,0,0,0,0,0,0,0,0
555,Uber,2019-01-01,Uber Driver Partner - Supplement Your Call Center Income,0,Other/General Jobs,0,0,0,0,0,0,0,0,0,0,0,0,0,0,0,0,0,1,0,0,0,0,0,0,0,0,0,0
556,Uber,2019-01-01,Flexible Driving Opportunity,0,Other/General Jobs,0,0,0,0,0,0,0,0,0,0,0,0,0,0,0,0,0,1,0,0,0,0,0,0,0,0,0,0
557,Uber,2019-01-01,Driver - Entry level,0,Other/General Jobs,0,0,0,0,0,0,0,0,0,0,0,0,0,0,0,0,0,1,0,0,0,0,0,0,0,0,0,0
558,Uber,2019-01-01,"Uber Driver Partner - Drive anytime, get paid instantly",0,Other/General Jobs,0,0,0,0,0,0,0,0,0,0,0,0,0,0,0,0,0,1,0,0,0,0,0,0,0,0,0,0
559,Uber,2019-01-01,Uber Driver Partner - Start earning on the side,0,Other/General Jobs,0,0,0,0,0,0,0,0,0,0,0,0,0,0,0,0,0,1,0,0,0,0,0,0,0,0,0,0
560,Uber,2019-01-01,Great Retirement Income - Drive with Uber,0,Other/General Jobs,0,0,0,0,0,0,0,0,0,0,0,0,0,0,0,0,0,1,0,0,0,0,0,0,0,0,0,0
561,Uber,2019-01-01,Uber Driver Partner - Supplement Your Work From Home Income,0,Other/General Jobs,0,0,0,0,0,0,0,0,0,0,0,0,0,0,0,0,0,1,0,0,0,0,0,0,0,0,0,0
562,Uber,2019-01-01,Retail Associate Alternative - Drive with Uber,0,Other/General Jobs,0,0,0,0,0,0,0,0,0,0,0,0,0,0,0,0,0,1,0,0,0,0,0,0,0,0,0,0
563,Uber,2019-01-01,Uber Driver Partner - Supplement Your Warehouse Income,0,Other/General Jobs,0,0,0,0,0,0,0,0,0,0,0,0,0,0,0,0,0,1,0,0,0,0,0,0,0,0,0,0
564,"HIT Mobile, Inc.",2019-01-01,Wireless Retail Sales Associate (Part-Time),0,Retail Jobs,0,0,0,0,0,0,0,0,0,0,0,0,0,0,0,0,0,0,0,0,1,0,0,0,0,0,0,0
565,Clinicas del Camino Real,2019-01-01,DBA/Application Analyst,0,Healthcare & Nursing Jobs,0,0,0,0,0,0,0,0,0,0,1,0,0,0,0,0,0,0,0,0,0,0,0,0,0,0,0,0
566,Rapid Expansion   Hiring Immediately!,2019-01-01,Retail Sales - Full Time / Part Time / Hourly Pay,0,Retail Jobs,0,0,0,0,0,0,0,0,0,0,0,0,0,0,0,0,0,0,0,0,1,0,0,0,0,0,0,0
569,AT&T,2019-01-01,IT Service Delivery Rep Junior (Government),0,Unknown,0,0,0,0,0,0,0,0,0,0,0,0,0,0,0,0,0,0,0,0,0,0,0,0,0,0,0,1
570,"Clinicas Del Camino Real, Incorporated",2019-01-01,Psychiatrist,0,Healthcare & Nursing Jobs,0,0,0,0,0,0,0,0,0,0,1,0,0,0,0,0,0,0,0,0,0,0,0,0,0,0,0,0
571,DKN Hotels,2019-01-01,Executive Housekeeper,0,Hospitality & Catering Jobs,0,0,0,0,0,0,0,0,0,0,0,1,0,0,0,0,0,0,0,0,0,0,0,0,0,0,0,0
572,Assisted Home Health & Hospice,2019-01-01,Caregivers/CNAs/CHHAs in Ventura Area,0,Healthcare & Nursing Jobs,0,0,0,0,0,0,0,0,0,0,1,0,0,0,0,0,0,0,0,0,0,0,0,0,0,0,0,0
573,Family First Life Golden State,2019-01-01,Need to Supplement Your Income?,0,Other/General Jobs,0,0,0,0,0,0,0,0,0,0,0,0,0,0,0,0,0,1,0,0,0,0,0,0,0,0,0,0
574,Kurt Young Insurance Group,2019-01-01,WE ARE LOOKING FOR PEOPLE WITH A CEO MENTALITY and WORK ETHIC,0,Sales Jobs,0,0,0,0,0,0,0,0,0,0,0,0,0,0,0,0,0,0,0,0,0,1,0,0,0,0,0,0
575,Locum Leaders,2019-01-01,"Locum Tenens Internal Medicine Physician in Ventura, California",0,Healthcare & Nursing Jobs,0,0,0,0,0,0,0,0,0,0,1,0,0,0,0,0,0,0,0,0,0,0,0,0,0,0,0,0
576,DaVita,2019-01-01,Registered Nurse,0,Unknown,0,0,0,0,0,0,0,0,0,0,0,0,0,0,0,0,0,0,0,0,0,0,0,0,0,0,0,1
577,GTL,2019-01-01,Telecom Field Technician,0,Engineering Jobs,0,0,0,0,0,0,0,0,1,0,0,0,0,0,0,0,0,0,0,0,0,0,0,0,0,0,0,0
578,Optima Energy Inc.,2019-01-01,Sales Account Manager - Energy Efficient Products,0,Sales Jobs,0,0,0,0,0,0,0,0,0,0,0,0,0,0,0,0,0,0,0,0,0,1,0,0,0,0,0,0
579,Rooter Hero Plumbing,2019-01-01,Service Plumber,0,Unknown,0,0,0,0,0,0,0,0,0,0,0,0,0,0,0,0,0,0,0,0,0,0,0,0,0,0,0,1
580,Patagonia Inc.,2019-01-01,"Head of Performance, Talent & Succession Management",0,HR & Recruitment Jobs,0,0,0,0,0,0,0,0,0,1,0,0,0,0,0,0,0,0,0,0,0,0,0,0,0,0,0,0
581,TherapyTravelers,2019-01-01,SLP 2018-19: Speech Language Pathologist (Bilingual)| 5-year service tropical va,0,Unknown,0,0,0,0,0,0,0,0,0,0,0,0,0,0,0,0,0,0,0,0,0,0,0,0,0,0,0,1
582,TherapyTravelers,2019-01-01,2018-2019: Bilingual Speech Language Pathologist,0,Unknown,0,0,0,0,0,0,0,0,0,0,0,0,0,0,0,0,0,0,0,0,0,0,0,0,0,0,0,1
583,The Stepping Stones Group,2019-01-01,Speech-Language Pathologist,0,Unknown,0,0,0,0,0,0,0,0,0,0,0,0,0,0,0,0,0,0,0,0,0,0,0,0,0,0,0,1
584,TherapyTravelers,2019-01-01,SLP 2018-2019: Speech Language Pathologist (Bilingual)| 5-year service tropical,0,Unknown,0,0,0,0,0,0,0,0,0,0,0,0,0,0,0,0,0,0,0,0,0,0,0,0,0,0,0,1
585,TherapyTravelers,2019-01-01,SLP 2018-2019 SY: Speech Language Pathologist | Awesome benefits,0,Unknown,0,0,0,0,0,0,0,0,0,0,0,0,0,0,0,0,0,0,0,0,0,0,0,0,0,0,0,1
586,TherapyTravelers,2019-01-01,2018-2019: Bilingual School Psychologist,0,Unknown,0,0,0,0,0,0,0,0,0,0,0,0,0,0,0,0,0,0,0,0,0,0,0,0,0,0,0,1
587,TherapyTravelers,2019-01-01,LSP 2018-2019: School Psychologist Bilingual| 5-year service tropical vacation,0,Unknown,0,0,0,0,0,0,0,0,0,0,0,0,0,0,0,0,0,0,0,0,0,0,0,0,0,0,0,1
588,TherapyTravelers,2019-01-01,LSP 2018-19: School Psychologist Bilingual| 5-year service tropical vacation,0,Unknown,0,0,0,0,0,0,0,0,0,0,0,0,0,0,0,0,0,0,0,0,0,0,0,0,0,0,0,1
589,Smile Brands,2019-01-01,Oral Surgeon,0,Unknown,0,0,0,0,0,0,0,0,0,0,0,0,0,0,0,0,0,0,0,0,0,0,0,0,0,0,0,1
590,Uber,2019-01-01,Need extra cash for the season? Become an Uber Driver Partner.,0,Other/General Jobs,0,0,0,0,0,0,0,0,0,0,0,0,0,0,0,0,0,1,0,0,0,0,0,0,0,0,0,0
591,Baker Hughes,2019-01-01,RLS Account Manager,0,"PR, Advertising & Marketing Jobs",0,0,0,0,0,0,0,0,0,0,0,0,0,0,0,0,0,0,1,0,0,0,0,0,0,0,0,0
592,Uber,2019-01-01,Customer Service - Get Your Side Hustle on with Uber,0,Other/General Jobs,0,0,0,0,0,0,0,0,0,0,0,0,0,0,0,0,0,1,0,0,0,0,0,0,0,0,0,0
593,Uber,2019-01-01,Extra Income for Retirement - Drive with Uber,0,Other/General Jobs,0,0,0,0,0,0,0,0,0,0,0,0,0,0,0,0,0,1,0,0,0,0,0,0,0,0,0,0
594,Uber,2019-01-01,Uber Driver Partner - Put your free time to work,0,Other/General Jobs,0,0,0,0,0,0,0,0,0,0,0,0,0,0,0,0,0,1,0,0,0,0,0,0,0,0,0,0
595,Staples Construction Co. Inc.,2019-01-01,Estimating and Marketing Coordinator,0,Trade & Construction Jobs,0,0,0,0,0,0,0,0,0,0,0,0,0,0,0,0,0,0,0,0,0,0,0,0,0,1,0,0
596,Premier Nursing Services,2019-01-01,CNA Travel Opportunities in Ventura County CA,0,Healthcare & Nursing Jobs,0,0,0,0,0,0,0,0,0,0,1,0,0,0,0,0,0,0,0,0,0,0,0,0,0,0,0,0
597,Kelly Mobile Services,2019-01-01,Dispatcher,0,Logistics & Warehouse Jobs,0,0,0,0,0,0,0,0,0,0,0,0,0,0,1,0,0,0,0,0,0,0,0,0,0,0,0,0
598,"Fisher Architects, Inc.",2019-01-01,Architectural Job Captain,0,Creative & Design Jobs,0,0,0,0,1,0,0,0,0,0,0,0,0,0,0,0,0,0,0,0,0,0,0,0,0,0,0,0
599,Immediate hire,2019-01-01,Seasonal Sales Associates - Base Pay  Paid Training,0,Sales Jobs,0,0,0,0,0,0,0,0,0,0,0,0,0,0,0,0,0,0,0,0,0,1,0,0,0,0,0,0
600,Ascent Paradigm Marketing,2019-01-01,Customer Service & Sales Rep | Entry Level,0,Customer Services Jobs,0,0,0,0,0,1,0,0,0,0,0,0,0,0,0,0,0,0,0,0,0,0,0,0,0,0,0,0
601,H&R Block,2019-01-01,Office Manager III - Multi Office,0,Retail Jobs,0,0,0,0,0,0,0,0,0,0,0,0,0,0,0,0,0,0,0,0,1,0,0,0,0,0,0,0
602,CVS Health,2019-01-01,Retail Store Manager - Ventura Area 08 Region 66 District 04,0,Retail Jobs,0,0,0,0,0,0,0,0,0,0,0,0,0,0,0,0,0,0,0,0,1,0,0,0,0,0,0,0
603,Care.com,2019-01-01,Looking For A Dependable House Cleaner For Family Living In Ventura.,0,Social work Jobs,0,0,0,0,0,0,0,0,0,0,0,0,0,0,0,0,0,0,0,0,0,0,0,1,0,0,0,0
604,"County of Ventura, CA",2019-01-01,Clinical Nurse Manager - Whole Person Care,0,Healthcare & Nursing Jobs,0,0,0,0,0,0,0,0,0,0,1,0,0,0,0,0,0,0,0,0,0,0,0,0,0,0,0,0
605,Patriot Environmental Services,2019-01-01,Class A Truck Driver,0,Unknown,0,0,0,0,0,0,0,0,0,0,0,0,0,0,0,0,0,0,0,0,0,0,0,0,0,0,0,1
606,Jessup Transportation,2019-01-01,"Class A Driver, CDL",0,Unknown,0,0,0,0,0,0,0,0,0,0,0,0,0,0,0,0,0,0,0,0,0,0,0,0,0,0,0,1
607,EF English First,2019-01-01,English Teacher - Teach English in China,0,Teaching Jobs,0,0,0,0,0,0,0,0,0,0,0,0,0,0,0,0,0,0,0,0,0,0,0,0,1,0,0,0
608,Novacoast,2019-01-01,Web Applications Security Developer/Analyst,0,IT Jobs,0,0,0,0,0,0,0,0,0,0,0,0,1,0,0,0,0,0,0,0,0,0,0,0,0,0,0,0
609,The Jessup Agency,2019-01-01,Field Underwriters / Outside Sales - No Experience Needed - $75K ,0,Sales Jobs,0,0,0,0,0,0,0,0,0,0,0,0,0,0,0,0,0,0,0,0,0,1,0,0,0,0,0,0
610,"Aegis Treatment Centers, LLC",2019-01-01,Counselor/Caseload Manager,0,Healthcare & Nursing Jobs,0,0,0,0,0,0,0,0,0,0,1,0,0,0,0,0,0,0,0,0,0,0,0,0,0,0,0,0
611,The Gap,2019-01-01,Brand Associate - Pacific View Mall,0,Sales Jobs,0,0,0,0,0,0,0,0,0,0,0,0,0,0,0,0,0,0,0,0,0,1,0,0,0,0,0,0
612,Mission Healthcare Services Inc,2019-01-01,Behavioral Health Nurse,0,Healthcare & Nursing Jobs,0,0,0,0,0,0,0,0,0,0,1,0,0,0,0,0,0,0,0,0,0,0,0,0,0,0,0,0
613,La Quinta Inns & Suites,2019-01-01,Assistant General Manager - LQ,0,Hospitality & Catering Jobs,0,0,0,0,0,0,0,0,0,0,0,1,0,0,0,0,0,0,0,0,0,0,0,0,0,0,0,0
614,"ENGINEERING SERVICES NETWORK, Inc.",2019-01-01,Electronics/Network Technician,0,IT Jobs,0,0,0,0,0,0,0,0,0,0,0,0,1,0,0,0,0,0,0,0,0,0,0,0,0,0,0,0
615,Building Materials Holding Corporation,2019-01-01,Window and Door Specialist (12793-376),0,Unknown,0,0,0,0,0,0,0,0,0,0,0,0,0,0,0,0,0,0,0,0,0,0,0,0,0,0,0,1
616,VSolvit LLC,2019-01-01,Network Administrator,0,Consultancy Jobs,0,0,0,1,0,0,0,0,0,0,0,0,0,0,0,0,0,0,0,0,0,0,0,0,0,0,0,0
617,The MENTOR Network,2019-01-01,Direct Support Professional,0,Healthcare & Nursing Jobs,0,0,0,0,0,0,0,0,0,0,1,0,0,0,0,0,0,0,0,0,0,0,0,0,0,0,0,0
618,Telecare Corporation,2019-01-01,LVN (Part-Time) - Behavioral Health Transitional Youth Program 328,0,Healthcare & Nursing Jobs,0,0,0,0,0,0,0,0,0,0,1,0,0,0,0,0,0,0,0,0,0,0,0,0,0,0,0,0
619,Baker Hughes,2019-01-01,RLS Account Manager,0,"Energy, Oil & Gas Jobs",0,0,0,0,0,0,0,1,0,0,0,0,0,0,0,0,0,0,0,0,0,0,0,0,0,0,0,0
620,IT Boss Research,2019-01-01,Court Research/Data Entry - Part Time - CA-Ventura County,0,Other/General Jobs,0,0,0,0,0,0,0,0,0,0,0,0,0,0,0,0,0,1,0,0,0,0,0,0,0,0,0,0
621,HOUSING AUTHORITY / SANBUENAVENTURA,2019-01-01,HOUSING MAINTENANCE TECHNICIAN,0,Maintenance Jobs,0,0,0,0,0,0,0,0,0,0,0,0,0,0,0,1,0,0,0,0,0,0,0,0,0,0,0,0
622,Advantage Physical Therapy,2019-01-01,Physical Therapist,0,Healthcare & Nursing Jobs,0,0,0,0,0,0,0,0,0,0,1,0,0,0,0,0,0,0,0,0,0,0,0,0,0,0,0,0
623,Alternative Behavior Strategies,2019-01-01,ABA Therapy Provider (RBT / BT),0,Social work Jobs,0,0,0,0,0,0,0,0,0,0,0,0,0,0,0,0,0,0,0,0,0,0,0,1,0,0,0,0
624,Wyndham Worldwide,2019-01-01,Assistant General Manager - LQ,0,Customer Services Jobs,0,0,0,0,0,1,0,0,0,0,0,0,0,0,0,0,0,0,0,0,0,0,0,0,0,0,0,0
625,"Allergan, Inc.",2019-01-01,"Practice Development Manager I - Cool Sculpting (Account Consultant) - Ventura, CA",0,Consultancy Jobs,0,0,0,1,0,0,0,0,0,0,0,0,0,0,0,0,0,0,0,0,0,0,0,0,0,0,0,0
626,CBC Federal Credit Union,2019-01-01,Assistant Branch Manager,0,Accounting & Finance Jobs,1,0,0,0,0,0,0,0,0,0,0,0,0,0,0,0,0,0,0,0,0,0,0,0,0,0,0,0
627,Community Memorial Health System,2019-01-01,Specialty Surgery Tech II - Full-Time Nights,0,Unknown,0,0,0,0,0,0,0,0,0,0,0,0,0,0,0,0,0,0,0,0,0,0,0,0,0,0,0,1
628,Community Memorial Health System,2019-01-01,Clinical Dietitian - Full-Time,0,Healthcare & Nursing Jobs,0,0,0,0,0,0,0,0,0,0,1,0,0,0,0,0,0,0,0,0,0,0,0,0,0,0,0,0
629,Kaiser Permanente,2019-01-01,Laboratory Assistant I,0,Healthcare & Nursing Jobs,0,0,0,0,0,0,0,0,0,0,1,0,0,0,0,0,0,0,0,0,0,0,0,0,0,0,0,0
630,Ventura Unified School District,2019-01-01,School Psychologist - (bilingual Spanish Skills needed for some assignments),0,Scientific & QA Jobs,0,0,0,0,0,0,0,0,0,0,0,0,0,0,0,0,0,0,0,0,0,0,1,0,0,0,0,0
631,Community Memorial Health System,2019-01-01,Registered Nurse Case Manager - Full-Time (2) & Per Diem,0,Healthcare & Nursing Jobs,0,0,0,0,0,0,0,0,0,0,1,0,0,0,0,0,0,0,0,0,0,0,0,0,0,0,0,0
632,Community Memorial Health System,2019-01-01,Registered Nurse II - Telemetry - Full-Time (3) & Per Diem (1) - Night Shift,0,Unknown,0,0,0,0,0,0,0,0,0,0,0,0,0,0,0,0,0,0,0,0,0,0,0,0,0,0,0,1
633,Community Memorial Health System,2019-01-01,RCP II,0,Healthcare & Nursing Jobs,0,0,0,0,0,0,0,0,0,0,1,0,0,0,0,0,0,0,0,0,0,0,0,0,0,0,0,0
634,Community Memorial Health System,2019-01-01,Histology Technician II,0,Unknown,0,0,0,0,0,0,0,0,0,0,0,0,0,0,0,0,0,0,0,0,0,0,0,0,0,0,0,1
635,Red Robin Gourmet Burgers,2019-01-01,Front of House Team Members,0,Hospitality & Catering Jobs,0,0,0,0,0,0,0,0,0,0,0,1,0,0,0,0,0,0,0,0,0,0,0,0,0,0,0,0
636,Ardwin Freight,2019-01-01,CDL A Owner Operator / Contractor OTR,0,Logistics & Warehouse Jobs,0,0,0,0,0,0,0,0,0,0,0,0,0,0,1,0,0,0,0,0,0,0,0,0,0,0,0,0
637,HD Supply,2019-01-01,Truck Driver - CDL,0,Logistics & Warehouse Jobs,0,0,0,0,0,0,0,0,0,0,0,0,0,0,1,0,0,0,0,0,0,0,0,0,0,0,0,0
638,Crown Dodge Chrysler Jeep Ram,2019-01-01,Car Sales Representative $100k plus,0,Sales Jobs,0,0,0,0,0,0,0,0,0,0,0,0,0,0,0,0,0,0,0,0,0,1,0,0,0,0,0,0
639,Dupure,2019-01-01,Appointment Setter/ Lead Generator- Weekends,0,Sales Jobs,0,0,0,0,0,0,0,0,0,0,0,0,0,0,0,0,0,0,0,0,0,1,0,0,0,0,0,0
640,Talon Consulting,2019-01-01,Order Processing Specialist(Oxnard),0,Logistics & Warehouse Jobs,0,0,0,0,0,0,0,0,0,0,0,0,0,0,1,0,0,0,0,0,0,0,0,0,0,0,0,0
641,Verizon   Wireless Plus,2019-01-01,Wireles Consultant,0,Retail Jobs,0,0,0,0,0,0,0,0,0,0,0,0,0,0,0,0,0,0,0,0,1,0,0,0,0,0,0,0
642,Sunrun,2019-01-01,Foreman,0,Unknown,0,0,0,0,0,0,0,0,0,0,0,0,0,0,0,0,0,0,0,0,0,0,0,0,0,0,0,1
643,PeopleReady,2019-01-01,Staffing Specialist,0,Customer Services Jobs,0,0,0,0,0,1,0,0,0,0,0,0,0,0,0,0,0,0,0,0,0,0,0,0,0,0,0,0
644,Colburn Financial   Clark Agency,2019-01-01,Sales Representative,0,Sales Jobs,0,0,0,0,0,0,0,0,0,0,0,0,0,0,0,0,0,0,0,0,0,1,0,0,0,0,0,0
645,Maxim Healthcare Services,2019-01-01,LPN/LVN,0,Unknown,0,0,0,0,0,0,0,0,0,0,0,0,0,0,0,0,0,0,0,0,0,0,0,0,0,0,0,1
646,H&R Block,2019-01-01,First Year Tax Professional,0,Retail Jobs,0,0,0,0,0,0,0,0,0,0,0,0,0,0,0,0,0,0,0,0,1,0,0,0,0,0,0,0
647,CRST Expedited,2019-01-01,Class A CDL Truck Driver Recent Graduates,0,Logistics & Warehouse Jobs,0,0,0,0,0,0,0,0,0,0,0,0,0,0,1,0,0,0,0,0,0,0,0,0,0,0,0,0
648,CRST Expedited,2019-01-01,Recent CDL-A Grad Truck Drivers,0,Logistics & Warehouse Jobs,0,0,0,0,0,0,0,0,0,0,0,0,0,0,1,0,0,0,0,0,0,0,0,0,0,0,0,0
649,Red Robin Team Members,2019-01-01,Front of House Team Members - Ventura,0,Hospitality & Catering Jobs,0,0,0,0,0,0,0,0,0,0,0,1,0,0,0,0,0,0,0,0,0,0,0,0,0,0,0,0
650,HD Supply Support Services,2019-01-01,Cashier,0,Accounting & Finance Jobs,1,0,0,0,0,0,0,0,0,0,0,0,0,0,0,0,0,0,0,0,0,0,0,0,0,0,0,0
651,Interwest Consulting Group,2019-01-01,Building Plans Examiner,0,Unknown,0,0,0,0,0,0,0,0,0,0,0,0,0,0,0,0,0,0,0,0,0,0,0,0,0,0,0,1
652,Luxottica Group,2019-01-01,Sunglass Hut - Sales Associate,0,Sales Jobs,0,0,0,0,0,0,0,0,0,0,0,0,0,0,0,0,0,0,0,0,0,1,0,0,0,0,0,0
653,HD Supply Support Services,2019-01-01,Floor Sales,0,Sales Jobs,0,0,0,0,0,0,0,0,0,0,0,0,0,0,0,0,0,0,0,0,0,1,0,0,0,0,0,0
654,American Cancer Society,2019-01-01,"Health Systems Manager, Hospitals - Account Management",0,Unknown,0,0,0,0,0,0,0,0,0,0,0,0,0,0,0,0,0,0,0,0,0,0,0,0,0,0,0,1
655,C.R. England,2019-01-01,Flatbed CDL-A Dedicated Truck Drivers - Better Pay,0,Travel Jobs,0,0,0,0,0,0,0,0,0,0,0,0,0,0,0,0,0,0,0,0,0,0,0,0,0,0,1,0
656,Kaiser Permanente,2019-01-01,Registered Nurse,0,Unknown,0,0,0,0,0,0,0,0,0,0,0,0,0,0,0,0,0,0,0,0,0,0,0,0,0,0,0,1
657,Easterseals Southern California,2019-01-01,Preschool Teacher I HIRING BONUS,0,Unknown,0,0,0,0,0,0,0,0,0,0,0,0,0,0,0,0,0,0,0,0,0,0,0,0,0,0,0,1
658,Allied Universal Security,2019-01-01,Armed Executive Protection Officer - Must have CCW,0,Other/General Jobs,0,0,0,0,0,0,0,0,0,0,0,0,0,0,0,0,0,1,0,0,0,0,0,0,0,0,0,0
659,Universal Services of America,2019-01-01,Allied Universal Security Site Supervisor,0,Other/General Jobs,0,0,0,0,0,0,0,0,0,0,0,0,0,0,0,0,0,1,0,0,0,0,0,0,0,0,0,0
660,Robert Half Technology,2019-01-01,Network Administrator,0,IT Jobs,0,0,0,0,0,0,0,0,0,0,0,0,1,0,0,0,0,0,0,0,0,0,0,0,0,0,0,0
661,Universal Services of America,2019-01-01,"Security Officers - $1,000 Hiring Bonus - Ventura County",0,Other/General Jobs,0,0,0,0,0,0,0,0,0,0,0,0,0,0,0,0,0,1,0,0,0,0,0,0,0,0,0,0
662,Allied Universal Security,2019-01-01,Allied Universal Site Supervisor - $16.00/Hr. Santa Barbara/Goleta w/Experience,0,Other/General Jobs,0,0,0,0,0,0,0,0,0,0,0,0,0,0,0,0,0,1,0,0,0,0,0,0,0,0,0,0
663,Ardwin Freight,2019-01-01,Duenos Operadores,0,Logistics & Warehouse Jobs,0,0,0,0,0,0,0,0,0,0,0,0,0,0,1,0,0,0,0,0,0,0,0,0,0,0,0,0
664,Ashley Farrell Landscape Design,2019-01-01,Construction Estimator,0,Trade & Construction Jobs,0,0,0,0,0,0,0,0,0,0,0,0,0,0,0,0,0,0,0,0,0,0,0,0,0,1,0,0
665,South Valley Hospice,2019-01-01,Hospice MSW,0,Healthcare & Nursing Jobs,0,0,0,0,0,0,0,0,0,0,1,0,0,0,0,0,0,0,0,0,0,0,0,0,0,0,0,0
666,99 Cents Only Stores,2019-01-01,Store Manager,0,Retail Jobs,0,0,0,0,0,0,0,0,0,0,0,0,0,0,0,0,0,0,0,0,1,0,0,0,0,0,0,0
667,Verizon,2019-01-01,Retail Sales Representative,0,Retail Jobs,0,0,0,0,0,0,0,0,0,0,0,0,0,0,0,0,0,0,0,0,1,0,0,0,0,0,0,0
668,CyberCoders,2019-01-01,Clinical Laboratory Scientist,0,IT Jobs,0,0,0,0,0,0,0,0,0,0,0,0,1,0,0,0,0,0,0,0,0,0,0,0,0,0,0,0
669,WML Morris Chevrolet,2019-01-01,Automotive Sales Consultant,0,Engineering Jobs,0,0,0,0,0,0,0,0,1,0,0,0,0,0,0,0,0,0,0,0,0,0,0,0,0,0,0,0
670,XenonFS LLC,2019-01-01,FCL Drayage Customer Service and Dispatch Representative,0,Logistics & Warehouse Jobs,0,0,0,0,0,0,0,0,0,0,0,0,0,0,1,0,0,0,0,0,0,0,0,0,0,0,0,0
671,SIGNARAMA VENTURA,2019-01-01,Production Manager-Sign Maker Installer,0,Trade & Construction Jobs,0,0,0,0,0,0,0,0,0,0,0,0,0,0,0,0,0,0,0,0,0,0,0,0,0,1,0,0
672,"Retail Sales Link, Inc",2019-01-01,Operations / Warehouse Supervisor,0,IT Jobs,0,0,0,0,0,0,0,0,0,0,0,0,1,0,0,0,0,0,0,0,0,0,0,0,0,0,0,0
673,"Seed Beauty, parent company to Colourpop Cosmetics",2019-01-01,CONTROLLER FOR A FAST GROWING COSMETIC COMPANY,0,IT Jobs,0,0,0,0,0,0,0,0,0,0,0,0,1,0,0,0,0,0,0,0,0,0,0,0,0,0,0,0
674,H&R Block,2019-01-01,Receptionist,0,Retail Jobs,0,0,0,0,0,0,0,0,0,0,0,0,0,0,0,0,0,0,0,0,1,0,0,0,0,0,0,0
675,Ross Dress for Less,2019-01-01,"Specialist, Store Protection",0,Retail Jobs,0,0,0,0,0,0,0,0,0,0,0,0,0,0,0,0,0,0,0,0,1,0,0,0,0,0,0,0
676,H&R Block,2019-01-01,Tax Professional,0,Retail Jobs,0,0,0,0,0,0,0,0,0,0,0,0,0,0,0,0,0,0,0,0,1,0,0,0,0,0,0,0
678,Care.com,2019-01-01,Babysitter Needed For Two Children In Ventura,0,Social work Jobs,0,0,0,0,0,0,0,0,0,0,0,0,0,0,0,0,0,0,0,0,0,0,0,1,0,0,0,0
680,Care.com,2019-01-01,Reliable / Caring / Creative Nanny,0,Social work Jobs,0,0,0,0,0,0,0,0,0,0,0,0,0,0,0,0,0,0,0,0,0,0,0,1,0,0,0,0
682,Care.com,2019-01-01,Nanny Needed For 2 Children In Ventura,0,Social work Jobs,0,0,0,0,0,0,0,0,0,0,0,0,0,0,0,0,0,0,0,0,0,0,0,1,0,0,0,0
683,MedPro Healthcare Staffing,2019-01-01,Travel Nurse (RN) - 13 week contract,0,Healthcare & Nursing Jobs,0,0,0,0,0,0,0,0,0,0,1,0,0,0,0,0,0,0,0,0,0,0,0,0,0,0,0,0
684,Ensign Therapy,2019-01-01,Physical Therapist,0,Healthcare & Nursing Jobs,0,0,0,0,0,0,0,0,0,0,1,0,0,0,0,0,0,0,0,0,0,0,0,0,0,0,0,0
685,"T Mobile USA, Inc.",2019-01-01,"Mobile Associate, Bilingual Spanish",0,Unknown,0,0,0,0,0,0,0,0,0,0,0,0,0,0,0,0,0,0,0,0,0,0,0,0,0,0,0,1
686,HD Supply,2019-01-01,Cashier,0,Retail Jobs,0,0,0,0,0,0,0,0,0,0,0,0,0,0,0,0,0,0,0,0,1,0,0,0,0,0,0,0
687,AdvantagePlusCaregivers,2019-01-01,Home Care Aide/Caregiver,0,Healthcare & Nursing Jobs,0,0,0,0,0,0,0,0,0,0,1,0,0,0,0,0,0,0,0,0,0,0,0,0,0,0,0,0
688,Pacific Dental Services,2019-01-01,Treatment Coordinator,0,Unknown,0,0,0,0,0,0,0,0,0,0,0,0,0,0,0,0,0,0,0,0,0,0,0,0,0,0,0,1
690,Crown Equipment,2019-01-01,Cust Service Sales Rep Branch,0,Unknown,0,0,0,0,0,0,0,0,0,0,0,0,0,0,0,0,0,0,0,0,0,0,0,0,0,0,0,1
691,Fox Fine Jewelry,2019-01-01,Fine Jewelry Consultant,0,Unknown,0,0,0,0,0,0,0,0,0,0,0,0,0,0,0,0,0,0,0,0,0,0,0,0,0,0,0,1
692,Mission Healthcare Services Inc,2019-01-01,Registered Nurse,0,Unknown,0,0,0,0,0,0,0,0,0,0,0,0,0,0,0,0,0,0,0,0,0,0,0,0,0,0,0,1
693,Mission Healthcare Services Inc,2019-01-01,Speech Language Pathologist,0,Unknown,0,0,0,0,0,0,0,0,0,0,0,0,0,0,0,0,0,0,0,0,0,0,0,0,0,0,0,1
694,Mission Healthcare Services Inc,2019-01-01,Behavioral Health Nurse,0,Unknown,0,0,0,0,0,0,0,0,0,0,0,0,0,0,0,0,0,0,0,0,0,0,0,0,0,0,0,1
696,Mission Healthcare Services Inc,2019-01-01,Physical Therapist,0,Unknown,0,0,0,0,0,0,0,0,0,0,0,0,0,0,0,0,0,0,0,0,0,0,0,0,0,0,0,1
699,SAS Retail Services,2019-01-01,"Retail Merchandiser. Mon - Fri, with PT Benefits. Hours vary",0,Retail Jobs,0,0,0,0,0,0,0,0,0,0,0,0,0,0,0,0,0,0,0,0,1,0,0,0,0,0,0,0
