,company,created_date,title,salary,sector
0,Taylor Harmon Search Group,2017-12-06,Commercial Lines Account Manager,0,Unknown
1,DELL,2018-03-07,Consultant,0,Graduate Jobs
2,"NBCUniversal, Inc.",2018-03-08,Golfer Care Specialist,0,"PR, Advertising & Marketing Jobs"
3,DELL,2018-03-18,"Federal - Business Development - McLean, VA (Remote: FL)",0,Unknown
4,Cox Media Group,2018-07-24,General Sales Manager,0,"PR, Advertising & Marketing Jobs"
5,Hearst Television,2018-08-09,Sales Account Associate - Entry Level,0,"PR, Advertising & Marketing Jobs"
6,Dell,2018-08-22,DevOps Site Reliability Engineer,0,Engineering Jobs
7,Cox Media Group,2018-08-28,Reporter,0,"PR, Advertising & Marketing Jobs"
8,Hearst Television,2018-08-30,Account Executive,0,"PR, Advertising & Marketing Jobs"
9,"NBCUniversal, Inc.",2018-09-06,Field Producer,0,"PR, Advertising & Marketing Jobs"
10,Boca Raton Regional Hospital,2018-09-07,Medical Technologist - Charge - SIGN ON BONUS,0,Unknown
11,Boca Raton Regional Hospital,2018-09-07,Neuro Physical Therapist - SIGNING BONUS,0,Unknown
12,Hearst Television,2018-09-09,Street Team Ambassador,0,"PR, Advertising & Marketing Jobs"
13,DELL,2018-09-14,Sr Advisor (I8) Service Delivery of Pivotal Cloud Foundry (PCF),0,Graduate Jobs
14,DELL,2018-09-18,"Account Executive 3, Business Development - Sales - Washington, DC, Virginia (Remote)",0,Sales Jobs
15,Cox Media Group,2018-09-23,General Sales Manager,0,"PR, Advertising & Marketing Jobs"
16,"NBCUniversal, Inc.",2018-09-26,"Vice President, Entertainment Publicity",0,"PR, Advertising & Marketing Jobs"
17,National Health Partners,2018-09-28,Jacksonville Florida seeking experienced Hospitalists,0,Healthcare & Nursing Jobs
18,"Hayman Daugherty Associates, Inc",2018-09-28,Emergency Medicine Physician Job Florida,0,Healthcare & Nursing Jobs
19,"Hayman Daugherty Associates, Inc",2018-09-28,ObGyn Physician Job Florida,0,Healthcare & Nursing Jobs
20,SourceMD,2018-09-28,Internal Medicine Opportunity- Near Tampa,0,Healthcare & Nursing Jobs
22,"Hayman Daugherty Associates, Inc",2018-09-28,Earn extra income as a Locums ER physician in Northern Florida.,0,Healthcare & Nursing Jobs
25,"Hayman Daugherty Associates, Inc",2018-09-28,Gastro needed in Palm Beach County,0,Healthcare & Nursing Jobs
28,"Hayman Daugherty Associates, Inc",2018-09-28,Internal Medicine Physician Job Florida,0,Healthcare & Nursing Jobs
29,"Hayman Daugherty Associates, Inc",2018-09-28,Neurology Physician Job Florida,0,Healthcare & Nursing Jobs
34,National Health Partners,2018-09-28,Established Hospitalist group,0,Healthcare & Nursing Jobs
35,National Health Partners,2018-09-28,SEEKING HOSPITALIST (DAYS) FOR WEST COAST OF FL,0,Healthcare & Nursing Jobs
36,National Health Partners,2018-09-28,Hospitalist Opportunity – Coastal Florida,0,Healthcare & Nursing Jobs
37,National Health Partners,2018-09-28,"7 on / 7 off Hospitalist Opportunity One Hour from Orlando, FL",0,Healthcare & Nursing Jobs
38,FCSpsy,2018-09-28,Psychiatrist for Adults,0,Healthcare & Nursing Jobs
39,National Health Partners,2018-09-28,"Fort Myers, Florida",0,Healthcare & Nursing Jobs
40,National Health Partners,2018-09-28,Internal Medicine Practice – South Florida,0,Healthcare & Nursing Jobs
42,SourceMD,2018-09-28,Urology Opportunity- Near Tampa,0,Healthcare & Nursing Jobs
43,National Health Partners,2018-09-28,"Fort Myers, Florida Hospitalist",0,Healthcare & Nursing Jobs
44,"Hayman Daugherty Associates, Inc",2018-09-28,Hospitalist Physician Job Florida,0,Healthcare & Nursing Jobs
46,"Hayman Daugherty Associates, Inc",2018-09-28,Gastroenterology Physician Job Florida,0,Healthcare & Nursing Jobs
51,"Hayman Daugherty Associates, Inc",2018-09-28,EM LOCUMS NEED IN FLORIDA,0,Healthcare & Nursing Jobs
52,"Hayman Daugherty Associates, Inc",2018-09-28,Child Psych practice in Metro area,0,Healthcare & Nursing Jobs
54,"Hayman Daugherty Associates, Inc",2018-09-28,Outpatient Adult Psych Oepning,0,Healthcare & Nursing Jobs
55,"Hayman Daugherty Associates, Inc",2018-09-28,Inpatient Psych Opening in Florida,0,Healthcare & Nursing Jobs
56,National Health Partners,2018-09-28,SEEKING HOSPITALIST FOR THE FLORIDA PANHANDLE,0,Healthcare & Nursing Jobs
57,"Hayman Daugherty Associates, Inc",2018-09-28,New Ob/Gyn Opportunity in North Miami,0,Healthcare & Nursing Jobs
58,National Health Partners,2018-09-28,"Internal Medicine Hospitalist opportunity in Palm Beach County, Florida",0,Healthcare & Nursing Jobs
59,National Health Partners,2018-09-28,"Primary Care Physician needed for South Palm Beach, Florida",0,Healthcare & Nursing Jobs
60,NHR,2018-09-28,"Pediatrician needed near Jacksonville, FL",0,Healthcare & Nursing Jobs
61,SourceMD,2018-09-28,Neurohospitalist Opportunity- Miami area,0,Healthcare & Nursing Jobs
62,SourceMD,2018-09-28,Neurology Opportunity- Coastal FL,0,Healthcare & Nursing Jobs
63,SourceMD,2018-09-28,Hospitalist Opportunity- Near Tampa,0,Healthcare & Nursing Jobs
64,SourceMD,2018-09-28,IM opportunity- Orlando area,0,Healthcare & Nursing Jobs
66,SourceMD,2018-09-28,Psychiatric Hospitalist- Coastal Florida,0,Healthcare & Nursing Jobs
67,SourceMD,2018-09-28,"Hospitalist Opportunity- Miami, Florida area",0,Healthcare & Nursing Jobs
68,NHR,2018-09-28,NeuroHospitalist need near Orlando,0,Healthcare & Nursing Jobs
69,"DOCTORS CHOICE PLACEMENT SERVICES, INC.",2018-09-28,"Urology position between Tampa & Orlando, FL",0,Healthcare & Nursing Jobs
70,"Hayman Daugherty Associates, Inc",2018-09-28,Urgent Care in Coastal Florida,0,Healthcare & Nursing Jobs
71,"DOCTORS CHOICE PLACEMENT SERVICES, INC.",2018-09-28,OB/GYN Opportunity In South Central Florida,0,Healthcare & Nursing Jobs
72,National Health Partners,2018-09-28,OUTPATIENT OPPORTUNITY IN SOUTH FLORIDA,0,Healthcare & Nursing Jobs
73,"Necnic Group, LLC",2018-09-28,Psychiatry Opportunity in Florida,0,Healthcare & Nursing Jobs
74,"Necnic Group, LLC",2018-09-28,Internal Medicine Opportunity in Florida,0,Healthcare & Nursing Jobs
75,"Hayman Daugherty Associates, Inc",2018-09-28,Lucrative Neurology Practice in Northern Florida,0,Healthcare & Nursing Jobs
76,NHR,2018-09-28,"Internal Medicine Physician needed near Jacksonville, FL.",0,Healthcare & Nursing Jobs
77,NHR,2018-09-28,"Neurohospitalist needed in Metro Southeast Florida, in Ft. Lauderdale suburbs.",0,Healthcare & Nursing Jobs
78,NHR,2018-09-28,Pediatrician needed in Central FL,0,Healthcare & Nursing Jobs
79,NHR,2018-09-28,Florida's East Coast needs an Urgent Care physician - 90 hr plus benefits and bonus (Ormond Beach area),0,Healthcare & Nursing Jobs
80,Continuum Medical Staffing,2018-09-28,Psychiatrist Near Vero Beach FL,0,Healthcare & Nursing Jobs
81,NHR,2018-09-28,Urgent Care & OutPatient Family Medicine Opportunity throughout Florida,0,Healthcare & Nursing Jobs
82,NHR,2018-09-28,"Internal Medicine Physician needed near Tampa, FL (Outpatient only)",0,Healthcare & Nursing Jobs
83,"DOCTORS CHOICE PLACEMENT SERVICES, INC.",2018-09-28,"Hospitalist Needed In Metro St. Petersburg, Florida - Great Compensation",0,Healthcare & Nursing Jobs
84,"DOCTORS CHOICE PLACEMENT SERVICES, INC.",2018-09-28,Pediatrics (OUTPATIENT) Position in North Central FL near Gainesville,0,Healthcare & Nursing Jobs
85,National Health Partners,2018-09-28,South Florida seeking Hospitalist,0,Healthcare & Nursing Jobs
86,NHR,2018-09-28,"Gastroenterology Physician needed near Tampa, FL",0,Healthcare & Nursing Jobs
87,"DOCTORS CHOICE PLACEMENT SERVICES, INC.",2018-09-28,"Urology - Live and work near the Emerald Coast Destin, FW Beach area",0,Healthcare & Nursing Jobs
88,TeedCo. Healthcare Recruiting,2018-09-28,Emergency Medicine Community and Academic in Florida,0,Healthcare & Nursing Jobs
89,"DOCTORS CHOICE PLACEMENT SERVICES, INC.",2018-09-28,Urology Opportunity In South Florida,0,Healthcare & Nursing Jobs
90,Integrity Healthcare,2018-09-28,Employed Internal Medicine Position in Central Florida,0,Healthcare & Nursing Jobs
91,National Health Partners,2018-09-28,PRIMARY CARE OPPORTUNITY IN N MIAMI: OUTPATIENT ONLY:,0,Healthcare & Nursing Jobs
92,Medical Search International,2018-09-28,"Permanent Needs- Urgent Care- Vero Beach, Florida",0,Healthcare & Nursing Jobs
93,NHR,2018-09-28,Beautiful SW Coastal Florida - adding hospitalists to the team,0,Healthcare & Nursing Jobs
94,NHR,2018-09-28,Exquisite SW Coastal FL is seeking Primary Care(FP or IM)- physicians who have a heart for underserved and uninsured patients,0,Healthcare & Nursing Jobs
95,"DOCTORS CHOICE PLACEMENT SERVICES, INC.",2018-09-28,Pediatrics Opportunity - Outpatient only - North Florida/University Town,0,Healthcare & Nursing Jobs
96,National Health Partners,2018-09-28,South Florida Urgent Care,0,Healthcare & Nursing Jobs
97,"Hayman Daugherty Associates, Inc",2018-09-28,General GI practice in Eastern Florida,0,Healthcare & Nursing Jobs
98,FCSpsy,2018-09-28,Psychiatrist,0,Healthcare & Nursing Jobs
99,Continuum Medical Staffing,2018-09-28,Neuroogy Rockledge FL,0,Healthcare & Nursing Jobs
100,"DOCTORS CHOICE PLACEMENT SERVICES, INC.",2018-09-28,Southeast Florida OB/GYN Practice Opportunity,0,Healthcare & Nursing Jobs
101,Continuum Medical Staffing,2018-09-28,Internal medicine Out Patient,0,Healthcare & Nursing Jobs
102,"DOCTORS CHOICE PLACEMENT SERVICES, INC.",2018-09-28,Primary Care/Bariatrician Needed to Join Center of Excellence on the East Coast of Florida,0,Healthcare & Nursing Jobs
103,Goldfish Medical Staffing,2018-09-28,Seeking an Internal Medicine physician to join established practice on the Gulf Coast of Florida (5970 PH),0,Healthcare & Nursing Jobs
105,"DOCTORS CHOICE PLACEMENT SERVICES, INC.",2018-09-28,URGENT CARE Physicians Needed - East Coast of Florida/Great Location,0,Healthcare & Nursing Jobs
106,"DOCTORS CHOICE PLACEMENT SERVICES, INC.",2018-09-28,Hospitalist Opportunity - East Coast Florida,0,Healthcare & Nursing Jobs
107,"Necnic Group, LLC",2018-09-28,Neurology Need in Florida,0,Healthcare & Nursing Jobs
109,"DOCTORS CHOICE PLACEMENT SERVICES, INC.",2018-09-28,New Psychiatry (Outpatient) Opportunity in Metro Southeast Florida (Miami/Ft. Lauderdale),0,Healthcare & Nursing Jobs
110,Continuum Medical Staffing,2018-09-28,Hospitalist St Petersburg Florida,0,Healthcare & Nursing Jobs
111,"DOCTORS CHOICE PLACEMENT SERVICES, INC.",2018-09-28,OB/GYN Opportunity in Northern Florida,0,Healthcare & Nursing Jobs
112,Enterprise Medical Recruiting,2018-09-28,Psychiatric Program Director in Orlando,0,Healthcare & Nursing Jobs
113,NHR,2018-09-28,METRO TENNESSEE MOVEMENT AND GENERAL NEUROLOGY OPPORTUNITIES,0,Healthcare & Nursing Jobs
114,Integrity Healthcare,2018-09-28,Outpatient or Traditional Internist Needed on Florida Panhandle Coast,0,Healthcare & Nursing Jobs
115,Continuum Medical Staffing,2018-09-28,Locum Emergency medicine,0,Healthcare & Nursing Jobs
116,Integrity Healthcare,2018-09-28,BE/BC Gastroenterologist Physician Position in Beautiful South Florida,0,Healthcare & Nursing Jobs
117,Healthcare Recruitment Counselors,2018-09-28,Family/Internal medicine or GP Physician Sun City Florida,0,Healthcare & Nursing Jobs
118,NHR,2018-09-28,Ob/Gyn Need for Atlanta Suburb,0,Healthcare & Nursing Jobs
119,Continuum Medical Staffing,2018-09-28,Hospitalist Naples Florida,0,Healthcare & Nursing Jobs
120,Continuum Medical Staffing,2018-09-28,Internal Medicine,0,Healthcare & Nursing Jobs
121,"Priority Physicians, Inc.",2018-09-28,"New Florida Neurology job w/ Epilepsy, Headache, or MS",0,Healthcare & Nursing Jobs
122,FCSpsy,2018-09-28,Psychiatrists,0,Healthcare & Nursing Jobs
123,NHR,2018-09-28,Beautiful SW Coastal Florida needs a Neurologist - 100% Outpatient,0,Healthcare & Nursing Jobs
124,Physician Providers Mgmt. Corp.,2018-09-28,Physician (Adult-Psych) and ARNP positions available on the East Coast of FL.,0,Healthcare & Nursing Jobs
125,National Health Partners,2018-09-28,Southwest Florida Hospitalist opening,0,Healthcare & Nursing Jobs
126,National Health Partners,2018-09-28,Key West Florida seeking Pediatrician,0,Healthcare & Nursing Jobs
127,National Health Partners,2018-09-28,FAMILY PRACTICE and INTERNAL MEDICINE PHYSICIANS NEEDED,0,Healthcare & Nursing Jobs
128,"Priority Physicians, Inc.",2018-09-28,Florida position for Neurologist w/ sub-specialty training,0,Healthcare & Nursing Jobs
129,NHR,2018-09-28,Coastal SW Coastal FL needs Gastroenterology Physicians,0,Healthcare & Nursing Jobs
130,National Health Partners,2018-09-28,"New Hospitalist Opportunities - Jacksonville, Florida",0,Healthcare & Nursing Jobs
131,Medical Search International,2018-09-28,IMMEDIATE NEED: Family Practice and/or Internal Medicine Positions on the Gulf Coast,0,Healthcare & Nursing Jobs
132,National Health Partners,2018-09-28,Coastal Florida seeking Primary Care Physicians,0,Healthcare & Nursing Jobs
133,Enterprise Medical Recruiting,2018-09-28,OB-GYN sought for the West Palm Beach area,0,Healthcare & Nursing Jobs
136,"DOCTORS CHOICE PLACEMENT SERVICES, INC.",2018-09-28,West Coast FL Urology Opportunity,0,Healthcare & Nursing Jobs
137,"DOCTORS CHOICE PLACEMENT SERVICES, INC.",2018-09-28,Internal Medicine (Outpatient) Opportunity in Northern Florida (Near St. Augustine),0,Healthcare & Nursing Jobs
138,Alpha Medical Group,2018-09-28,Outpatient practice with no call responsibilities.,0,Healthcare & Nursing Jobs
142,"DOCTORS CHOICE PLACEMENT SERVICES, INC.",2018-09-28,Outpatient Primary Care Opportunities (4) - Florida Panhandle - Great Location,0,Healthcare & Nursing Jobs
152,"DOCTORS CHOICE PLACEMENT SERVICES, INC.",2018-09-28,GI positions - central east coast Florida,0,Healthcare & Nursing Jobs
153,Enterprise Medical Recruiting,2018-09-28,"Tampa Bay, FL FM/IM Needs",0,Healthcare & Nursing Jobs
154,Goldfish Medical Staffing,2018-09-28,Coastal Florida GI Opportunity (9956 LM),0,Healthcare & Nursing Jobs
155,Continuum Medical Staffing,2018-09-28,Gastroenterologist,0,Healthcare & Nursing Jobs
157,National Health Partners,2018-09-28,"Hospitalist Needed – 35 minutes of Orlando, Florida",0,Healthcare & Nursing Jobs
158,"Hayman Daugherty Associates, Inc",2018-09-28,Coastal Southern Florida Gastroenterology,0,Healthcare & Nursing Jobs
159,"Hayman Daugherty Associates, Inc",2018-09-28,South Florida Gastroenterology Physician,0,Healthcare & Nursing Jobs
160,National Health Partners,2018-09-28,Florida seeking Emergency Medicine Physician,0,Healthcare & Nursing Jobs
161,FCSpsy,2018-09-28,General Psychiatrist,0,Healthcare & Nursing Jobs
162,National Health Partners,2018-09-28,Florida Urgent Care Openings on the Coast,0,Healthcare & Nursing Jobs
163,SourceMD,2018-09-28,OBGYN Opportunity- Coastal FL,0,Healthcare & Nursing Jobs
164,SourceMD,2018-09-28,Gastroenterology Opportunity- Coastal FL,0,Healthcare & Nursing Jobs
165,SourceMD,2018-09-28,"OBGYN Opportunity- Jacksonville, FL area",0,Healthcare & Nursing Jobs
166,"DOCTORS CHOICE PLACEMENT SERVICES, INC.",2018-09-28,Pediatrics Opportunities on Florida's East Coast,0,Healthcare & Nursing Jobs
167,TeedCo. Healthcare Recruiting,2018-09-28,Internal Medicine Close to Tampa and Orlando,0,Healthcare & Nursing Jobs
168,SourceMD,2018-09-28,Neuology Opportunity- Metro area FL,0,Healthcare & Nursing Jobs
170,SourceMD,2018-09-28,Neurology Opportunity- Near Tampa,0,Healthcare & Nursing Jobs
171,SourceMD,2018-09-28,Internal Medicine Opportunity- near Tampa,0,Healthcare & Nursing Jobs
172,SourceMD,2018-09-28,ER opportunity- Florida,0,Healthcare & Nursing Jobs
173,Enterprise Medical Recruiting,2018-09-28,Fantastic Emergency Medicine Physician Opportunity,0,Healthcare & Nursing Jobs
174,Samuel Contract Staffing,2018-09-28,"We need a Physician part time in Miami, FL",0,Healthcare & Nursing Jobs
175,SourceMD,2018-09-28,"IM opportunity- East Coast, FL",0,Healthcare & Nursing Jobs
176,SourceMD,2018-09-28,"Neurology Opportunity- East Coast, FL",0,Healthcare & Nursing Jobs
177,SourceMD,2018-09-28,Hospitalist Opportunity- Coastal Florida,0,Healthcare & Nursing Jobs
178,Samuel Contract Staffing,2018-09-28,Part-Time Medical Director,0,Healthcare & Nursing Jobs
184,Continuum Medical Staffing,2018-09-28,OB GYN Gainesville FL,0,Healthcare & Nursing Jobs
185,Universal Health Services,2018-09-28,Physician - Obstetrics and Gynecology - Gulf Coast FL,0,Healthcare & Nursing Jobs
188,"DOCTORS CHOICE PLACEMENT SERVICES, INC.",2018-09-28,East Coast Florida Group looking for a Neurologist with Musculoskeletal focus,0,Healthcare & Nursing Jobs
198,Enterprise Medical Recruiting,2018-09-28,"Tallahassee, Florida - Interviewing Psychiatrists",0,Healthcare & Nursing Jobs
199,NHR,2018-09-28,East Coast FL Fast Track/Urgent Care Need,0,Healthcare & Nursing Jobs
200,"MD Staff Pointe, LLC",2018-09-28,Permanent Neurology Opportunity in Florida,0,Healthcare & Nursing Jobs
201,Integrity Healthcare,2018-09-28,Outpatient Pediatrics - Coastal Florida Panhandle,0,Healthcare & Nursing Jobs
202,Continuum Medical Staffing,2018-09-28,Psychiatrist Medical Direcor Jacksonville Florida,0,Healthcare & Nursing Jobs
203,Quest Healthcare Solutions,2018-09-28,FL Hospitalist Coverage Needed,0,Healthcare & Nursing Jobs
204,National Health Partners,2018-09-28,"General Psychiatrist Needed – Orlando, Florida",0,Healthcare & Nursing Jobs
205,Integrity Healthcare,2018-09-28,"Internal Medicine Physician "" Central Florida - $25K sign on bonus - $220k productivity bonus",0,Healthcare & Nursing Jobs
206,"Hayman Daugherty Associates, Inc",2018-09-28,Urgent Care Physician Job Florida,0,Healthcare & Nursing Jobs
207,Enterprise Medical Recruiting,2018-09-28,Interviewing Urologist in central Florida,0,Healthcare & Nursing Jobs
209,Enterprise Medical Recruiting,2018-09-28,Outpatient Pediatric Practice on Beautiful Gulf Coast,0,Healthcare & Nursing Jobs
211,KPS Physician Staffing,2018-09-28,Primary Care Physician Needed in Prime Emerald coast Location,0,Healthcare & Nursing Jobs
213,Enterprise Medical Recruiting,2018-09-28,"FM, IM or Geriatrics needed in Jacksonville, FL",0,Healthcare & Nursing Jobs
214,Enterprise Medical Recruiting,2018-09-28,Central FL Group Adding OB/GYN Physician,0,Healthcare & Nursing Jobs
215,SourceMD,2018-09-28,OBGYN Opportunity- FL,0,Healthcare & Nursing Jobs
216,SourceMD,2018-09-28,Internal Medicine Opportunity-Coastal Florida,0,Healthcare & Nursing Jobs
217,Continuum Medical Staffing,2018-09-28,Gastroenterology in Kissimmee Florida,0,Healthcare & Nursing Jobs
218,SourceMD,2018-09-28,Gastroenterology Opportunity-Tampa area,0,Healthcare & Nursing Jobs
219,SourceMD,2018-09-28,OBGYN Opportunity- Southeast Florida,0,Healthcare & Nursing Jobs
220,SourceMD,2018-09-28,Addiction Psychiatry Opportunity-Southeast FL,0,Healthcare & Nursing Jobs
221,SourceMD,2018-09-28,Hospitalist Opportunities- FL,0,Healthcare & Nursing Jobs
222,SourceMD,2018-09-28,OBGYN Opportunity- Metro Area Florida,0,Healthcare & Nursing Jobs
223,Continuum Medical Staffing,2018-09-28,"Internal Medicine in St Cloud, FL",0,Healthcare & Nursing Jobs
224,SourceMD,2018-09-28,Gastroenterology- near Orlando area,0,Healthcare & Nursing Jobs
225,SourceMD,2018-09-28,Neurology Opportunity- Tampa/ St Pete area,0,Healthcare & Nursing Jobs
226,SourceMD,2018-09-28,Neurology Opportunity- Central Florida,0,Healthcare & Nursing Jobs
227,SourceMD,2018-09-28,Urology- near Tampa/ St Pete area,0,Healthcare & Nursing Jobs
229,National Health Partners,2018-09-28,"Brand New - Internal Medicine Opportunity Boca Raton, Florida",0,Healthcare & Nursing Jobs
230,National Health Partners,2018-09-28,Internal Medicine Opportunity,0,Healthcare & Nursing Jobs
231,National Health Partners,2018-09-28,Urgent Care position- Southern Georgia: 30 minutes from Tallahassee,0,Healthcare & Nursing Jobs
232,Physician Services,2018-09-28,OB/GYN West Palm Beach FLorida,0,Healthcare & Nursing Jobs
234,Enterprise Medical Recruiting,2018-09-28,"Outpatient Only Internist - Tampa, FL Area - No Call - $300K Potential",0,Healthcare & Nursing Jobs
237,"DOCTORS CHOICE PLACEMENT SERVICES, INC.",2018-09-28,"100% Outpatient Pediatrics Opportunity - Small Town near Gainesville & Jacksonville, FL",0,Healthcare & Nursing Jobs
238,Physician Providers Mgmt. Corp.,2018-09-28,Urologist wanted for Florida,0,Healthcare & Nursing Jobs
239,"DOCTORS CHOICE PLACEMENT SERVICES, INC.",2018-09-28,Primary Care Opportunities in Southeast Florida - Great Location,0,Healthcare & Nursing Jobs
243,National Health Partners,2018-09-28,South Florida seeking Primary Care Physician,0,Healthcare & Nursing Jobs
244,"Hayman Daugherty Associates, Inc",2018-09-28,Urology,0,Healthcare & Nursing Jobs
245,NHR,2018-09-28,"Hospitalist Physician needed near Tampa, FL",0,Healthcare & Nursing Jobs
246,"Hayman Daugherty Associates, Inc",2018-09-28,Internal Medicine,0,Healthcare & Nursing Jobs
247,"Hayman Daugherty Associates, Inc",2018-09-28,Northern Florida Hospitalist Locums Physician opening,0,Healthcare & Nursing Jobs
248,"Hayman Daugherty Associates, Inc",2018-09-28,Busy emergency department in a metro area of Florida,0,Healthcare & Nursing Jobs
249,"Hayman Daugherty Associates, Inc",2018-09-28,Orlando area need for a BC/BE emergency physician.,0,Healthcare & Nursing Jobs
250,National Health Partners,2018-09-28,New Ob/Gyn Job – South Florida,0,Healthcare & Nursing Jobs
251,"Necnic Group, LLC",2018-09-28,Hospitalist Opportunity in Florida,0,Healthcare & Nursing Jobs
252,"DOCTORS CHOICE PLACEMENT SERVICES, INC.",2018-09-28,GENERAL AND CHILD PSYCHIATRISTS NEEDED FOR OUTPATIENT PRACTICE - FLORIDA'S EAST COAST,0,Healthcare & Nursing Jobs
253,Physician Providers Mgmt. Corp.,2018-09-28,Many States & Towns / Many Specialties View All Opportunities,0,Healthcare & Nursing Jobs
254,National Health Partners,2018-09-28,"Internal Medicine Hospitalist opportunity in Broward County, Florida",0,Healthcare & Nursing Jobs
255,"Hayman Daugherty Associates, Inc",2018-09-28,Outpatient IM practice in Florida,0,Healthcare & Nursing Jobs
256,"Hayman Daugherty Associates, Inc",2018-09-28,Metro Florida Gastroenterology,0,Healthcare & Nursing Jobs
257,National Health Partners,2018-09-28,"Day Hospitalist Opportunity – 45 minutes from Orlando, Florida",0,Healthcare & Nursing Jobs
258,National Health Partners,2018-09-28,East Coast Florida seeking Primary Care Physicians,0,Healthcare & Nursing Jobs
259,National Health Partners,2018-09-28,"Sunny Florida - Near Pensacola, FL",0,Healthcare & Nursing Jobs
260,Enterprise Medical Recruiting,2018-09-28,"Miami FM, IM, Geriatrics, Spanish Speaking",0,Healthcare & Nursing Jobs
261,National Health Partners,2018-09-28,West Coast Florida seeking a Family or Internal Medicine Physician to work in an Acute Inpatient Psychiatric Unit.,0,Healthcare & Nursing Jobs
262,National Health Partners,2018-09-28,NEUROLOGIST – Southeast Florida,0,Healthcare & Nursing Jobs
263,SourceMD,2018-09-28,IM Opportunity- Coastal FL,0,Healthcare & Nursing Jobs
264,SourceMD,2018-09-28,Hospitalist Need - near Tampa/ St Pete area,0,Healthcare & Nursing Jobs
265,"The Stembridge Agency, LLC",2018-09-28,"Psychiatry Residency Program Director needed in Trinity, FL, near Tampa (SA197308)",0,Healthcare & Nursing Jobs
266,SourceMD,2018-09-28,Gastroenterology Opportunity- Southwest FL,0,Healthcare & Nursing Jobs
270,SourceMD,2018-09-28,Internal Medicine Opportunity- Southwest FL,0,Healthcare & Nursing Jobs
271,SourceMD,2018-09-28,Hospitalist Opportunity- Southwest FL,0,Healthcare & Nursing Jobs
272,National Health Partners,2018-09-28,"Psychiatry Program Director needed for Broward County, Florida",0,Healthcare & Nursing Jobs
274,"Hayman Daugherty Associates, Inc",2018-09-28,Outpatient Addiction Psychiatry Opening,0,Healthcare & Nursing Jobs
275,Enterprise Medical Recruiting,2018-09-28,"Traditional or Outpatient IM needs in Coastal Stuart, FL",0,Healthcare & Nursing Jobs
277,National Health Partners,2018-09-28,OUTPATIENT OPPORTUNITY IN FORT LAUDERDALE,0,Healthcare & Nursing Jobs
278,Enterprise Medical Recruiting,2018-09-28,"FM/IM need in Fort Walton Beach, FL",0,Healthcare & Nursing Jobs
279,National Health Partners,2018-09-28,Florida opportunities.,0,Healthcare & Nursing Jobs
280,Continuum Medical Staffing,2018-09-28,OB/GYN,0,Healthcare & Nursing Jobs
281,Enterprise Medical Recruiting,2018-09-28,"Ft. Myers, FL Area Outpatient Adult Medicine Primary Care Position",0,Healthcare & Nursing Jobs
283,Enterprise Medical Recruiting,2018-09-28,"Internal Medicine Physician opening in Melbourne, Florida",0,Healthcare & Nursing Jobs
284,"Hayman Daugherty Associates, Inc",2018-09-28,Psychiatry Program Director,0,Healthcare & Nursing Jobs
285,National Health Partners,2018-09-28,South Florida seeking Gastroenterologist,0,Healthcare & Nursing Jobs
286,"DOCTORS CHOICE PLACEMENT SERVICES, INC.",2018-09-28,New: Pediatrics Opportunity - East Coast Florida,0,Healthcare & Nursing Jobs
287,Enterprise Medical Recruiting,2018-09-28,Adding internist to this Outpatient only position in northern FL,0,Healthcare & Nursing Jobs
290,National Health Partners,2018-09-28,Seeking Neurologist in Southern Georgia: 30 minutes from Tallahassee,0,Healthcare & Nursing Jobs
291,Enterprise Medical Recruiting,2018-09-28,Central Florida Medical Center seeking another Urologist,0,Healthcare & Nursing Jobs
292,"Hayman Daugherty Associates, Inc",2018-09-28,3 IM Hospitalists Needed in Southwest Florida,0,Healthcare & Nursing Jobs
298,"Hayman Daugherty Associates, Inc",2018-09-28,Locums need in central Florida,0,Healthcare & Nursing Jobs
299,Enterprise Medical Recruiting,2018-09-28,"Tampa Bay, FL Area Outpatient Primary care Positions",0,Healthcare & Nursing Jobs
300,Enterprise Medical Recruiting,2018-09-28,"Tampa, FL Area Adult Medicine Primary Care Positions",0,Healthcare & Nursing Jobs
301,"Hayman Daugherty Associates, Inc",2018-09-28,Locums need in western Florida,0,Healthcare & Nursing Jobs
302,Enterprise Medical Recruiting,2018-09-28,South Central Florida Outpatient Adult Primary Care Position,0,Healthcare & Nursing Jobs
303,Enterprise Medical Recruiting,2018-09-28,"Three Urologists needed for new Urology practice in Tallahassee, FL",0,Healthcare & Nursing Jobs
305,"DOCTORS CHOICE PLACEMENT SERVICES, INC.",2018-09-28,New: Neurology Opportunity - East Coast Florida,0,Healthcare & Nursing Jobs
306,"DOCTORS CHOICE PLACEMENT SERVICES, INC.",2018-09-28,Gastroenterology Opportunity - East Coast Florida,0,Healthcare & Nursing Jobs
307,National Health Partners,2018-09-28,Neurology Position in Southwest Florida,0,Healthcare & Nursing Jobs
308,National Health Partners,2018-09-28,"Primary Care opportunity in Ft. Lauderdale, Florida",0,Healthcare & Nursing Jobs
309,Enterprise Medical Recruiting,2018-09-28,"Urologist for city between Panama City Beach and Tallahassee, $400k",0,Healthcare & Nursing Jobs
310,National Health Partners,2018-09-28,Coastal Southwest Florida,0,Healthcare & Nursing Jobs
311,Continuum Medical Staffing,2018-09-28,Neurologist- Florida West Coast,0,Healthcare & Nursing Jobs
312,Goldfish Medical Staffing,2018-09-28,OBGYN Opportunity in Florida (5864 PH),0,Healthcare & Nursing Jobs
313,"Hayman Daugherty Associates, Inc",2018-09-28,Lucrative Neurology Practice in Florida,0,Healthcare & Nursing Jobs
314,National Health Partners,2018-09-28,Florida West Coast: Internal Medicine Hospitalist opportunity,0,Healthcare & Nursing Jobs
315,National Health Partners,2018-09-28,"Internal Medicine Hospitalist opportunity in Miami-Dade County, Florida",0,Healthcare & Nursing Jobs
316,"DOCTORS CHOICE PLACEMENT SERVICES, INC.",2018-09-28,Medical Director Opportunity - Medicare Risk Adjustment HCC Review - Puerto Rico (Option to be Florida Based),0,Healthcare & Nursing Jobs
317,Weatherby Healthcare,2018-09-28,Gastroenterology in FL - Locums: Gastroenterologist Needed in Florida or Locum Tenens Coverage,0,Healthcare & Nursing Jobs
318,"Hayman Daugherty Associates, Inc",2018-09-28,Eastern Coastal Florida Gastroenterology,0,Healthcare & Nursing Jobs
319,"DOCTORS CHOICE PLACEMENT SERVICES, INC.",2018-09-28,New: Primary Care Opportunities here in Metro Southeast Florida,0,Healthcare & Nursing Jobs
320,National Health Partners,2018-09-28,South Florida seeking Nocturnist,0,Healthcare & Nursing Jobs
321,"Hayman Daugherty Associates, Inc",2018-09-28,Gastro Needed Coastal Metro Florida,0,Healthcare & Nursing Jobs
322,NHR,2018-09-28,Join a Stellar Naples Private Practice,0,Healthcare & Nursing Jobs
323,FCSpsy,2018-09-28,Two Adult Psychiatrist,0,Healthcare & Nursing Jobs
324,SourceMD,2018-09-28,Hospitalist Opportunity- Coastal FL,0,Healthcare & Nursing Jobs
325,NHR,2018-09-28,Coastal SW Florida in need of a high OB/GYN- (75% high risk OB and 25% GYN) Strong income potential,0,Healthcare & Nursing Jobs
326,KPS Physician Staffing,2018-09-28,"Gulf Coast Internal Medicine Partnership near Tampa, FL",0,Healthcare & Nursing Jobs
327,Physician Providers Mgmt. Corp.,2018-09-28,OBGYN opportunity in Florida,0,Healthcare & Nursing Jobs
328,SourceMD,2018-09-28,Internal Medicine Opportunity- East Coast FL,0,Healthcare & Nursing Jobs
329,SourceMD,2018-09-28,Pediatric Opportunity- Coastal Florida,0,Healthcare & Nursing Jobs
330,SourceMD,2018-09-28,Gastroenterology Opportunity- Southeast FL,0,Healthcare & Nursing Jobs
331,NHR,2018-09-28,Coastal SW Florida in need of a OB/GYN- Strong income potential,0,Healthcare & Nursing Jobs
332,Integrity Healthcare,2018-09-28,Haitian Creole-Speaking Internal Medicine - Florida Treasure Coast (Ft. Pierce),0,Healthcare & Nursing Jobs
334,National Health Partners,2018-09-28,"Brand New Hospitalist Needs – Orlando, Florida",0,Healthcare & Nursing Jobs
335,Continuum Medical Staffing,2018-09-28,Physician opportunity,0,Healthcare & Nursing Jobs
336,"Hayman Daugherty Associates, Inc",2018-09-28,Florida Neurology Opening with highly successful Multispecialty group,0,Healthcare & Nursing Jobs
337,Continuum Medical Staffing,2018-09-28,Psychiatrist,0,Healthcare & Nursing Jobs
338,Continuum Medical Staffing,2018-09-28,Internal Medicine- South East Florida,0,Healthcare & Nursing Jobs
339,"Necnic Group, LLC",2018-09-28,Urology Need in Florida,0,Healthcare & Nursing Jobs
340,Enterprise Medical Recruiting,2018-09-28,"Tampa, FL Outpatient Primary Care Position",0,Healthcare & Nursing Jobs
341,"DOCTORS CHOICE PLACEMENT SERVICES, INC.",2018-09-28,"Neurology - Join Established Practice In St. Petersburg, Florida",0,Healthcare & Nursing Jobs
342,KPS Physician Staffing,2018-09-28,Brand New ED Seeking Physician in Florida,0,Healthcare & Nursing Jobs
343,"DOCTORS CHOICE PLACEMENT SERVICES, INC.",2018-09-28,GI Opportunity - Florida Panhandle/Great Beach Location,0,Healthcare & Nursing Jobs
344,National Health Partners,2018-09-28,Treasure Coast Needs for Gastroenterologists,0,Healthcare & Nursing Jobs
345,Enterprise Medical Recruiting,2018-09-28,"Adding an Internist near Miami, Florida",0,Healthcare & Nursing Jobs
346,JenCare Senior Medical Centers,2018-09-28,Outpatient Internal Medicine Opportunity in Miami FL,0,Healthcare & Nursing Jobs
347,"The Stembridge Agency, LLC",2018-09-28,"Neurologist needed in St. Petersburg, FL (SA197364)",0,Healthcare & Nursing Jobs
348,Physician Services,2018-09-28,OBG Daytona Florida,0,Healthcare & Nursing Jobs
349,"Hayman Daugherty Associates, Inc",2018-09-28,Multiple locations in Florida seeking locums and permanent EM trained physicians.,0,Healthcare & Nursing Jobs
350,"Hayman Daugherty Associates, Inc",2018-09-28,Outpatient psychiatry practice near Orlando,0,Healthcare & Nursing Jobs
351,"DOCTORS CHOICE PLACEMENT SERVICES, INC.",2018-09-28,"Gastroenterology Practice Opportunity in St. Petersburg, FL",0,Healthcare & Nursing Jobs
352,"Hayman Daugherty Associates, Inc",2018-09-28,Busy trauma center in coastal Florida need additional locums coverage,0,Healthcare & Nursing Jobs
353,"DOCTORS CHOICE PLACEMENT SERVICES, INC.",2018-09-28,"Primary Care (Outpatient) Opportunities in Metro Ft. Lauderdale, FL",0,Healthcare & Nursing Jobs
354,"Hayman Daugherty Associates, Inc",2018-09-28,Child Psych Practice in Florida,0,Healthcare & Nursing Jobs
356,"Necnic Group, LLC",2018-09-28,Neurology Opportunity in Florida,0,Healthcare & Nursing Jobs
357,"Priority Physicians, Inc.",2018-09-28,100% Outpt IM in Florida,0,Healthcare & Nursing Jobs
358,Physician Providers Mgmt. Corp.,2018-09-28,"Gastroenterology opportunity Near Melbourne, FL.",0,Healthcare & Nursing Jobs
359,NHR,2018-09-28,House Call Physician Needed in Southwest Florida,0,Healthcare & Nursing Jobs
360,"DOCTORS CHOICE PLACEMENT SERVICES, INC.",2018-09-28,"OB/GYN Faculty Position In St. Petersburg, Florida",0,Healthcare & Nursing Jobs
361,Continuum Medical Staffing,2018-09-28,Internal Medicine Rockledge FL,0,Healthcare & Nursing Jobs
362,National Health Partners,2018-09-28,Florida Psychiatric Opportunity in a Beautiful Coastal town,0,Healthcare & Nursing Jobs
363,National Health Partners,2018-09-28,Primary Care Physicians needed in South Florida,0,Healthcare & Nursing Jobs
364,"DOCTORS CHOICE PLACEMENT SERVICES, INC.",2018-09-28,Outpatient Primary Care Opportunities - Panhandle of Florida (near the Emerald Coast Beaches),0,Healthcare & Nursing Jobs
365,NHR,2018-09-28,Urgent Care Physicians Needed in Coastal SW Florida,0,Healthcare & Nursing Jobs
367,National Health Partners,2018-09-28,Southwest Florida Hospitalist Opportunity,0,Healthcare & Nursing Jobs
368,Gammons Group,2018-09-28,Metro North Florida - General Psychiatrist Needed - Hospital Employed,0,Healthcare & Nursing Jobs
369,Continuum Medical Staffing,2018-09-28,Psychiatrist Bilingual Miami FL,0,Healthcare & Nursing Jobs
371,National Health Partners,2018-09-28,South Florida seeking Primary Care Physicians,0,Healthcare & Nursing Jobs
372,Enterprise Medical Recruiting,2018-09-28,"Geriatric need in Miami, FL",0,Healthcare & Nursing Jobs
373,"DOCTORS CHOICE PLACEMENT SERVICES, INC.",2018-09-28,OB/GYN Physician Needed in North/Central Florida (Between Jacksonville & Orlando),0,Healthcare & Nursing Jobs
374,FCSpsy,2018-09-28,Adult Psychiatrist,0,Healthcare & Nursing Jobs
375,All Star Recruiting,2018-09-28,Urologist Needed For Employed Opportunity On Treasure Coast of South Florida,0,Healthcare & Nursing Jobs
377,"DOCTORS CHOICE PLACEMENT SERVICES, INC.",2018-09-28,"West Coast Florida Opportunities - St. Petersburg, Tarpon Springs, Bradenton",0,Healthcare & Nursing Jobs
378,Integrity Healthcare,2018-09-28,Internal Medicine Physician needed in Florida Panhandle Community,0,Healthcare & Nursing Jobs
379,"DOCTORS CHOICE PLACEMENT SERVICES, INC.",2018-09-28,Ob/Gyn Needed On Gulf Coast Of Florida - Metro St. Petersburg,0,Healthcare & Nursing Jobs
380,Continuum Medical Staffing,2018-09-28,OB GYN Locums Putnam Couty Florida,0,Healthcare & Nursing Jobs
381,Alpha Medical Group,2018-09-28,Multi-specialty group seeks a Neurologist to join the practice.,0,Healthcare & Nursing Jobs
382,Healthcare Recruitment Counselors,2018-09-28,Physician MD/DO Tallahassee Florida,0,Healthcare & Nursing Jobs
383,Integrity Locums,2018-09-28,Florida Emergency Medicine Physician Locums Opening,0,Healthcare & Nursing Jobs
384,Enterprise Medical Recruiting,2018-09-28,"Fort Myers, Florida Outpatient",0,Healthcare & Nursing Jobs
385,"DOCTORS CHOICE PLACEMENT SERVICES, INC.",2018-09-28,OB/GYN Opportunity in Southwest Florida,0,Healthcare & Nursing Jobs
386,Integrity Healthcare,2018-09-28,Gastroenterology Opening; Northeast Florida,0,Healthcare & Nursing Jobs
387,Healthcare Recruitment Counselors,2018-09-28,Pain Physicians Ft Myers Florida,0,Healthcare & Nursing Jobs
388,NHR,2018-09-28,Coastal SW Florida needs a Neurologist as a Medical Director,0,Healthcare & Nursing Jobs
389,NHR,2018-09-28,Looking for Ob/Gyn in SW Florida,0,Healthcare & Nursing Jobs
390,Continuum Medical Staffing,2018-09-28,Hospitalist Fort Pierce Florida,0,Healthcare & Nursing Jobs
391,NHR,2018-09-28,Ob/Gyn Need in Southwest Florida,0,Healthcare & Nursing Jobs
392,"DOCTORS CHOICE PLACEMENT SERVICES, INC.",2018-09-28,North Florida Primary Care Opportunity,0,Healthcare & Nursing Jobs
393,Physician Providers Mgmt. Corp.,2018-09-28,Neurologist and Neuro-Hospitalist wanted in 3 different locations in FL.,0,Healthcare & Nursing Jobs
394,"Hayman Daugherty Associates, Inc",2018-09-28,Outpatient psychiatry in Florida,0,Healthcare & Nursing Jobs
395,Enterprise Medical Recruiting,2018-09-28,Psychiatry - Addiction and Interventional Medical Pain Management,0,Healthcare & Nursing Jobs
396,Enterprise Medical Recruiting,2018-09-28,"Geriatric need in Ormond Beach, FL",0,Healthcare & Nursing Jobs
397,Source Medical,2018-09-28,GI Opening with Flexible Setup in Coastal Florida,0,Healthcare & Nursing Jobs
398,National Health Partners,2018-09-28,Southwest Florida Seeking Internal Medicine Physician,0,Healthcare & Nursing Jobs
399,Medical Search International,2018-09-28,Hospitalist,0,Healthcare & Nursing Jobs
400,"DOCTORS CHOICE PLACEMENT SERVICES, INC.",2018-09-28,OB/GYN needed in the Panhandle of FL,0,Healthcare & Nursing Jobs
401,National Health Partners,2018-09-28,Hospitalist opportunity in Southern Georgia: 30 minutes from Tallahassee,0,Healthcare & Nursing Jobs
402,"The Stembridge Agency, LLC",2018-09-28,"Psychiatric Residency Program Director needed in Aventura, FL, just north of Miami.",0,Healthcare & Nursing Jobs
403,Continuum Medical Staffing,2018-09-28,Hospitalist,0,Healthcare & Nursing Jobs
404,Physician Providers Mgmt. Corp.,2018-09-28,"Gastroenterology position available in St. Petersburg, FL.",0,Healthcare & Nursing Jobs
405,"DOCTORS CHOICE PLACEMENT SERVICES, INC.",2018-09-28,Hospitalist Opportunities (2) in Metro Southwest Florida,0,Healthcare & Nursing Jobs
406,"DOCTORS CHOICE PLACEMENT SERVICES, INC.",2018-09-28,Neurology Opportunity – East/Central Coast of Florida,0,Healthcare & Nursing Jobs
407,Continuum Medical Staffing,2018-09-28,Gastroenterology- Atlanta,0,Healthcare & Nursing Jobs
408,NHR,2018-09-28,Coastal SW Florida in need of a high risk OB/GYN- (75% high risk OB and 25% GYN) Strong income potential,0,Healthcare & Nursing Jobs
409,Continuum Medical Staffing,2018-09-28,Internal Medicine- one hour from Orlando,0,Healthcare & Nursing Jobs
410,Enterprise Medical Recruiting,2018-09-28,"Immediate URGENT CARE needs in Orlando and Port St. Lucie, FL",0,Healthcare & Nursing Jobs
411,Physician Providers Mgmt. Corp.,2018-09-28,Physician (IM) and ARNP positions available on the East Coast of FL.,0,Healthcare & Nursing Jobs
412,NHR,2018-09-28,Southwest Florida Ob/Gyn Need,0,Healthcare & Nursing Jobs
414,Continuum Medical Staffing,2018-09-28,Neurologist- St. Cloud Florida,0,Healthcare & Nursing Jobs
415,Continuum Medical Staffing,2018-09-28,Gastroenterologist West Palm Beach FL,0,Healthcare & Nursing Jobs
416,NHR,2018-09-28,OB/GYN (high risk) need in Coastal SW Florida- 70 degrees and sunny all Winter - Strong income potential,0,Healthcare & Nursing Jobs
417,Continuum Medical Staffing,2018-09-28,Hospitalist Sarasota Florida,0,Healthcare & Nursing Jobs
418,"The Stembridge Agency, LLC",2018-09-28,"Gastroenterologist needed in Port St. Lucie, FL",0,Healthcare & Nursing Jobs
419,National Health Partners,2018-09-28,Florida Keys Primary Care Opening,0,Healthcare & Nursing Jobs
420,Source Medical,2018-09-28,Neurology,0,Healthcare & Nursing Jobs
421,Enterprise Medical Recruiting,2018-09-28,GI opening in Orlando Florida,0,Healthcare & Nursing Jobs
422,"The Stembridge Agency, LLC",2018-09-28,Psychiatry Residency Program Director needed near Miami.,0,Healthcare & Nursing Jobs
423,Healthcare Recruitment Counselors,2018-09-28,Daytona Florida Family/internal medicine Physician,0,Healthcare & Nursing Jobs
424,NHR,2018-09-28,Fantastic position on SW coast of Florida - Wound Care physician needed,0,Healthcare & Nursing Jobs
425,Continuum Medical Staffing,2018-09-28,Hospitalist Daytona Beach FL,0,Healthcare & Nursing Jobs
426,NHR,2018-09-28,Coastal SW Florida - New Neuroscience Department- Director of Neurology and Staff Physicians needed.,0,Healthcare & Nursing Jobs
427,RCM Health Care Services,2018-09-28,Suburban Florida Hospitalist,0,Healthcare & Nursing Jobs
428,"DOCTORS CHOICE PLACEMENT SERVICES, INC.",2018-09-28,General & Child Psychiatrists Needed - East Coast Florida,0,Healthcare & Nursing Jobs
429,NHR,2018-09-28,Ob/Gyn group is looking to add an experienced physician to its practice,0,Healthcare & Nursing Jobs
430,Enterprise Medical Recruiting,2018-09-28,"Gainesville, Florida - Inpatient Psychiatry",0,Healthcare & Nursing Jobs
431,NHR,2018-09-28,"Internal Medicine Physician needed near Orlando, FL ( Outpatient only )",0,Healthcare & Nursing Jobs
432,"DOCTORS CHOICE PLACEMENT SERVICES, INC.",2018-09-28,"Pediatrics Opportunities in Metro Florida Locations (Tampa, Miami, Ft. Lauderdale, Palm Beach, Jacksonville )",0,Healthcare & Nursing Jobs
433,Gammons Group,2018-09-28,Internal Medicine Position - N. Florida Metro - Join large MultiSpecialty Group,0,Healthcare & Nursing Jobs
434,National Health Partners,2018-09-28,South Florida seeking Neuro - Hospitalist,0,Healthcare & Nursing Jobs
435,Integrity Healthcare,2018-09-28,Internal Medicine Physician in Coastal Florida Panhandle,0,Healthcare & Nursing Jobs
436,"Hayman Daugherty Associates, Inc",2018-09-28,"New OBGYN position in Jacksonville, FL - Very upscale practice needing additional OBGYN",0,Healthcare & Nursing Jobs
437,National Health Partners,2018-09-28,"Medical Director needed for Ft Lauderdale, FL",0,Healthcare & Nursing Jobs
438,Enterprise Medical Recruiting,2018-09-28,"Miami, Florida Outpatient Psychiatry with No Call",0,Healthcare & Nursing Jobs
439,Source Medical,2018-09-28,GYN in Florida - 2 Options Available,0,Healthcare & Nursing Jobs
440,Universal Health Services,2018-09-28,Internal Medicine - Gulf Coast of Florida,0,Healthcare & Nursing Jobs
441,"DOCTORS CHOICE PLACEMENT SERVICES, INC.",2018-09-28,New: Outpatient Primary Care Opportunities in the Florida Panhandle - Great Beach location,0,Healthcare & Nursing Jobs
442,RCM Health Care Services,2018-09-28,Florida Emergency Medicine Physician,0,Healthcare & Nursing Jobs
443,Integrity Locums,2018-09-28,"Locums Nocturnist Position in Daytona, Florida area",0,Healthcare & Nursing Jobs
444,National Health Partners,2018-09-28,Urgent Care opening in Southwest Florida,0,Healthcare & Nursing Jobs
445,"DOCTORS CHOICE PLACEMENT SERVICES, INC.",2018-09-28,Psychiatrist Needed In Southwest Florida,0,Healthcare & Nursing Jobs
446,Enterprise Medical Recruiting,2018-09-28,Emergency Medicine Physician South of Gainesville,0,Healthcare & Nursing Jobs
447,Source Medical,2018-09-28,"Psychiatry Opening in Coastal Florida, signing bonus and incentives",0,Healthcare & Nursing Jobs
448,National Health Partners,2018-09-28,Florida Keys Hospitalist Opportunity,0,Healthcare & Nursing Jobs
449,Enterprise Medical Recruiting,2018-09-28,"Outpatient Pediatric Opening in Tallahassee, FL",0,Healthcare & Nursing Jobs
450,Physician Providers Mgmt. Corp.,2018-09-28,Gastroenterology opportunity in FL,0,Healthcare & Nursing Jobs
451,Enterprise Medical Recruiting,2018-09-28,Group Neurology position in West Palm Beach FL,0,Healthcare & Nursing Jobs
452,Enterprise Medical Recruiting,2018-09-28,Adding an Urologist in Panhandle community of Florida,0,Healthcare & Nursing Jobs
453,NHR,2018-09-28,"Urology Physician needed near Tampa, FL",0,Healthcare & Nursing Jobs
454,"Consilium Staffing, LLC",2018-09-28,"Hiring Locum Tenens Anesthesiologist, Full-Time—Florida",0,Healthcare & Nursing Jobs
455,All Star Recruiting,2018-09-28,Urologist needed for ongoing call coverage,0,Healthcare & Nursing Jobs
456,Integrity Healthcare,2018-09-28,Outpatient Pediatric Opening - Florida Atlantic Coast - Port St Lucie,0,Healthcare & Nursing Jobs
457,Pacific Companies,2018-09-28,Coastal Florida Neurohospitalist,0,Healthcare & Nursing Jobs
458,Enterprise Medical Recruiting,2018-09-28,"Live and Work in Beautiful Ocala, FL - Child and Adult Positions Available",0,Healthcare & Nursing Jobs
459,National Health Partners,2018-09-28,SEEKING MEDICAL DIRECTOR FOR ACUTE CARE FACILITIES: EAST COAST OF FLORIDA:,0,Healthcare & Nursing Jobs
460,"Teladoc Physicians, P.A.",2018-09-28,Supplement Your Income - TELEMEDICINE,0,Healthcare & Nursing Jobs
461,All Star Recruiting,2018-09-28,Excellent Internal Medicine Opportunity in North Central Florida,0,Healthcare & Nursing Jobs
462,"DOCTORS CHOICE PLACEMENT SERVICES, INC.",2018-09-28,East Coast Florida GI Opportunity,0,Healthcare & Nursing Jobs
463,All Star Recruiting,2018-09-28,Nocturnist needed in Beautiful Coastal Florida / 290k,0,Healthcare & Nursing Jobs
464,NHR,2018-09-28,"Coastal Sunny SW Florida - New Neuroscience Department- Staff Physicians needed.(Outpatient only, inpatient only or a combina",0,Healthcare & Nursing Jobs
465,TeamHealth,2018-09-28,Anesthesiologist,0,Healthcare & Nursing Jobs
466,All Star Recruiting,2018-09-28,Urology Call Coverage in FL -Urgent Locums Need,0,Healthcare & Nursing Jobs
467,LocumTenens.com,2018-09-28,Part-time Locum Tenens Psychiatrist Needed in Florida,0,Healthcare & Nursing Jobs
468,Enterprise Medical Recruiting,2018-09-28,"Internal medicine needs in Clewiston and LaBelle, FL",0,Healthcare & Nursing Jobs
469,Enterprise Medical Recruiting,2018-09-28,South Florida-Research Psychiatrist to Serve as Associate Medical Director,0,Healthcare & Nursing Jobs
470,Goldfish Medical Staffing,2018-09-28,Coastal Florida Hospitalist Opportunity (9537 LM),0,Healthcare & Nursing Jobs
471,"DOCTORS CHOICE PLACEMENT SERVICES, INC.",2018-09-28,OB/GYN Position On Florida Gulf Coast - Robot Available,0,Healthcare & Nursing Jobs
472,NHR,2018-09-28,"SW Coastal FL needs Gastroenterology Physicians, over $500K",0,Healthcare & Nursing Jobs
473,Enterprise Medical Recruiting,2018-09-28,Outstanding Salary Guarantee and Sign-on Bonus,0,Healthcare & Nursing Jobs
474,"MD Staff Pointe, LLC",2018-09-28,Permanent Internal Medicine Opportunity in Florida,0,Healthcare & Nursing Jobs
475,Integrity Healthcare,2018-09-28,Internal Medicine Physician - Outpatient Only - Central Florida Great Bonus,0,Healthcare & Nursing Jobs
476,All Star Recruiting,2018-09-28,Excellent Internal Medicine/Geriatric Medicine opportunity in on the Gulf Coast of Florida,0,Healthcare & Nursing Jobs
477,All Star Recruiting,2018-09-28,Outpatient or Traditional Internal Medicine Opening in the Florida Panhandle,0,Healthcare & Nursing Jobs
479,Enterprise Medical Recruiting,2018-09-28,Primary Care Practice on Beautiful Gulf Coast,0,Healthcare & Nursing Jobs
480,"DOCTORS CHOICE PLACEMENT SERVICES, INC.",2018-09-28,NeuroHospitalist Opportunity in Northern Florida - College Town,0,Healthcare & Nursing Jobs
481,All Star Recruiting,2018-09-28,Treasure coast Florida 24 hour call coverage Monday and Wednesdays,0,Healthcare & Nursing Jobs
482,Gammons Group,2018-09-28,North Metro Florida -Join Exceptional Neuro Practice,0,Healthcare & Nursing Jobs
483,"DOCTORS CHOICE PLACEMENT SERVICES, INC.",2018-09-28,Anesthesia Opportunity East Coast Central Florida,0,Healthcare & Nursing Jobs
484,Continuum Medical Staffing,2018-09-28,OB GYN Near Fort Lauderdale Florida,0,Healthcare & Nursing Jobs
485,Physician Providers Mgmt. Corp.,2018-09-28,"OB/GYN position available in West-Central, FL",0,Healthcare & Nursing Jobs
486,Enterprise Medical Recruiting,2018-09-28,"Inpatient or Outpatient Positions Available in Panama City, FL",0,Healthcare & Nursing Jobs
487,All Star Recruiting,2018-09-28,OBGYN Opening in Beautiful City on the West Coast of Florida,0,Healthcare & Nursing Jobs
488,Medical Search International,2018-09-28,Internal Medicine Provider Needed,0,Healthcare & Nursing Jobs
489,All Star Recruiting,2018-09-28,OB/GYN Weekend Call Locums in Florida,0,Healthcare & Nursing Jobs
490,Enterprise Medical Recruiting,2018-09-28,"Two Urologists to Join MSG Practice, Coastal FL Dream",0,Healthcare & Nursing Jobs
491,Continuum Medical Staffing,2018-09-28,GI,0,Healthcare & Nursing Jobs
492,Integrity Healthcare,2018-09-28,Urologist needed - Port St. Lucie,0,Healthcare & Nursing Jobs
493,Integrity Healthcare,2018-09-28,"Outpatient Internal Medicine Physician Role in St. Lucie West, Florida",0,Healthcare & Nursing Jobs
494,NHR,2018-09-28,"Psychiatry Medical Director needed near Orlando, FL",0,Healthcare & Nursing Jobs
495,Enterprise Medical Recruiting,2018-09-28,"Partnership track GI position, with Ancillaries, in Orlando",0,Healthcare & Nursing Jobs
496,"Consilium Staffing, LLC",2018-09-28,"Hiring Locum Tenens Psychiatrist, Full-Time No Call—Florida",0,Healthcare & Nursing Jobs
497,"Hayman Daugherty Associates, Inc",2018-09-28,Psychiatry Residency Program Director,0,Healthcare & Nursing Jobs
498,"Hayman Daugherty Associates, Inc",2018-09-28,Gastroenterologist,0,Healthcare & Nursing Jobs
499,"DOCTORS CHOICE PLACEMENT SERVICES, INC.",2018-09-28,"New: Hospitalist Opportunity in the Metro Ft. Lauderdale, FL area",0,Healthcare & Nursing Jobs
500,All Star Recruiting,2018-09-28,Internal Medicine Opportunity in Western Central Florida,0,Healthcare & Nursing Jobs
501,All Star Recruiting,2018-09-28,Inpatient Neurologist needed in North West Florida,0,Healthcare & Nursing Jobs
502,All Star Recruiting,2018-09-28,Panhandle Florida area long weekend practice call needed,0,Healthcare & Nursing Jobs
503,BAS Healthcare,2018-09-28,Outpatient Openings in Orlando FL,0,Healthcare & Nursing Jobs
504,Enterprise Medical Recruiting,2018-09-28,7 on/7 off Psychiatry in a Community Where You Can Work and Play,0,Healthcare & Nursing Jobs
505,Continuum Medical Staffing,2018-09-28,Gastroenterology Ft Myers Florida,0,Healthcare & Nursing Jobs
507,BAS Healthcare,2018-09-28,$200 000 in Coastal Tampa Suburbs,0,Healthcare & Nursing Jobs
508,"MD Staff Pointe, LLC",2018-09-28,Unique Hospitalist Opportunity in Florida,0,Healthcare & Nursing Jobs
510,All Star Recruiting,2018-09-28,Outpatient hospital employed Gastroenterology position available in coastal southwest Florida,0,Healthcare & Nursing Jobs
511,"DOCTORS CHOICE PLACEMENT SERVICES, INC.",2018-09-28,GI position in central east coast Florida,0,Healthcare & Nursing Jobs
512,TeamHealth,2018-09-28,EM Physician,0,Healthcare & Nursing Jobs
513,All Star Recruiting,2018-09-28,Urology ER Call Locums in FL,0,Healthcare & Nursing Jobs
514,NHR,2018-09-28,East Coast Florida Ob/Gyn Need,0,Healthcare & Nursing Jobs
515,Enterprise Medical Recruiting,2018-09-28,"General Neurology position in Fort Myers, FL",0,Healthcare & Nursing Jobs
516,All Star Recruiting,2018-09-28,Nocturnist needed in Beautiful Coastal Florida 30 min from Daytona,0,Healthcare & Nursing Jobs
517,Enterprise Medical Recruiting,2018-09-28,Florida's Emerald Coast seeking GI physician,0,Healthcare & Nursing Jobs
518,Enterprise Medical Recruiting,2018-09-28,"Urgent Care need in Palm Harbor, FL",0,Healthcare & Nursing Jobs
520,"Consilium Staffing, LLC",2018-09-28,"Hiring Locum Tenens Pediatrician, Vacation Coverage—Florida",0,Healthcare & Nursing Jobs
521,All Star Recruiting,2018-09-28,Urology ER Call Locums in FL (weekends/weekdays),0,Healthcare & Nursing Jobs
522,All Star Recruiting,2018-09-28,Urologist Opening in The Treasure Coast Area of Florida,0,Healthcare & Nursing Jobs
523,Enterprise Medical Recruiting,2018-09-28,"Psychiatry Position Now Available Tallahassee, FL",0,Healthcare & Nursing Jobs
524,"DOCTORS CHOICE PLACEMENT SERVICES, INC.",2018-09-28,Nocturnist Opportunities - East Coast of Florida,0,Healthcare & Nursing Jobs
525,Enterprise Medical Recruiting,2018-09-28,Partnership Track for Established Practice in Central Florida near Orlando,0,Healthcare & Nursing Jobs
526,"Born & Bicknell, Inc.",2018-09-28,Advanced Endoscopist GI Physician Job in South Florida Bilingual Spanish pref,0,Healthcare & Nursing Jobs
527,"Born & Bicknell, Inc.",2018-09-28,Family Medicine/Urgent Care Physician Job in Central Florida,0,Healthcare & Nursing Jobs
529,Continuum Medical Staffing,2018-09-28,Hospitalist IM or FM Tallahassee FL,0,Healthcare & Nursing Jobs
530,Enterprise Medical Recruiting,2018-09-28,"Internal Medicine Position in Sarasota, FL",0,Healthcare & Nursing Jobs
531,"Hayman Daugherty Associates, Inc",2018-09-28,Internal Medicine Physicians Needed in Southwest Florida,0,Healthcare & Nursing Jobs
532,Enterprise Medical Recruiting,2018-09-28,"Orlando, FL Area Outpatient Primary Care Position",0,Healthcare & Nursing Jobs
533,Enterprise Medical Recruiting,2018-09-28,"Tallahassee, FL Outpatient Internal Medicine Position",0,Healthcare & Nursing Jobs
534,Samuel Contract Staffing,2018-09-28,Gastroenterologist Needed Full Time in Florida,0,Healthcare & Nursing Jobs
535,KPS Physician Staffing,2018-09-28,Primary Care Opportunity on Florida's Emerald Coast,0,Healthcare & Nursing Jobs
536,NHR,2018-09-28,"Neuro Hospitalist Physician needed near Orlando, FL",0,Healthcare & Nursing Jobs
537,Physician Providers Mgmt. Corp.,2018-09-28,IM / FP - (Men's Health) Locums Oppty in both VA & FL,0,Healthcare & Nursing Jobs
538,Physician Providers Mgmt. Corp.,2018-09-28,IM / FP for North FLorida,0,Healthcare & Nursing Jobs
540,BAS Healthcare,2018-09-28,Pediatric Opening in Florida's State Capital,0,Healthcare & Nursing Jobs
541,Enterprise Medical Recruiting,2018-09-28,Internist needed Near Tampa,0,Healthcare & Nursing Jobs
542,Enterprise Medical Recruiting,2018-09-28,"Internal Medicine position needed in Metro Southwest, Florida",0,Healthcare & Nursing Jobs
543,Enterprise Medical Recruiting,2018-09-28,"Internal Medicine need near Jacksonville, FL",0,Healthcare & Nursing Jobs
544,Enterprise Medical Recruiting,2018-09-28,Urgent Care needs in Coastal Florida,0,Healthcare & Nursing Jobs
545,Physician Providers Mgmt. Corp.,2018-09-28,"Pediatrician for Out-Patient, Close to Keys, FL.",0,Healthcare & Nursing Jobs
546,Enterprise Medical Recruiting,2018-09-28,"Adding an Internist for Outpatient practice North Central, Florida",0,Healthcare & Nursing Jobs
547,Enterprise Medical Recruiting,2018-09-28,Adding an internist to an ambulatory practice in North Florida,0,Healthcare & Nursing Jobs
548,Enterprise Medical Recruiting,2018-09-28,Well-Established Employed Primary Care group seeks Internal Medicine physician,0,Healthcare & Nursing Jobs
549,Enterprise Medical Recruiting,2018-09-28,Adding an Internist for an associate residency program director position,0,Healthcare & Nursing Jobs
550,NHR,2018-09-28,SW Coastal FL is seeking Internal Medicine Physician,0,Healthcare & Nursing Jobs
551,Physician Services,2018-09-28,"Internal Medicine, Florida,",0,Healthcare & Nursing Jobs
552,Enterprise Medical Recruiting,2018-09-28,FM/IM need in Tampa suburb,0,Healthcare & Nursing Jobs
553,One Stop Recruiting,2018-09-28,"Primary Care Physician needed in Florida- Highly Competitive Salary, PTO Plus more",0,Healthcare & Nursing Jobs
554,"DOCTORS CHOICE PLACEMENT SERVICES, INC.",2018-09-28,Take Over Pediatric Practice Along Florida Gulf Coast,0,Healthcare & Nursing Jobs
555,"DOCTORS CHOICE PLACEMENT SERVICES, INC.",2018-09-28,"ENT Position in Saint Petersburg, Florida",0,Healthcare & Nursing Jobs
556,Continuum Medical Staffing,2018-09-28,Gastroenterologist Sarasota Florida,0,Healthcare & Nursing Jobs
557,TeamHealth,2018-09-28,Post-Acute Physician,0,Healthcare & Nursing Jobs
558,"DOCTORS CHOICE PLACEMENT SERVICES, INC.",2018-09-28,Join Established GI Practice Along Florida Gulf Coast,0,Healthcare & Nursing Jobs
559,"Consilium Staffing, LLC",2018-09-28,"Hiring Locum Tenens Psychiatrist, Inpatient—Florida",0,Healthcare & Nursing Jobs
560,All Star Recruiting,2018-09-28,OBGYN Job with coastal living,0,Healthcare & Nursing Jobs
561,Physician Providers Mgmt. Corp.,2018-09-28,Gastroenterologist wanted in FL (4 locations to choose from),0,Healthcare & Nursing Jobs
562,Enterprise Medical Recruiting,2018-09-28,Interviewing Urologist for Central Florida,0,Healthcare & Nursing Jobs
563,Enterprise Medical Recruiting,2018-09-28,2 Physicians needed in Southeast FL,0,Healthcare & Nursing Jobs
564,Enterprise Medical Recruiting,2018-09-28,Palm Beach County - Psychiatry,0,Healthcare & Nursing Jobs
565,Physician Providers Mgmt. Corp.,2018-09-28,Amazing Opportunity for Pediatrician in Sunny South Florida,0,Healthcare & Nursing Jobs
567,"DOCTORS CHOICE PLACEMENT SERVICES, INC.",2018-09-28,OB/GYN Opportunity in Southeast Alabama,0,Healthcare & Nursing Jobs
568,Physician Providers Mgmt. Corp.,2018-09-28,OBGYN wanted near the Boca/Lauderdale area - FL.,0,Healthcare & Nursing Jobs
569,KPS Physician Staffing,2018-09-28,Orlando Area Hospitalist Position Available Now,0,Healthcare & Nursing Jobs
570,Enterprise Medical Recruiting,2018-09-28,Central Florida - Inpatient Psychiatry,0,Healthcare & Nursing Jobs
571,Enterprise Medical Recruiting,2018-09-28,Psychiatry-Addiction Practice Available in Tallahassee,0,Healthcare & Nursing Jobs
572,"Hayman Daugherty Associates, Inc",2018-09-28,"OBGYN in Ft. Lauderdale, FL",0,Healthcare & Nursing Jobs
573,Enterprise Medical Recruiting,2018-09-28,Coastal South Florida-Seeking Psychiatrists for Employed Practice,0,Healthcare & Nursing Jobs
574,"Hayman Daugherty Associates, Inc",2018-09-28,"Primary Care Physician Job Near Ft. Lauderdale, Florida",0,Healthcare & Nursing Jobs
575,Enterprise Medical Recruiting,2018-09-28,"Leesburg, FL Area Internal Medicine Position",0,Healthcare & Nursing Jobs
576,Enterprise Medical Recruiting,2018-09-28,"Hospital Employed Outpatient Internal Medicine Position, Tallahassee, FL",0,Healthcare & Nursing Jobs
577,Continuum Medical Staffing,2018-09-28,Psychiatry Pensacola Florida,0,Healthcare & Nursing Jobs
578,Enterprise Medical Recruiting,2018-09-28,"Miami, Florida Established Medical Center seeks a Neurologist",0,Healthcare & Nursing Jobs
579,NHR,2018-09-28,"Outpatient IM need - SW Coastal Florida ($200,000 to $248,000 plus productivity and $15,000 to $20,000 sign on bonus)",0,Healthcare & Nursing Jobs
580,Goldfish Medical Staffing,2018-09-28,Florida GI Private Practice Opportunity (11456 LM),0,Healthcare & Nursing Jobs
581,Enterprise Medical Recruiting,2018-09-28,Outpatient Practice in North Florida - Loan Repayment Available,0,Healthcare & Nursing Jobs
582,Enterprise Medical Recruiting,2018-09-28,"Outpatient Internal Medicine Positions, Tampa Bay, FL Area",0,Healthcare & Nursing Jobs
583,National Health Partners,2018-09-28,"35 – Minutes to Columbia, South Carolina seeking Pediatrician",0,Healthcare & Nursing Jobs
584,Enterprise Medical Recruiting,2018-09-28,"Adding an Internist for teaching position North Central, Florida",0,Healthcare & Nursing Jobs
585,"DOCTORS CHOICE PLACEMENT SERVICES, INC.",2018-09-28,Outpatient Pediatrics Opportunity - East Coast Florida,0,Healthcare & Nursing Jobs
586,LocumTenens.com,2018-09-28,Locum Tenens Gastroenterology Call Coverage Needed in Florida,0,Healthcare & Nursing Jobs
587,"Med Career Center, Inc",2018-09-28,GASTRO needed - west coast of FLORIDA,0,Healthcare & Nursing Jobs
588,"Med Career Center, Inc",2018-09-28,Central FL - Near Coast,0,Healthcare & Nursing Jobs
589,"Med Career Center, Inc",2018-09-28,Wanting an IM Physician in FL,0,Healthcare & Nursing Jobs
590,"Med Career Center, Inc",2018-09-28,Seeking an IM in FL,0,Healthcare & Nursing Jobs
591,"Med Career Center, Inc",2018-09-28,Near Naples,0,Healthcare & Nursing Jobs
593,Gammons Group,2018-09-28,Lucrative Compensation - Neurology Position - Metro North Florida Location,0,Healthcare & Nursing Jobs
594,Enterprise Medical Recruiting,2018-09-28,Tampa - Emergency Medicine Opening,0,Healthcare & Nursing Jobs
595,"DOCTORS CHOICE PLACEMENT SERVICES, INC.",2018-09-28,"Primary Care Physicians Needed In St. Petersburg, Florida",0,Healthcare & Nursing Jobs
596,"The Stembridge Agency, LLC",2018-09-28,"OB/GYN needed in Port St. Lucie, FL (SA197343)",0,Healthcare & Nursing Jobs
597,Enterprise Medical Recruiting,2018-09-28,"Internal Medicine need in The Villages, FL",0,Healthcare & Nursing Jobs
598,"Consilium Staffing, LLC",2018-09-28,"Hiring Locum Tenens Outpatient Psychiatrist—Miami, Florida",0,Healthcare & Nursing Jobs
599,"Hayman Daugherty Associates, Inc",2018-09-28,Internal Medicine Physician Needed in North Florida,0,Healthcare & Nursing Jobs
600,Enterprise Medical Recruiting,2018-09-28,Pain Management position in Winter Haven Florida,0,Healthcare & Nursing Jobs
601,"Hayman Daugherty Associates, Inc",2018-09-28,"OBGYN near Port St. Lucie, FL",0,Healthcare & Nursing Jobs
602,Source Medical,2018-09-28,"Port St. Lucie, FL / Urgent Care / Procedure Oriented Setting",0,Healthcare & Nursing Jobs
603,"Hayman Daugherty Associates, Inc",2018-09-28,"Psychiatry Physician Job Near Ft. Lauderdale, Florida",0,Healthcare & Nursing Jobs
604,BAS Healthcare,2018-09-28,Work in Florida's Largest Emergency Department,0,Healthcare & Nursing Jobs
605,"Southeast Physician Search, Inc.",2018-09-28,St. Petersburg Opportunity,0,Healthcare & Nursing Jobs
606,"Med Consulting Partners, INC",2018-09-28,"Looking for Part Time MD/DOs for Ongoing Locums Coverage at Men's Clinics in Boca Raton and Fort Myers, FL Starting ASAP",0,Healthcare & Nursing Jobs
607,"Hayman Daugherty Associates, Inc",2018-09-28,"Internal Medicine near Ft. Lauderdale, FL",0,Healthcare & Nursing Jobs
608,"All HealthCare Staffing, LLC",2018-09-28,SW Florida - Gastroenterology Opportunity with Partner Track Option,0,Healthcare & Nursing Jobs
609,"Med Career Center, Inc",2018-09-28,"COASTAL FLORIDA, Desirable area",0,Healthcare & Nursing Jobs
610,"Med Career Center, Inc",2018-09-28,IM needed in FL,0,Healthcare & Nursing Jobs
611,"Consilium Staffing, LLC",2018-09-28,Hiring Locum Tenens Adult Psychiatrist—Florida,0,Healthcare & Nursing Jobs
612,Enterprise Medical Recruiting,2018-09-28,"Psychiatric Medical Director in Jacksonville, Florida",0,Healthcare & Nursing Jobs
613,Integrity Healthcare,2018-09-28,"Internal Medicine Physician Need in Daytona Beach, Florida",0,Healthcare & Nursing Jobs
615,"Hayman Daugherty Associates, Inc",2018-09-28,Gastroenterology in the Florida Panhandle,0,Healthcare & Nursing Jobs
616,Enterprise Medical Recruiting,2018-09-28,Psychiatry with the Nation's Leading Telemedicine Company,0,Healthcare & Nursing Jobs
617,Enterprise Medical Recruiting,2018-09-28,"Outpatient Internal Medicine Position, Tallahassee, FL",0,Healthcare & Nursing Jobs
618,Enterprise Medical Recruiting,2018-09-28,Adding a Internist in Orlando area,0,Healthcare & Nursing Jobs
619,"Hayman Daugherty Associates, Inc",2018-09-28,OBGYN Needed in Florida,0,Healthcare & Nursing Jobs
620,"Hayman Daugherty Associates, Inc",2018-09-28,Southwest Florida Practice Seeking 2 Gastroenterologists,0,Healthcare & Nursing Jobs
621,Enterprise Medical Recruiting,2018-09-28,"Internal Medicine Position in Perry, FL",0,Healthcare & Nursing Jobs
622,Enterprise Medical Recruiting,2018-09-28,Urgent Care practice along Florida?s Emerald Coast,0,Healthcare & Nursing Jobs
623,Enterprise Medical Recruiting,2018-09-28,Northeast Florida Group Adding OB/GYN,0,Healthcare & Nursing Jobs
624,Enterprise Medical Recruiting,2018-09-28,Family Medicine/Urgent Care - Emerald Coast of Florida,0,Healthcare & Nursing Jobs
625,Enterprise Medical Recruiting,2018-09-28,Tallahassee - Child Psychiatry Openings - Work/Life Balance,0,Healthcare & Nursing Jobs
626,Enterprise Medical Recruiting,2018-09-28,Urologist Needed in West Coastal Florida,0,Healthcare & Nursing Jobs
627,Medicus Healthcare Solutions,2018-09-28,Emergency Medicine Physician Opportunity in Coastal Florida,0,Healthcare & Nursing Jobs
628,Enterprise Medical Recruiting,2018-09-28,"Leesburg, FL Outpatient Internal Medicine Position",0,Healthcare & Nursing Jobs
629,Universal Health Services,2018-09-28,"Internal Medicine opportunity – Lakewood Ranch, FL",0,Healthcare & Nursing Jobs
630,Enterprise Medical Recruiting,2018-09-28,Adding an Internist to be Assistant Medical Director for a residency program,0,Healthcare & Nursing Jobs
631,Enterprise Medical Recruiting,2018-09-28,"Daytona, Beach, FL Outpatient Primary Care Position",0,Healthcare & Nursing Jobs
632,Pacific Companies,2018-09-28,Weekend Coverage – GI Hospital Coverage Needed – Locum Tenens,0,Healthcare & Nursing Jobs
633,"DOCTORS CHOICE PLACEMENT SERVICES, INC.",2018-09-28,Gastroenterology Opening in Central Florida,0,Healthcare & Nursing Jobs
634,BAS Healthcare,2018-09-28,Adult Psychiatry Available in Florida's Capital,0,Healthcare & Nursing Jobs
635,Goldfish Medical Staffing,2018-09-28,Florida Inpatient Psychiatry Opportunity (12586 ME),0,Healthcare & Nursing Jobs
636,Physician Providers Mgmt. Corp.,2018-09-28,Ob/Gyn for FL - 3 different locations to choose from,0,Healthcare & Nursing Jobs
637,Source Medical,2018-09-28,"(Lake County, FL) BC IM needed for Traditional or OP Only",0,Healthcare & Nursing Jobs
638,Integrity Healthcare,2018-09-28,BC/BE Child/Adolescent Psychiatrists needed - Treasure Coast of Florida,0,Healthcare & Nursing Jobs
639,Source Medical,2018-09-28,Internal Medicine,0,Healthcare & Nursing Jobs
640,Goldfish Medical Staffing,2018-09-28,Florida OBGYN Opportunity (12846 LH),0,Healthcare & Nursing Jobs
641,Alliance Recruiting Resources,2018-09-28,OBGYN needed in Florida,0,Healthcare & Nursing Jobs
642,BAS Healthcare,2018-09-28,Daytona Beach - Outpatient By The Beach,0,Healthcare & Nursing Jobs
643,Quest Healthcare Solutions,2018-09-28,Locums Inpatient Neurology Opportunity in Coastal Southeastern Florida.,0,Healthcare & Nursing Jobs
644,"Hayman Daugherty Associates, Inc",2018-09-28,"Psychiatry in Ft. Lauderdale, FL",0,Healthcare & Nursing Jobs
645,Continuum Medical Staffing,2018-09-28,Pediatrics Locums Putnam County Florida,0,Healthcare & Nursing Jobs
647,"DOCTORS CHOICE PLACEMENT SERVICES, INC.",2018-09-28,"New Full-Time Opportunities in Palm Beach & Sarasota, FL areas",0,Healthcare & Nursing Jobs
648,All Star Recruiting,2018-09-28,"IP/OP Neurologist Needed Near Ft. Walton Beach, Florida",0,Healthcare & Nursing Jobs
649,Enterprise Medical Recruiting,2018-09-28,North Miami Beach Outpatient Primary Care Opportunity,0,Healthcare & Nursing Jobs
650,Enterprise Medical Recruiting,2018-09-28,Adding a Primary Care Provider in Fort Walton Beach FL,0,Healthcare & Nursing Jobs
651,NHR,2018-09-28,Hospitalist Need in Coastal Florida near Orlando,0,Healthcare & Nursing Jobs
653,NHR,2018-09-28,OUTPATIENT IM PHYSICIAN NEED IN SW FLORIDA NOW,0,Healthcare & Nursing Jobs
654,NHR,2018-09-28,"House Call / Home Visits Physician Needed in SW, FL Area",0,Healthcare & Nursing Jobs
655,Enterprise Medical Recruiting,2018-09-28,"Internal Medicine Physician, Naples, FL",0,Healthcare & Nursing Jobs
656,NHR,2018-09-28,"Nocturnist Needed near Tampa, FL",0,Healthcare & Nursing Jobs
657,NHR,2018-09-28,Beautiful SW Florida coast- seeks Neurologist- no call,0,Healthcare & Nursing Jobs
658,NHR,2018-09-28,Urologist needed in coastal Florida,0,Healthcare & Nursing Jobs
659,Enterprise Medical Recruiting,2018-09-28,Fort Walton Beach FL Group Adding OBGYN,0,Healthcare & Nursing Jobs
660,Enterprise Medical Recruiting,2018-09-28,Outpatient Neurology position in Winter Haven Florida,0,Healthcare & Nursing Jobs
661,Physician Providers Mgmt. Corp.,2018-09-28,"Internist/Family Med for West Coast, FL Several Locations",0,Healthcare & Nursing Jobs
662,NHR,2018-09-28,"Pediatrics Opportunity in East coast Florida, less than 1 hr. to Orlando (office only)",0,Healthcare & Nursing Jobs
663,Medicus Healthcare Solutions,2018-09-28,Practice Psychiatry in Coastal Florida – Flexible Scheduling Options,0,Healthcare & Nursing Jobs
665,Weatherby Healthcare,2018-09-28,Gastroenterology in FL - Locums: Coverage is Needed from Temporary Gastroenterologist in Florida,0,Healthcare & Nursing Jobs
666,Enterprise Medical Recruiting,2018-09-28,Florida Gulf Coast - Emergency Medicine Opening,0,Healthcare & Nursing Jobs
667,Weatherby Healthcare,2018-09-28,Emergency Medicine in FL - Locums: Job Opportunity for Emergency Medicine Physician in Florida,0,Healthcare & Nursing Jobs
668,Medical Doctor Associates,2018-09-28,May 2018 Urgent Care for Florida Coast,0,Healthcare & Nursing Jobs
669,Physician Services,2018-09-28,"Urologist Miami, Florida",0,Healthcare & Nursing Jobs
670,Source Medical,2018-09-28,Gulf Coast FL / OP Only or Traditional Setting / BC/BE Internal Medicine,0,Healthcare & Nursing Jobs
671,Gammons Group,2018-09-28,Metro North Florida - Urologist Needed - Hospital Employed Group,0,Healthcare & Nursing Jobs
672,Soliant Health,2018-09-28,Florida psychiatrist - full time outpatient positions,0,Healthcare & Nursing Jobs
673,Gammons Group,2018-09-28,Central Florida - Internal Medicine Position - Outpatient Only,0,Healthcare & Nursing Jobs
674,Enterprise Medical Recruiting,2018-09-28,Hospitalist Opening in Sarasota - 40 Miles from Tampa,0,Healthcare & Nursing Jobs
675,Pacific Companies,2018-09-28,Beach Side Gastroenterology in Florida – Locum Tenens Hospital Coverage – NO CALL,0,Healthcare & Nursing Jobs
677,Integrity Healthcare,2018-09-28,Internal Medicine Physician - Outpatient Only - N. Ft. Meyers Great Bonus,0,Healthcare & Nursing Jobs
678,Physician Providers Mgmt. Corp.,2018-09-28,"OBGYN need in Daytona, FL",0,Healthcare & Nursing Jobs
679,Integrity Healthcare,2018-09-28,Private Practice Internal Medicine Physician - South Florida - Weston,0,Healthcare & Nursing Jobs
680,Source Medical,2018-09-28,Traditional Urologist in Northern FL - No Robotics,0,Healthcare & Nursing Jobs
681,NHR,2018-09-28,Small town living but big time compensation 7 on 7 off Hospitalist,0,Healthcare & Nursing Jobs
682,NHR,2018-09-28,PREMIER MSG IN NORTHERN FL SEEK URGENT CARE PHYSICIAN,0,Healthcare & Nursing Jobs
683,Medicus Healthcare Solutions,2018-09-28,Psychiatrist Needed in Northern Florida – No H&P’s,0,Healthcare & Nursing Jobs
684,NHR,2018-09-28,Amazing IM need for coastal outpatient position in SW Florida. ,0,Healthcare & Nursing Jobs
685,NHR,2018-09-28,Coastal Southeast Florida needs IM\'s and FP\'s,0,Healthcare & Nursing Jobs
687,Weatherby Healthcare,2018-09-28,Anesthesiology in FL - Locums: A Florida Facility Needs a Locums Anesthesiology Provider,0,Healthcare & Nursing Jobs
688,Goldfish Medical Staffing,2018-09-28,Florida Outpatient Neurology (12351 LH),0,Healthcare & Nursing Jobs
689,Goldfish Medical Staffing,2018-09-28,Florida Neurohospitalist (12352 LH),0,Healthcare & Nursing Jobs
690,Alliance Recruiting Resources,2018-09-28,Permanent Psychiatrist Opening Florida,0,Healthcare & Nursing Jobs
691,All Star Recruiting,2018-09-28,OBGYN Opportunity on the east coast of Florida,0,Healthcare & Nursing Jobs
692,Enterprise Medical Recruiting,2018-09-28,Outpatient Pediatrics in Ocala FL,0,Healthcare & Nursing Jobs
693,"The Stembridge Agency, LLC",2018-09-28,"Internal Medicine physician needed in St. Lucie, FL (SA197372)",0,Healthcare & Nursing Jobs
694,All Star Recruiting,2018-09-28,Interventional Neurologist needed to lead program launch near the Florida panhandle,0,Healthcare & Nursing Jobs
695,All Star Recruiting,2018-09-28,Great full-time Gastroenterology opportunity in Northern Florida,0,Healthcare & Nursing Jobs
696,All Star Recruiting,2018-09-28,Hospital employed Pulmonary/Critical care physician opportunity in Florida,0,Healthcare & Nursing Jobs
697,"Hayman Daugherty Associates, Inc",2018-09-28,"Internal Medicine Physician Job in Miramar, Florida",0,Healthcare & Nursing Jobs
698,Enterprise Medical Recruiting,2018-09-28,Pembroke Pines - Psychiatry Need,0,Healthcare & Nursing Jobs
699,Gammons Group,2018-09-28,OB GYN Residency Faculty Position - North Florida Metro Location,0,Healthcare & Nursing Jobs
700,NHR,2018-09-28,"Internal Medicine Physician needed near Orlando, FL",0,Healthcare & Nursing Jobs
701,All Star Recruiting,2018-09-28,OB/GYN Physician,0,Healthcare & Nursing Jobs
702,All Star Recruiting,2018-09-28,Full-time Medical Oncologist needed in a great Coastal Florida community,0,Healthcare & Nursing Jobs
703,VISTA Staffing Solutions,2018-09-28,Enjoy the best of Florida and get extra income,0,Healthcare & Nursing Jobs
704,Integrity Healthcare,2018-09-28,General Gastroenterology Opening; Northeast Coastal Florida,0,Healthcare & Nursing Jobs
705,All Star Recruiting,2018-09-28,Urologist needed for part time locums coverage in Florida,0,Healthcare & Nursing Jobs
706,NHR,2018-09-28,"Hospital-based Critical Care/Intensivist Position in coastal Florida close to Orlando, Fl",0,Healthcare & Nursing Jobs
707,All Star Recruiting,2018-09-28,Central Florida 24 hour call pediatric locums need,0,Healthcare & Nursing Jobs
708,NHR,2018-09-28,Coastal Florida needs a Neurologist,0,Healthcare & Nursing Jobs
709,Integrity Healthcare,2018-09-28,Looking For A Physician To Fill AChronic Care Opportunity In Central Florida,0,Healthcare & Nursing Jobs
710,All Star Recruiting,2018-09-28,Primary Care Physician needed in the Treasure Coast,0,Healthcare & Nursing Jobs
711,All Star Recruiting,2018-09-28,Seeking a BE/BC OB/GYN to join a well-established practice about an hour from Disney World in Central Florida,0,Healthcare & Nursing Jobs
712,All Star Recruiting,2018-09-28,Neuro-Interventional Locums Needed On The East Coast of Florida,0,Healthcare & Nursing Jobs
713,All Star Recruiting,2018-09-28,Full-time Gastroenterology opportunity available in Coastal Southwest Florida offering partnership track,0,Healthcare & Nursing Jobs
714,All Star Recruiting,2018-09-28,Psychiatrist needed in Southwestern Florida,0,Healthcare & Nursing Jobs
715,US Army 1st Medical Recruiting Battalion,2018-09-28,Army Reserve Psychiatry,0,Healthcare & Nursing Jobs
716,Integrity Healthcare,2018-09-28,"Internal Medicine Physician- Outpatient Only - St. Cloud, FL",0,Healthcare & Nursing Jobs
717,Brine Group Staffing Solutions,2018-09-28,Adult Psychiatrist needed,0,Healthcare & Nursing Jobs
718,The Medicus Firm,2018-09-28,Sunny Florida Child Psychiatry,0,Healthcare & Nursing Jobs
719,Enterprise Medical Recruiting,2018-09-28,Miami and North Miami - Psychiatry Needs,0,Healthcare & Nursing Jobs
720,All Star Recruiting,2018-09-28,Incredible Internal Medicine Opening in North Central Florida,0,Healthcare & Nursing Jobs
721,The Delta Companies,2018-09-28,Florida Beach Urology Opportunity - Apply Now - 130881,0,Healthcare & Nursing Jobs
722,All Star Recruiting,2018-09-28,Gastroenterologist opportunity Minutes from Ft. Walton Beach ERCP EUS required,0,Healthcare & Nursing Jobs
723,BAS Healthcare,2018-09-28,Florida Coast Family Medicine Faculty Opening,0,Healthcare & Nursing Jobs
724,All Star Recruiting,2018-09-28,Urology Gap Coverage Locums in Florida,0,Healthcare & Nursing Jobs
725,BAS Healthcare,2018-09-28,Outpatient Openings in Tampa FL,0,Healthcare & Nursing Jobs
726,Medical Search International,2018-09-28,Internal Medicine / Primary Care Position,0,Healthcare & Nursing Jobs
727,All Star Recruiting,2018-09-28,Expanding Group Practice Seeking a Neurologist in Central FL Epilepsy Interest a Plus,0,Healthcare & Nursing Jobs
728,Medicus Healthcare Solutions,2018-09-28,Psychiatrist Needed on the Western Coast of Florida,0,Healthcare & Nursing Jobs
729,All Star Recruiting,2018-09-28,OB/GYN Locum Need One Hour From West Palm FL,0,Healthcare & Nursing Jobs
730,All Star Recruiting,2018-09-28,Urology Locums in Florida – Clinic and ER Call Needed,0,Healthcare & Nursing Jobs
731,Continuum Medical Staffing,2018-09-28,OB GYN PHYSICIAN PEMBROKE PINES FLORIDA,0,Healthcare & Nursing Jobs
732,"All HealthCare Staffing, LLC",2018-09-28,FLEXIBILITY - GROWING PRACTICE,0,Healthcare & Nursing Jobs
733,Continuum Medical Staffing,2018-09-28,"Orlando, Florida",0,Healthcare & Nursing Jobs
735,All Star Recruiting,2018-09-28,Pediatric Neurologist is needed in South Florida,0,Healthcare & Nursing Jobs
736,All Star Recruiting,2018-09-28,Gyn only position available near Disney,0,Healthcare & Nursing Jobs
737,NHR,2018-09-28,Southeast Florida - needs a General Surgeon with Minimal invasive fellowship,0,Healthcare & Nursing Jobs
738,MedSource Consultants,2018-09-28,Adult Psychiatrist,0,Healthcare & Nursing Jobs
739,NHR,2018-09-28,"PSYCHIATRY NEED LEDSS THAN AN HOUR TO ORLANDO, FL",0,Healthcare & Nursing Jobs
740,All Star Recruiting,2018-09-28,OBGYN Opportunity just outside of Walt Disney World,0,Healthcare & Nursing Jobs
741,All Star Recruiting,2018-09-28,Pediatrician opportunity in the South Florida market,0,Healthcare & Nursing Jobs
742,Brine Group Staffing Solutions,2018-09-28,General or Child & Adolescent Psychiatrist needed - Medical Director - New Facility,0,Healthcare & Nursing Jobs
743,"Born & Bicknell, Inc.",2018-09-28,Internal Medicine/Urgent Care Physician Job in Central Florida,0,Healthcare & Nursing Jobs
744,Integrity Healthcare,2018-09-28,Per Diem - Internal Medicine Physician in South Florida - Broward,0,Healthcare & Nursing Jobs
745,"Born & Bicknell, Inc.",2018-09-28,Internal MedicineHIV job in South Florida,0,Healthcare & Nursing Jobs
746,All Star Recruiting,2018-09-28,Outpatient Internal Medicine Physician opportunity in the Florida Panhandle,0,Healthcare & Nursing Jobs
747,BAS Healthcare,2018-09-28,Lucrative Outpatient in Jacksonville FL,0,Healthcare & Nursing Jobs
748,BAS Healthcare,2018-09-28,Orlando Outpatient Opening,0,Healthcare & Nursing Jobs
749,BAS Healthcare,2018-09-28,Neuro Hospitalist Position in Florida,0,Healthcare & Nursing Jobs
750,All Star Recruiting,2018-09-28,Urologist,0,Healthcare & Nursing Jobs
751,Medicus Healthcare Solutions,2018-09-28,Adult Psychiatrist Needed in the Florida Panhandle – Market Competitive Compensation,0,Healthcare & Nursing Jobs
752,Medicus Healthcare Solutions,2018-09-28,Inpatient Psychiatry Coverage Available in Central Florida,0,Healthcare & Nursing Jobs
753,"Med Career Center, Inc",2018-09-28,Panhandle Urgent Care,0,Healthcare & Nursing Jobs
754,All Star Recruiting,2018-09-28,Med/Ped wanted on the West Coast of Florida,0,Healthcare & Nursing Jobs
755,BAS Healthcare,2018-09-28,7on/7off Psychiatry Opportunity in Florida,0,Healthcare & Nursing Jobs
756,All Star Recruiting,2018-09-28,Pediatric Position,0,Healthcare & Nursing Jobs
758,myMDCareers,2018-09-28,Outpatient Physician,0,Healthcare & Nursing Jobs
759,All Star Recruiting,2018-09-28,Locums - Urologist needed for 1 week a month of call,0,Healthcare & Nursing Jobs
760,BAS Healthcare,2018-09-28,Neurology opening near Gulf Coast of Florida,0,Healthcare & Nursing Jobs
761,"Born & Bicknell, Inc.",2018-09-28,Internal Medicine Hospitalist Physician Job in Central Florida,0,Healthcare & Nursing Jobs
762,LocumTenens.com,2018-09-28,Locum Tenens Gastroenterologist Needed in Florida,0,Healthcare & Nursing Jobs
763,"Born & Bicknell, Inc.",2018-09-28,Urology physician in West Coastal Florida,0,Healthcare & Nursing Jobs
764,"Born & Bicknell, Inc.",2018-09-28,Internal Medicine physician Job in Florida West Coast start within 23 months,0,Healthcare & Nursing Jobs
765,All Star Recruiting,2018-09-28,Full-time Gastroenterology opportunity available in Southeastern Florida,0,Healthcare & Nursing Jobs
766,"Born & Bicknell, Inc.",2018-09-28,Gastroenterology Physician Job in Northeast Florida,0,Healthcare & Nursing Jobs
767,Medical Search International,2018-09-28,Primary Care Physician - Florida,0,Healthcare & Nursing Jobs
768,All Star Recruiting,2018-09-28,Gastroenterology position on the Treasure Coast,0,Healthcare & Nursing Jobs
769,The Medicus Firm,2018-09-28,Florida Psychiatry,0,Healthcare & Nursing Jobs
770,LocumTenens.com,2018-09-28,Adult Inpatient Psychiatrist Needed in Florida,0,Healthcare & Nursing Jobs
771,All Star Recruiting,2018-09-28,South Florida OB-GYN locums needed starting September 1st.,0,Healthcare & Nursing Jobs
772,Medical Search International,2018-09-28,Immediate Consideration- Gastroenterology- Locums in Florida,0,Healthcare & Nursing Jobs
773,Enterprise Medical Recruiting,2018-09-28,Gastroenterology opening in Kissimmee FL,0,Healthcare & Nursing Jobs
774,Enterprise Medical Recruiting,2018-09-28,Tallahassee - Psychiatry Openings - Work/Life Balance,0,Healthcare & Nursing Jobs
775,BAS Healthcare,2018-09-28,Internal Medicine Faculty Opening in the Capital of Florida,0,Healthcare & Nursing Jobs
776,Integrity Healthcare,2018-09-28,Outpatient Neurology - Beautiful Coastal Location in Southeast Florida,0,Healthcare & Nursing Jobs
777,Enterprise Medical Recruiting,2018-09-28,"FM, IM or Geriatrics needed in Daytona Beach, FL",0,Healthcare & Nursing Jobs
778,All Star Recruiting,2018-09-28,GYN/ONC Position in North Central Florida,0,Healthcare & Nursing Jobs
779,Enterprise Medical Recruiting,2018-09-28,Family Medicine/Internal Medicine position in the Tampa Bay Area,0,Healthcare & Nursing Jobs
780,BAS Healthcare,2018-09-28,Outpatient Minutes to TAMPA,0,Healthcare & Nursing Jobs
781,Enterprise Medical Recruiting,2018-09-28,Florida Atlantic Coast - Hospitalist Leadership Position,0,Healthcare & Nursing Jobs
782,All Star Recruiting,2018-09-28,Urology Call coverage in Florida,0,Healthcare & Nursing Jobs
783,BAS Healthcare,2018-09-28,Teaching Opportunity in Florida's Capital,0,Healthcare & Nursing Jobs
784,Enterprise Medical Recruiting,2018-09-28,Employed Neurology position in St. Pete,0,Healthcare & Nursing Jobs
785,MDstaffers,2018-09-28,Physician - Public Speaking - Any Specialty (Florida),0,Healthcare & Nursing Jobs
786,Integrity Healthcare,2018-09-28,"Neurology Physician - St Petersburg, Florida",0,Healthcare & Nursing Jobs
787,Continuum Medical Staffing,2018-09-28,Internal Medicine Physician New Smyrna Beach Florida,0,Healthcare & Nursing Jobs
788,All Star Recruiting,2018-09-28,Gastroenterology opportunity in Southwest Coastal Florida,0,Healthcare & Nursing Jobs
789,All Star Recruiting,2018-09-28,Full-time Gastroenterology opportunity available in a great Florida Eastern Coast community,0,Healthcare & Nursing Jobs
790,Alpha Medical Group,2018-09-28,Multi-specialty Group is seeking an Internal Medicine physician to join the practice.,0,Healthcare & Nursing Jobs
791,All Star Recruiting,2018-09-28,New Opening for an OBGYN near the West Palm Area,0,Healthcare & Nursing Jobs
792,All Star Recruiting,2018-09-28,OB/GYN Spot Coverage Locums in FL,0,Healthcare & Nursing Jobs
793,"Med Career Center, Inc",2018-09-28,Urologist - Florida Panhandle,0,Healthcare & Nursing Jobs
794,"Med Career Center, Inc",2018-09-28,Gastroentologist for coastal FLORIDA,0,Healthcare & Nursing Jobs
795,Weatherby Healthcare,2018-09-28,Urgent Care Medicine in FL - Locums: Locums Urgent Care Physician is Needed for Coverage in Florida,0,Healthcare & Nursing Jobs
796,"Med Career Center, Inc",2018-09-28,Neurologist Needed in Beautiful Coastal NW Florida,0,Healthcare & Nursing Jobs
797,"Med Career Center, Inc",2018-09-28,"Metro Miami, Outpatient, can teach if interested",0,Healthcare & Nursing Jobs
798,"Med Career Center, Inc",2018-09-28,GI Position in Sunny Southwest Florida,0,Healthcare & Nursing Jobs
799,DirectShifts,2018-09-28,Perm Urology Opportunity in Coastal Florida with hospital owned practice,0,Healthcare & Nursing Jobs
800,Enterprise Medical Recruiting,2018-09-28,"Jacksonville, Florida, group Seeks Additional Internal Medicine Providers",0,Healthcare & Nursing Jobs
801,DirectShifts,2018-09-28,Gastroenterologists needed for Sunny Florida with locums to perm and perm opps,0,Healthcare & Nursing Jobs
802,BAS Healthcare,2018-09-28,OB/GYN Openings In Southern Florida Coastal Living at its Finest,0,Healthcare & Nursing Jobs
803,Medicus Healthcare Solutions,2018-09-28,"Primary Care Opportunity Near Daytona Beach, Florida – Flexible Hours",0,Healthcare & Nursing Jobs
804,Source Medical,2018-09-28,Urology Opening in Coastal Florida,0,Healthcare & Nursing Jobs
805,Integrity Healthcare,2018-09-28,"Internal Medicine - Outpatient Only "" Port St. Lucie- November start- $300K potential",0,Healthcare & Nursing Jobs
806,Enterprise Medical Recruiting,2018-09-28,GI position in Tallahassee FL - Ownership Track,0,Healthcare & Nursing Jobs
807,BAS Healthcare,2018-09-28,Daytime Hospitalist Opening In The Capital of Florida,0,Healthcare & Nursing Jobs
808,Enterprise Medical Recruiting,2018-09-28,"Internal Medicine and Family Practice needed in Daytona, Florida",0,Healthcare & Nursing Jobs
809,TeamHealth,2018-09-28,Medical Director,0,Healthcare & Nursing Jobs
810,BAS Healthcare,2018-09-28,Neurology Opening On The Florida Space Coast,0,Healthcare & Nursing Jobs
811,Enterprise Medical Recruiting,2018-09-28,Group GI position in Fort Myers FL,0,Healthcare & Nursing Jobs
812,Integrity Healthcare,2018-09-28,"BC/BE Gastroenterologist needed Treasure Coast, Florida",0,Healthcare & Nursing Jobs
813,Source Medical,2018-09-28,GI Opening in Coastal Florida,0,Healthcare & Nursing Jobs
814,ESR Healthcare Recruitment,2018-09-28,"Primary Care or Internal Medicine Physician Eaton Park, Florida AKM",0,Healthcare & Nursing Jobs
815,Weatherby Healthcare,2018-09-28,Emergency Medicine in FL - Locums: Emergency Medicine Physician Coverage Needed in Florida,0,Healthcare & Nursing Jobs
816,Enterprise Medical Recruiting,2018-09-28,Southeastern FL Group Adding OBGYN Physician,0,Healthcare & Nursing Jobs
817,All Star Recruiting,2018-09-28,Urology opportunity on the Florida Panhandle,0,Healthcare & Nursing Jobs
818,"Med Career Center, Inc",2018-09-28,Employed Internal Medicine/FP opportunity in FL,0,Healthcare & Nursing Jobs
819,"Born & Bicknell, Inc.",2018-09-28,Internal Medicine Womens Health Physician Job in Sunny South Florida,0,Healthcare & Nursing Jobs
820,"Med Career Center, Inc",2018-09-28,Central FLORIDA - HOSPITAL EMPLOYED,0,Healthcare & Nursing Jobs
821,"Med Career Center, Inc",2018-09-28,"Psychiatrist  Medical Director, METRO FL",0,Healthcare & Nursing Jobs
822,"Med Career Center, Inc",2018-09-28,Internal Medicine - Outpatient Only Florida,0,Healthcare & Nursing Jobs
823,All Star Recruiting,2018-09-28,Primary Care Physician,0,Healthcare & Nursing Jobs
824,All Star Recruiting,2018-09-28,Pediatricians needed in Boca,0,Healthcare & Nursing Jobs
825,Alliance Recruiting Resources,2018-09-28,New Hospital Opening in Florida Seeking Psychiatrist,0,Healthcare & Nursing Jobs
826,Integrity Healthcare,2018-09-28,OB/GYN Physician needed in Florida Panhandle Community,0,Healthcare & Nursing Jobs
827,All Star Recruiting,2018-09-28,Gastroenterology position in Central Florida,0,Healthcare & Nursing Jobs
828,"Med Career Center, Inc",2018-09-28,GULF COAST Internal Medicine Opportunity,0,Healthcare & Nursing Jobs
829,TeamHealth,2018-09-28,EM Travel Physician Specialty Operations,0,Healthcare & Nursing Jobs
830,"Southeast Physician Search, Inc.",2018-09-28,Lake Wells Opportunity / Near Orlando,0,Healthcare & Nursing Jobs
831,All Star Recruiting,2018-09-28,Urology opportunity on the West Coast of Florida,0,Healthcare & Nursing Jobs
832,Enterprise Medical Recruiting,2018-09-28,"Daytona Beach, FL Outpatient Primary Care Position",0,Healthcare & Nursing Jobs
833,Enterprise Medical Recruiting,2018-09-28,"FM, IM or Geriatrics needed in Delray, Tamarac, Hialeah and N Miami Beach, FL",0,Healthcare & Nursing Jobs
834,Enterprise Medical Recruiting,2018-09-28,Miami Beach - Outpatient Pediatric Position,0,Healthcare & Nursing Jobs
835,Goldfish Medical Staffing,2018-09-28,Coastal Florida Hospitalist Opportunity (12553 LH),0,Healthcare & Nursing Jobs
837,"Med Career Center, Inc",2018-09-28,Neuro Hospitalist needed in FL,0,Healthcare & Nursing Jobs
838,All Star Recruiting,2018-09-28,Urologist with 1:10 call on Florida's southern west coast,0,Healthcare & Nursing Jobs
839,MedSource Consultants,2018-09-28,Gastroenterologist,0,Healthcare & Nursing Jobs
840,Source Medical,2018-09-28,Near Multiple Metro Area - Neuro with Loan Repayment,0,Healthcare & Nursing Jobs
841,The Delta Companies,2018-09-28,Florida Beach Gastroenterology Opportunity - Apply Now - 129786,0,Healthcare & Nursing Jobs
842,BAS Healthcare,2018-09-28,Psychiatry Openings Near Miami FL,0,Healthcare & Nursing Jobs
843,The Medicus Firm,2018-09-28,Sunny Florida Urology,0,Healthcare & Nursing Jobs
844,All Star Recruiting,2018-09-28,Equidistant to two international airports gastroenterologist opportunity in Central Florida,0,Healthcare & Nursing Jobs
845,Weatherby Healthcare,2018-09-28,Gastroenterology in FL - Locums: Gastroenterologist Employment Opportunity in Florida,0,Healthcare & Nursing Jobs
846,All Star Recruiting,2018-09-28,Outstanding opportunities for Pediatricians that want to live and practice in beautiful Broward County Florida,0,Healthcare & Nursing Jobs
847,"Med Career Center, Inc",2018-09-28,Excellent opportunity in beautiful Treasure Coast,0,Healthcare & Nursing Jobs
848,Goldfish Medical Staffing,2018-09-28,Coastal Florida Urology Opportunity $500k Potential (12863 LK),0,Healthcare & Nursing Jobs
849,"Med Career Center, Inc",2018-09-28,"IM needed in Gulf Coast, FL",0,Healthcare & Nursing Jobs
850,"Clear Staffing Solutions, LLC",2018-09-28,3-Day Week with Outstanding Benefits Package,0,Healthcare & Nursing Jobs
851,"Med Career Center, Inc",2018-09-28,FL is in need of Psychiatrists ASAP,0,Healthcare & Nursing Jobs
852,"Clear Staffing Solutions, LLC",2018-09-28,"Full Benefits, 3-Day Week, NO CALL",0,Healthcare & Nursing Jobs
853,KPS Physician Staffing,2018-09-28,Orlando-Area Internal Medicine Partnership Opportunity,0,Healthcare & Nursing Jobs
854,"Med Career Center, Inc",2018-09-28,Looking for adv skilled GI for NE Coastal FL,0,Healthcare & Nursing Jobs
855,"Med Career Center, Inc",2018-09-28,Internal Medicine - NW Florida,0,Healthcare & Nursing Jobs
859,Integrity Healthcare,2018-09-28,"OB/GYN Physician - St. Augustine, Florida area",0,Healthcare & Nursing Jobs
860,Enterprise Medical Recruiting,2018-09-28,Urologist to Join Coastal Florida Practice,0,Healthcare & Nursing Jobs
861,Integrity Healthcare,2018-09-28,Neurology Physician - Florida Panhandle Coast,0,Healthcare & Nursing Jobs
862,All Star Recruiting,2018-09-28,Neurologist Needed on the Florida Emerald Coast,0,Healthcare & Nursing Jobs
863,BAS Healthcare,2018-09-28,Psychiatry in Daytona Beach,0,Healthcare & Nursing Jobs
864,All Star Recruiting,2018-09-28,Inpatient Child/Adolescent Pscychiatry opportunity on the Treasure Coast of Florida,0,Healthcare & Nursing Jobs
865,All Star Recruiting,2018-09-28,Pediatric Emergency Medicine,0,Healthcare & Nursing Jobs
866,All Star Recruiting,2018-09-28,Pediatric Endocrinology Specialist,0,Healthcare & Nursing Jobs
867,"All Medical Personnel, LLC",2018-09-28,Internal Medicine Doctor (O/P),0,Healthcare & Nursing Jobs
868,All Star Recruiting,2018-09-28,Gynecological Oncologist,0,Healthcare & Nursing Jobs
869,Weatherby Healthcare,2018-09-28,Anesthesiology in FL - Locums: A Facility in Florida is Looking for a Locum Tenens Anesthesiologist,0,Healthcare & Nursing Jobs
870,Integrity Healthcare,2018-09-28,"Primary Care Need in Daytona Beach, Florida",0,Healthcare & Nursing Jobs
871,All Star Recruiting,2018-09-28,OBGYN Position,0,Healthcare & Nursing Jobs
873,Goldfish Medical Staffing,2018-09-28,Florida Neurology Locum Tenens Assignment Available,0,Healthcare & Nursing Jobs
874,All Star Recruiting,2018-09-28,Hospital on the beautiful Gulf Coast of Florida is seeking primary care physicians,0,Healthcare & Nursing Jobs
876,NHR,2018-09-28,Urgent Care needs East Coast of Florida- From West Palm Beach up to Flagler beach,0,Healthcare & Nursing Jobs
878,Quest Healthcare Solutions,2018-09-28,Inpatient Neurology | Locum Tenens Needed in FL,0,Healthcare & Nursing Jobs
879,MDstaffers,2018-09-28,Telemedicine Psychiatrist (Florida),0,Healthcare & Nursing Jobs
880,Enterprise Medical Recruiting,2018-09-28,Fort Lauderdale - Psychiatry Need,0,Healthcare & Nursing Jobs
881,Enterprise Medical Recruiting,2018-09-28,Palm Beach County - Psychiatry Need,0,Healthcare & Nursing Jobs
882,Integrity Healthcare,2018-09-28,"Gastroenterologist - St. Augustine, Florida area",0,Healthcare & Nursing Jobs
883,Quest Healthcare Solutions,2018-09-28,Locums Intensivist Opportunity in Coastal Florida,0,Healthcare & Nursing Jobs
884,BAS Healthcare,2018-09-28,Suburbs of Orlando,0,Healthcare & Nursing Jobs
885,TNN Healthcare Solutions,2018-09-28,OB/GYN Physician Permanent Job for Health Center in Port St. Lucie Florida,0,Healthcare & Nursing Jobs
886,All Star Recruiting,2018-09-28,Central Florida Locums - Critical Care,0,Healthcare & Nursing Jobs
887,Continuum Medical Staffing,2018-09-28,Gastroenterology Fort Myers Florida,0,Healthcare & Nursing Jobs
888,All Star Recruiting,2018-09-28,Primary Care Physicians,0,Healthcare & Nursing Jobs
889,The Medicus Firm,2018-09-28,Coastal Florida GI $700K,0,Healthcare & Nursing Jobs
891,Brine Group Staffing Solutions,2018-09-28,General Psychiatrist & Medical Director needed for New Facility,0,Healthcare & Nursing Jobs
893,Jackson & Coker,2018-09-28,Central Florida Locums Job for Gastroenterology Call Coverage,0,Healthcare & Nursing Jobs
895,Weatherby Healthcare,2018-09-28,Urology in FL - Locums: Florida Medical Facility Seeks Pediatric Urologists,0,Healthcare & Nursing Jobs
896,Source Medical,2018-09-28,"Flexible scheduling, signing bonus, incentives and more on the beach",0,Healthcare & Nursing Jobs
897,BAS Healthcare,2018-09-28,North MIami - Outpatient IM,0,Healthcare & Nursing Jobs
898,All Star Recruiting,2018-09-28,Hospital employed Intensivist opportunity in Florida,0,Healthcare & Nursing Jobs
899,All Star Recruiting,2018-09-28,OBGYN wanted right outside of St. Augustine Florida,0,Healthcare & Nursing Jobs
900,All Star Recruiting,2018-09-28,Gynecology only Physician,0,Healthcare & Nursing Jobs
901,BAS Healthcare,2018-09-28,Minutes to Ft. Lauderdale - Outpatient IM,0,Healthcare & Nursing Jobs
902,All Star Recruiting,2018-09-28,Outpatient Gastroenterologist needed in SW Florida,0,Healthcare & Nursing Jobs
903,myMDCareers,2018-09-28,Internal Medicine Physician,0,Healthcare & Nursing Jobs
904,The Medicus Firm,2018-09-28,Hospital Employed Child Psychiatry,0,Healthcare & Nursing Jobs
905,Weatherby Healthcare,2018-09-28,Anesthesiology in FL - Locums: A Florida Facility is Seeking a Locum Tenens Anesthesiologist,0,Healthcare & Nursing Jobs
906,Continuum Medical Staffing,2018-09-28,Gastroenterology Hollywood Florida,0,Healthcare & Nursing Jobs
907,All Star Recruiting,2018-09-28,Urogynecologist needed in Central Florida,0,Healthcare & Nursing Jobs
908,The Medicus Firm,2018-09-28,Florida Urology $600K Package,0,Healthcare & Nursing Jobs
909,DirectShifts,2018-09-28,TelePsych in southern Florida,0,Healthcare & Nursing Jobs
910,All Star Recruiting,2018-09-28,OBGYN Physician needed in North Central Florida,0,Healthcare & Nursing Jobs
911,MedSource Consultants,2018-09-28,Medical Director,0,Healthcare & Nursing Jobs
913,MedSource Consultants,2018-09-28,Psychiatrist-Medical Director,0,Healthcare & Nursing Jobs
914,"Born & Bicknell, Inc.",2018-09-28,BE/BC Internal Medicine Hospitalist in West Coastal Florida Immediate Need,0,Healthcare & Nursing Jobs
915,"All HealthCare Staffing, LLC",2018-09-28,Gastroenterology- SW Florida,0,Healthcare & Nursing Jobs
916,Goldfish Medical Staffing,2018-09-28,Join top-rated hospital on the beautiful beaches of Florida is seeking an OB/GYN with 1/3 call (6498 PH),0,Healthcare & Nursing Jobs
917,Integrity Healthcare,2018-09-28,"Urology Physician Opening in Gulf Coast, Florida",0,Healthcare & Nursing Jobs
918,One Stop Recruiting,2018-09-28,"Physician Needed In Orlando, FL Area-Generous Salary-Great Benefits & MORE",0,Healthcare & Nursing Jobs
919,Continuum Medical Staffing,2018-09-28,Urgent Care Venice Florida,0,Healthcare & Nursing Jobs
920,Integrity Healthcare,2018-09-28,Per Diem - Urgent Care Physician in South Florida - Broward,0,Healthcare & Nursing Jobs
921,Enterprise Medical Recruiting,2018-09-28,Psychiatry - Live and Practice in the Sunshine State,0,Healthcare & Nursing Jobs
922,"Necnic Group, LLC",2018-09-28,Urgent Care Physician Opportunity in Florida,0,Healthcare & Nursing Jobs
923,myMDCareers,2018-09-28,Gastroenterologist Opportunity in Florida,0,Healthcare & Nursing Jobs
924,myMDCareers,2018-09-28,Primary Care Physicians needed for Outpatient Private Practice,0,Healthcare & Nursing Jobs
925,Goldfish Medical Staffing,2018-09-28,Florida OBGYN –Along the Gulf Coast (13308 LH),0,Healthcare & Nursing Jobs
926,All Star Recruiting,2018-09-28,Family/Internal Medicine Physician,0,Healthcare & Nursing Jobs
928,MedSource Consultants,2018-09-28,Adult/Addiction Psychiatrist,0,Healthcare & Nursing Jobs
929,All Star Recruiting,2018-09-28,Urologist needed in The Keys,0,Healthcare & Nursing Jobs
930,Integrity Healthcare,2018-09-28,Lucrative 7on / 7off Hospitalist in Central Florida,0,Healthcare & Nursing Jobs
931,All Star Recruiting,2018-09-28,Urologist in north Florida with above average MGMA and 1:10 call,0,Healthcare & Nursing Jobs
932,Gammons Group,2018-09-28,Metro North Florida - Join Established GI Group - 1:9 Call,0,Healthcare & Nursing Jobs
933,All Star Recruiting,2018-09-28,Internal Medicine Physician needed in Northern Florida,0,Healthcare & Nursing Jobs
934,Medicus Healthcare Solutions,2018-09-28,"GI Opportunity north of Orlando, FL with $400k Base Compensation",0,Healthcare & Nursing Jobs
935,Alliance Recruiting Resources,2018-09-28,Psychiatrist Needed in Florida,0,Healthcare & Nursing Jobs
936,Enterprise Medical Recruiting,2018-09-28,Coastal Florida Hospitalist Opening - Near Daytona Beach,0,Healthcare & Nursing Jobs
937,Weatherby Healthcare,2018-09-28,Gastroenterology in FL - Locums: A Facility in Florida Seeks a Temporary Gastroenterologist with No Call,0,Healthcare & Nursing Jobs
938,All Star Recruiting,2018-09-28,Urgent need for Pulmonary critical care physician along the Florida coast,0,Healthcare & Nursing Jobs
939,myMDCareers,2018-09-28,Internal Medicine Physician All Out Patient,0,Healthcare & Nursing Jobs
941,Alliance Recruiting Resources,2018-09-28,Medical Director and Staff Psychiatrist for Permanent Psychiatrist,0,Healthcare & Nursing Jobs
943,"Med Career Center, Inc",2018-09-28,Metro Miami Opportunity,0,Healthcare & Nursing Jobs
944,"Med Career Center, Inc",2018-09-28,IM position in NE FL,0,Healthcare & Nursing Jobs
945,"Med Career Center, Inc",2018-09-28,GI needed in ORLANDO Area,0,Healthcare & Nursing Jobs
946,"Med Career Center, Inc",2018-09-28,GI needed in FL,0,Healthcare & Nursing Jobs
947,"Med Career Center, Inc",2018-09-28,Easy Access to Jacksonville,0,Healthcare & Nursing Jobs
948,Integrity Healthcare,2018-09-28,"Russian Speaking Outpatient Internal Medicine Physician - Aventura, Florida",0,Healthcare & Nursing Jobs
949,"Med Career Center, Inc",2018-09-28,"JACKSONVILLE, FL - OBGYN opportunity",0,Healthcare & Nursing Jobs
